date,redtide_pp,redtide_honda
12 31 2016,0,0
01 1 2017,0,0
01 2 2017,0,0
01 3 2017,0,0
01 4 2017,0,0
01 5 2017,0,0
01 6 2017,0,0
01 7 2017,0,0
01 8 2017,0,0
01 9 2017,0,0
01 10 2017,0,0
01 11 2017,0,0
01 12 2017,0,0
01 13 2017,0,0
01 14 2017,0,0
01 15 2017,0,0
01 16 2017,0,0
01 17 2017,0,0
01 18 2017,0,0
01 19 2017,0,0
01 20 2017,0,0
01 21 2017,0,0
01 22 2017,0,0
01 23 2017,0,0
01 24 2017,0,0
01 25 2017,0,0
01 26 2017,0,0
01 27 2017,0,0
01 28 2017,0,0
01 29 2017,0,0
01 30 2017,1,0
01 31 2017,1,0
02 1 2017,1,0
02 2 2017,1,0
02 3 2017,1,0
02 4 2017,1,0
02 5 2017,1,0
02 6 2017,1,0
02 7 2017,1,0
02 8 2017,1,0
02 9 2017,1,0
02 10 2017,1,0
02 11 2017,1,0
02 12 2017,1,0
02 13 2017,1,0
02 14 2017,1,0
02 15 2017,1,0
02 16 2017,1,0
02 17 2017,1,0
02 18 2017,1,0
02 19 2017,1,0
02 20 2017,1,0
02 21 2017,1,0
02 22 2017,1,0
02 23 2017,1,0
02 24 2017,1,0
02 25 2017,1,0
02 26 2017,1,0
02 27 2017,1,0
02 28 2017,1,0
03 1 2017,1,0
03 2 2017,1,0
03 3 2017,1,0
03 4 2017,1,0
03 5 2017,1,0
03 6 2017,1,0
03 7 2017,1,0
03 8 2017,0,0
03 9 2017,0,0
03 10 2017,0,0
03 11 2017,0,0
03 12 2017,0,0
03 13 2017,0,0
03 14 2017,0,0
03 15 2017,0,0
03 16 2017,0,0
03 17 2017,0,0
03 18 2017,0,0
03 19 2017,0,0
03 20 2017,0,0
03 21 2017,0,0
03 22 2017,0,0
03 23 2017,0,0
03 24 2017,0,0
03 25 2017,0,0
03 26 2017,0,0
03 27 2017,0,0
03 28 2017,0,0
03 29 2017,0,0
03 30 2017,0,0
03 31 2017,0,0
04 1 2017,0,0
04 2 2017,0,0
04 3 2017,0,0
04 4 2017,0,0
04 5 2017,0,0
04 6 2017,0,0
04 7 2017,0,0
04 8 2017,0,0
04 9 2017,0,0
04 10 2017,0,0
04 11 2017,0,0
04 12 2017,0,0
04 13 2017,0,0
04 14 2017,0,0
04 15 2017,0,0
04 16 2017,0,0
04 17 2017,0,0
04 18 2017,0,0
04 19 2017,0,0
04 20 2017,0,0
04 21 2017,0,0
04 22 2017,0,0
04 23 2017,0,0
04 24 2017,0,0
04 25 2017,0,0
04 26 2017,0,0
04 27 2017,0,0
04 28 2017,0,0
04 29 2017,0,0
04 30 2017,0,0
05 1 2017,0,0
05 2 2017,0,0
05 3 2017,0,0
05 4 2017,0,0
05 5 2017,0,0
05 6 2017,0,0
05 7 2017,0,0
05 8 2017,0,0
05 9 2017,0,0
05 10 2017,0,0
05 11 2017,0,0
05 12 2017,0,0
05 13 2017,0,0
05 14 2017,0,0
05 15 2017,0,0
05 16 2017,0,0
05 17 2017,0,0
05 18 2017,0,0
05 19 2017,0,0
05 20 2017,0,0
05 21 2017,0,0
05 22 2017,0,0
05 23 2017,0,0
05 24 2017,0,0
05 25 2017,0,0
05 26 2017,0,0
05 27 2017,0,0
05 28 2017,0,0
05 29 2017,0,0
05 30 2017,0,0
05 31 2017,0,0
06 1 2017,0,0
06 2 2017,0,0
06 3 2017,0,0
06 4 2017,0,0
06 5 2017,0,0
06 6 2017,0,0
06 7 2017,0,0
06 8 2017,0,0
06 9 2017,0,0
06 10 2017,0,0
06 11 2017,0,0
06 12 2017,0,0
06 13 2017,0,0
06 14 2017,0,0
06 15 2017,0,0
06 16 2017,0,0
06 17 2017,0,0
06 18 2017,0,0
06 19 2017,0,0
06 20 2017,0,0
06 21 2017,0,0
06 22 2017,0,0
06 23 2017,0,0
06 24 2017,0,0
06 25 2017,0,0
06 26 2017,0,0
06 27 2017,0,0
06 28 2017,0,0
06 29 2017,0,0
06 30 2017,0,0
07 1 2017,0,0
07 2 2017,0,0
07 3 2017,1,0
07 4 2017,1,0
07 5 2017,1,0
07 6 2017,1,0
07 7 2017,1,0
07 8 2017,1,0
07 9 2017,1,0
07 10 2017,1,0
07 11 2017,1,0
07 12 2017,1,0
07 13 2017,1,0
07 14 2017,1,0
07 15 2017,1,0
07 16 2017,1,0
07 17 2017,1,0
07 18 2017,1,0
07 19 2017,1,0
07 20 2017,1,0
07 21 2017,1,0
07 22 2017,1,0
07 23 2017,1,0
07 24 2017,1,0
07 25 2017,1,0
07 26 2017,1,0
07 27 2017,1,0
07 28 2017,1,0
07 29 2017,1,0
07 30 2017,1,0
07 31 2017,1,0
08 1 2017,1,0
08 2 2017,1,0
08 3 2017,1,0
08 4 2017,1,0
08 5 2017,1,0
08 6 2017,1,0
08 7 2017,1,0
08 8 2017,1,0
08 9 2017,1,0
08 10 2017,1,0
08 11 2017,1,0
08 12 2017,1,0
08 13 2017,1,0
08 14 2017,1,0
08 15 2017,1,0
08 16 2017,1,0
08 17 2017,1,0
08 18 2017,1,0
08 19 2017,1,0
08 20 2017,1,0
08 21 2017,1,0
08 22 2017,1,0
08 23 2017,1,0
08 24 2017,1,0
08 25 2017,1,0
08 26 2017,1,0
08 27 2017,1,0
08 28 2017,1,0
08 29 2017,1,0
08 30 2017,1,0
08 31 2017,1,0
09 1 2017,1,0
09 2 2017,1,0
09 3 2017,1,0
09 4 2017,1,0
09 5 2017,1,0
09 6 2017,1,0
09 7 2017,1,0
09 8 2017,1,0
09 9 2017,1,0
09 10 2017,1,0
09 11 2017,1,0
09 12 2017,1,0
09 13 2017,1,0
09 14 2017,1,0
09 15 2017,1,0
09 16 2017,1,0
09 17 2017,1,0
09 18 2017,1,0
09 19 2017,1,0
09 20 2017,1,0
09 21 2017,1,0
09 22 2017,1,0
09 23 2017,1,0
09 24 2017,1,0
09 25 2017,1,0
09 26 2017,1,0
09 27 2017,1,0
09 28 2017,1,0
09 29 2017,1,0
09 30 2017,1,0
10 1 2017,1,0
10 2 2017,1,0
10 3 2017,1,0
10 4 2017,1,0
10 5 2017,1,0
10 6 2017,1,0
10 7 2017,1,0
10 8 2017,1,0
10 9 2017,1,0
10 10 2017,1,0
10 11 2017,1,0
10 12 2017,1,0
10 13 2017,1,0
10 14 2017,1,0
10 15 2017,1,0
10 16 2017,1,0
10 17 2017,1,0
10 18 2017,1,0
10 19 2017,1,0
10 20 2017,1,0
10 21 2017,1,0
10 22 2017,1,0
10 23 2017,1,0
10 24 2017,1,0
10 25 2017,1,0
10 26 2017,1,0
10 27 2017,1,0
10 28 2017,1,0
10 29 2017,1,0
10 30 2017,1,0
10 31 2017,1,0
11 1 2017,1,0
11 2 2017,1,0
11 3 2017,1,0
11 4 2017,1,0
11 5 2017,1,0
11 6 2017,1,0
11 7 2017,1,0
11 8 2017,1,0
11 9 2017,1,0
11 10 2017,1,0
11 11 2017,1,0
11 12 2017,1,0
11 13 2017,1,0
11 14 2017,1,0
11 15 2017,1,0
11 16 2017,1,0
11 17 2017,1,0
11 18 2017,1,0
11 19 2017,1,0
11 20 2017,1,0
11 21 2017,1,0
11 22 2017,1,0
11 23 2017,1,0
11 24 2017,1,0
11 25 2017,1,0
11 26 2017,1,0
11 27 2017,1,0
11 28 2017,1,0
11 29 2017,1,0
11 30 2017,1,0
12 1 2017,0,0
12 2 2017,0,0
12 3 2017,0,0
12 4 2017,0,0
12 5 2017,0,1
12 6 2017,0,1
12 7 2017,0,1
12 8 2017,0,1
12 9 2017,0,1
12 10 2017,0,1
12 11 2017,0,1
12 12 2017,0,1
12 13 2017,0,1
12 14 2017,0,1
12 15 2017,0,1
12 16 2017,0,1
12 17 2017,0,1
12 18 2017,0,1
12 19 2017,0,1
12 20 2017,0,1
12 21 2017,0,1
12 22 2017,0,1
12 23 2017,0,1
12 24 2017,0,1
12 25 2017,0,1
12 26 2017,0,1
12 27 2017,0,1
12 28 2017,0,1
12 29 2017,0,1
12 30 2017,0,1
12 31 2017,0,1
01 1 2018,0,1
01 2 2018,0,1
01 3 2018,0,1
01 4 2018,0,1
01 5 2018,0,1
01 6 2018,0,1
01 7 2018,0,1
01 8 2018,0,1
01 9 2018,0,1
01 10 2018,0,1
01 11 2018,0,1
01 12 2018,0,1
01 13 2018,0,1
01 14 2018,0,1
01 15 2018,0,1
01 16 2018,0,1
01 17 2018,0,1
01 18 2018,0,1
01 19 2018,0,1
01 20 2018,0,1
01 21 2018,0,1
01 22 2018,0,1
01 23 2018,0,1
01 24 2018,0,1
01 25 2018,0,1
01 26 2018,0,1
01 27 2018,0,1
01 28 2018,0,1
01 29 2018,0,1
01 30 2018,0,1
01 31 2018,0,1
02 1 2018,0,1
02 2 2018,0,1
02 3 2018,0,1
02 4 2018,0,1
02 5 2018,0,1
02 6 2018,0,1
02 7 2018,0,1
02 8 2018,0,1
02 9 2018,0,1
02 10 2018,0,1
02 11 2018,0,1
02 12 2018,0,1
02 13 2018,0,1
02 14 2018,0,1
02 15 2018,0,1
02 16 2018,0,1
02 17 2018,0,1
02 18 2018,0,1
02 19 2018,0,1
02 20 2018,0,1
02 21 2018,0,1
02 22 2018,0,1
02 23 2018,0,1
02 24 2018,0,1
02 25 2018,0,1
02 26 2018,0,1
02 27 2018,0,1
02 28 2018,0,1
03 1 2018,0,1
03 2 2018,0,1
03 3 2018,0,1
03 4 2018,0,1
03 5 2018,0,1
03 6 2018,0,1
03 7 2018,0,0
03 8 2018,0,0
03 9 2018,0,0
03 10 2018,0,0
03 11 2018,0,0
03 12 2018,0,0
03 13 2018,0,0
03 14 2018,0,0
03 15 2018,0,0
03 16 2018,0,0
03 17 2018,0,0
03 18 2018,0,0
03 19 2018,0,0
03 20 2018,0,1
03 21 2018,0,1
03 22 2018,0,1
03 23 2018,0,1
03 24 2018,0,1
03 25 2018,0,1
03 26 2018,0,1
03 27 2018,0,1
03 28 2018,0,1
03 29 2018,0,1
03 30 2018,0,1
03 31 2018,0,1
04 1 2018,0,1
04 2 2018,0,1
04 3 2018,0,1
04 4 2018,0,1
04 5 2018,0,1
04 6 2018,0,1
04 7 2018,0,1
04 8 2018,0,1
04 9 2018,0,1
04 10 2018,0,1
04 11 2018,0,1
04 12 2018,0,1
04 13 2018,0,1
04 14 2018,0,1
04 15 2018,0,1
04 16 2018,0,1
04 17 2018,0,1
04 18 2018,0,1
04 19 2018,0,1
04 20 2018,0,1
04 21 2018,0,1
04 22 2018,0,1
04 23 2018,0,1
04 24 2018,0,1
04 25 2018,0,1
04 26 2018,0,1
04 27 2018,0,1
04 28 2018,0,1
04 29 2018,0,1
04 30 2018,0,1
05 1 2018,0,1
05 2 2018,0,1
05 3 2018,0,1
05 4 2018,0,1
05 5 2018,0,1
05 6 2018,0,1
05 7 2018,0,1
05 8 2018,0,1
05 9 2018,0,1
05 10 2018,0,1
05 11 2018,0,1
05 12 2018,0,1
05 13 2018,0,1
05 14 2018,0,1
05 15 2018,0,1
05 16 2018,0,1
05 17 2018,0,1
05 18 2018,0,1
05 19 2018,0,1
05 20 2018,0,1
05 21 2018,0,1
05 22 2018,0,1
05 23 2018,0,1
05 24 2018,0,1
05 25 2018,0,1
05 26 2018,0,1
05 27 2018,0,1
05 28 2018,0,1
05 29 2018,0,1
05 30 2018,0,1
05 31 2018,0,1
06 1 2018,0,1
06 2 2018,0,1
06 3 2018,0,1
06 4 2018,0,1
06 5 2018,0,1
06 6 2018,0,1
06 7 2018,0,1
06 8 2018,0,1
06 9 2018,0,1
06 10 2018,0,1
06 11 2018,0,1
06 12 2018,0,1
06 13 2018,0,1
06 14 2018,0,1
06 15 2018,0,1
06 16 2018,0,1
06 17 2018,0,1
06 18 2018,0,1
06 19 2018,0,1
06 20 2018,0,1
06 21 2018,0,1
06 22 2018,0,1
06 23 2018,0,1
06 24 2018,0,1
06 25 2018,1,1
06 26 2018,1,1
06 27 2018,1,1
06 28 2018,1,1
06 29 2018,1,1
06 30 2018,1,1
07 1 2018,1,1
07 2 2018,1,1
07 3 2018,1,1
07 4 2018,1,1
07 5 2018,1,1
07 6 2018,1,1
07 7 2018,1,1
07 8 2018,1,1
07 9 2018,1,1
07 10 2018,1,1
07 11 2018,1,1
07 12 2018,1,1
07 13 2018,1,1
07 14 2018,1,1
07 15 2018,1,1
07 16 2018,1,1
07 17 2018,1,1
07 18 2018,1,1
07 19 2018,1,1
07 20 2018,1,1
07 21 2018,1,1
07 22 2018,1,1
07 23 2018,1,1
07 24 2018,1,1
07 25 2018,1,1
07 26 2018,1,1
07 27 2018,1,1
07 28 2018,1,1
07 29 2018,1,1
07 30 2018,1,1
07 31 2018,1,1
08 1 2018,1,1
08 2 2018,1,1
08 3 2018,1,1
08 4 2018,1,1
08 5 2018,1,1
08 6 2018,1,1
08 7 2018,1,1
08 8 2018,1,1
08 9 2018,1,1
08 10 2018,1,1
08 11 2018,1,1
08 12 2018,1,1
08 13 2018,1,1
08 14 2018,1,1
08 15 2018,1,1
08 16 2018,1,1
08 17 2018,1,1
08 18 2018,1,1
08 19 2018,1,1
08 20 2018,1,1
08 21 2018,1,1
08 22 2018,1,1
08 23 2018,1,1
08 24 2018,1,1
08 25 2018,1,1
08 26 2018,1,1
08 27 2018,1,1
08 28 2018,1,1
08 29 2018,1,1
08 30 2018,1,1
08 31 2018,1,1
09 1 2018,1,1
09 2 2018,1,1
09 3 2018,1,1
09 4 2018,1,1
09 5 2018,1,1
09 6 2018,1,1
09 7 2018,1,1
09 8 2018,1,1
09 9 2018,1,1
09 10 2018,1,1
09 11 2018,1,1
09 12 2018,1,1
09 13 2018,1,1
09 14 2018,1,1
09 15 2018,1,1
09 16 2018,1,1
09 17 2018,1,1
09 18 2018,1,1
09 19 2018,1,1
09 20 2018,1,1
09 21 2018,1,1
09 22 2018,1,1
09 23 2018,1,1
09 24 2018,1,1
09 25 2018,0,0
09 26 2018,0,0
09 27 2018,0,0
09 28 2018,0,0
09 29 2018,0,0
09 30 2018,0,0
10 1 2018,0,0
10 2 2018,0,0
10 3 2018,0,0
10 4 2018,0,0
10 5 2018,0,0
10 6 2018,0,0
10 7 2018,0,0
10 8 2018,0,0
10 9 2018,0,0
10 10 2018,0,0
10 11 2018,0,0
10 12 2018,0,0
10 13 2018,0,0
10 14 2018,0,0
10 15 2018,0,0
10 16 2018,0,0
10 17 2018,0,0
10 18 2018,0,0
10 19 2018,0,0
10 20 2018,0,0
10 21 2018,0,0
10 22 2018,0,0
10 23 2018,0,0
10 24 2018,0,0
10 25 2018,0,0
10 26 2018,0,0
10 27 2018,0,0
10 28 2018,0,0
10 29 2018,0,0
10 30 2018,0,0
10 31 2018,0,0
11 1 2018,0,0
11 2 2018,0,0
11 3 2018,0,0
11 4 2018,0,0
11 5 2018,0,0
11 6 2018,0,0
11 7 2018,0,0
11 8 2018,1,0
11 9 2018,1,0
11 10 2018,1,0
11 11 2018,1,0
11 12 2018,1,0
11 13 2018,1,0
11 14 2018,1,0
11 15 2018,1,0
11 16 2018,1,0
11 17 2018,1,0
11 18 2018,1,0
11 19 2018,1,0
11 20 2018,1,0
11 21 2018,1,0
11 22 2018,1,0
11 23 2018,1,0
11 24 2018,1,0
11 25 2018,1,0
11 26 2018,1,0
11 27 2018,1,0
11 28 2018,1,0
11 29 2018,1,0
11 30 2018,1,0
12 1 2018,1,0
12 2 2018,1,0
12 3 2018,1,0
12 4 2018,1,0
12 5 2018,1,0
12 6 2018,1,0
12 7 2018,1,0
12 8 2018,1,0
12 9 2018,1,0
12 10 2018,1,0
12 11 2018,1,0
12 12 2018,1,0
12 13 2018,1,0
12 14 2018,1,0
12 15 2018,1,0
12 16 2018,1,0
12 17 2018,1,0
12 18 2018,1,0
12 19 2018,1,0
12 20 2018,1,0
12 21 2018,1,0
12 22 2018,1,0
12 23 2018,1,0
12 24 2018,1,0
12 25 2018,1,0
12 26 2018,1,0
12 27 2018,1,0
12 28 2018,1,0
12 29 2018,1,0
12 30 2018,1,0
12 31 2018,1,0
01 1 2019,1,0
01 2 2019,1,0
01 3 2019,1,0
01 4 2019,1,0
01 5 2019,1,0
01 6 2019,1,0
01 7 2019,1,0
01 8 2019,1,0
01 9 2019,1,0
01 10 2019,1,0
01 11 2019,1,0
01 12 2019,1,0
01 13 2019,1,0
01 14 2019,1,0
01 15 2019,1,0
01 16 2019,1,0
01 17 2019,1,0
01 18 2019,1,0
01 19 2019,1,0
01 20 2019,1,0
01 21 2019,1,0
01 22 2019,1,0
01 23 2019,1,0
01 24 2019,1,0
01 25 2019,1,0
01 26 2019,1,0
01 27 2019,1,0
01 28 2019,1,0
01 29 2019,1,0
01 30 2019,1,0
01 31 2019,1,0
02 1 2019,1,0
02 2 2019,1,0
02 3 2019,1,0
02 4 2019,1,0
02 5 2019,1,0
02 6 2019,1,0
02 7 2019,0,0
02 8 2019,0,0
02 9 2019,0,0
02 10 2019,0,0
02 11 2019,0,0
02 12 2019,0,0
02 13 2019,0,0
02 14 2019,0,0
02 15 2019,0,0
02 16 2019,0,0
02 17 2019,0,0
02 18 2019,0,0
02 19 2019,0,0
02 20 2019,0,0
02 21 2019,0,0
02 22 2019,0,0
02 23 2019,0,0
02 24 2019,0,0
02 25 2019,0,0
02 26 2019,0,0
02 27 2019,0,0
02 28 2019,0,0
03 1 2019,0,0
03 2 2019,0,0
03 3 2019,0,0
03 4 2019,0,0
03 5 2019,0,0
03 6 2019,0,0
03 7 2019,0,0
03 8 2019,0,0
03 9 2019,0,0
03 10 2019,0,0
03 11 2019,0,0
03 12 2019,0,0
03 13 2019,0,0
03 14 2019,0,0
03 15 2019,0,0
03 16 2019,0,0
03 17 2019,0,0
03 18 2019,0,0
03 19 2019,0,0
03 20 2019,0,0
03 21 2019,0,0
03 22 2019,0,0
03 23 2019,0,0
03 24 2019,0,0
03 25 2019,0,0
03 26 2019,0,0
03 27 2019,0,0
03 28 2019,0,0
03 29 2019,0,0
03 30 2019,0,0
03 31 2019,0,0
04 1 2019,0,0
04 2 2019,0,0
04 3 2019,0,0
04 4 2019,0,0
04 5 2019,0,0
04 6 2019,0,0
04 7 2019,0,0
04 8 2019,0,0
04 9 2019,0,0
04 10 2019,0,0
04 11 2019,0,0
04 12 2019,0,0
04 13 2019,0,0
04 14 2019,0,0
04 15 2019,0,0
04 16 2019,0,0
04 17 2019,0,0
04 18 2019,0,0
04 19 2019,0,0
04 20 2019,0,0
04 21 2019,0,0
04 22 2019,0,0
04 23 2019,0,0
04 24 2019,0,0
04 25 2019,0,0
04 26 2019,0,0
04 27 2019,0,0
04 28 2019,0,0
04 29 2019,0,0
04 30 2019,0,0
05 1 2019,0,0
05 2 2019,0,0
05 3 2019,0,0
05 4 2019,0,0
05 5 2019,0,0
05 6 2019,0,0
05 7 2019,0,0
05 8 2019,0,0
05 9 2019,0,0
05 10 2019,0,0
05 11 2019,0,0
05 12 2019,0,0
05 13 2019,0,0
05 14 2019,0,0
05 15 2019,0,0
05 16 2019,0,0
05 17 2019,0,0
05 18 2019,0,0
05 19 2019,0,0
05 20 2019,0,0
05 21 2019,0,0
05 22 2019,0,0
05 23 2019,0,0
05 24 2019,0,0
05 25 2019,0,0
05 26 2019,0,0
05 27 2019,0,0
05 28 2019,0,0
05 29 2019,0,0
05 30 2019,0,0
05 31 2019,0,0
06 1 2019,0,0
06 2 2019,0,0
06 3 2019,0,0
06 4 2019,0,0
06 5 2019,0,0
06 6 2019,0,0
06 7 2019,0,0
06 8 2019,0,0
06 9 2019,0,0
06 10 2019,0,0
06 11 2019,0,0
06 12 2019,0,0
06 13 2019,0,0
06 14 2019,0,0
06 15 2019,0,0
06 16 2019,0,0
06 17 2019,0,0
06 18 2019,0,0
06 19 2019,0,0
06 20 2019,0,0
06 21 2019,0,0
06 22 2019,0,0
06 23 2019,0,0
06 24 2019,0,0
06 25 2019,0,0
06 26 2019,0,0
06 27 2019,0,0
06 28 2019,0,0
06 29 2019,0,0
06 30 2019,0,0
07 1 2019,0,0
07 2 2019,0,0
07 3 2019,0,0
07 4 2019,0,0
07 5 2019,0,0
07 6 2019,0,0
07 7 2019,0,0
07 8 2019,0,0
07 9 2019,0,0
07 10 2019,0,0
07 11 2019,0,0
07 12 2019,0,0
07 13 2019,0,0
07 14 2019,0,0
07 15 2019,0,0
07 16 2019,0,0
07 17 2019,0,0
07 18 2019,0,0
07 19 2019,0,0
07 20 2019,0,0
07 21 2019,0,0
07 22 2019,0,0
07 23 2019,0,0
07 24 2019,1,0
07 25 2019,1,0
07 26 2019,1,0
07 27 2019,1,0
07 28 2019,1,0
07 29 2019,1,0
07 30 2019,1,0
07 31 2019,1,0
08 1 2019,1,0
08 2 2019,1,0
08 3 2019,1,0
08 4 2019,1,0
08 5 2019,1,0
08 6 2019,1,0
08 7 2019,1,0
08 8 2019,1,0
08 9 2019,1,0
08 10 2019,1,0
08 11 2019,1,0
08 12 2019,1,0
08 13 2019,1,0
08 14 2019,1,0
08 15 2019,1,0
08 16 2019,1,0
08 17 2019,1,0
08 18 2019,1,0
08 19 2019,1,0
08 20 2019,1,0
08 21 2019,1,0
08 22 2019,1,0
08 23 2019,1,0
08 24 2019,1,0
08 25 2019,1,0
08 26 2019,1,0
08 27 2019,1,0
08 28 2019,1,0
08 29 2019,1,0
08 30 2019,1,0
08 31 2019,1,0
09 1 2019,1,0
09 2 2019,1,0
09 3 2019,1,0
09 4 2019,1,0
09 5 2019,1,0
09 6 2019,1,0
09 7 2019,1,0
09 8 2019,1,0
09 9 2019,1,0
09 10 2019,1,0
09 11 2019,1,0
09 12 2019,1,0
09 13 2019,1,0
09 14 2019,1,0
09 15 2019,1,0
09 16 2019,1,0
09 17 2019,1,0
09 18 2019,1,0
09 19 2019,1,0
09 20 2019,1,0
09 21 2019,1,0
09 22 2019,1,0
09 23 2019,1,0
09 24 2019,1,0
09 25 2019,1,0
09 26 2019,1,0
09 27 2019,1,0
09 28 2019,1,0
09 29 2019,1,0
09 30 2019,1,0
10 1 2019,1,0
10 2 2019,1,0
10 3 2019,1,0
10 4 2019,1,0
10 5 2019,1,0
10 6 2019,1,0
10 7 2019,1,0
10 8 2019,1,0
10 9 2019,1,0
10 10 2019,1,0
10 11 2019,1,0
10 12 2019,1,0
10 13 2019,1,0
10 14 2019,1,0
10 15 2019,1,0
10 16 2019,1,0
10 17 2019,1,0
10 18 2019,1,0
10 19 2019,1,0
10 20 2019,1,0
10 21 2019,1,0
10 22 2019,1,0
10 23 2019,1,0
10 24 2019,1,0
10 25 2019,1,0
10 26 2019,1,0
10 27 2019,1,0
10 28 2019,1,0
10 29 2019,1,0
10 30 2019,1,0
10 31 2019,1,0
11 1 2019,1,0
11 2 2019,1,0
11 3 2019,1,0
11 4 2019,1,0
11 5 2019,1,0
11 6 2019,1,0
11 7 2019,1,0
11 8 2019,1,0
11 9 2019,1,0
11 10 2019,1,0
11 11 2019,1,0
11 12 2019,1,0
11 13 2019,1,0
11 14 2019,1,0
11 15 2019,1,0
11 16 2019,1,0
11 17 2019,1,0
11 18 2019,1,0
11 19 2019,1,0
11 20 2019,1,0
11 21 2019,1,0
11 22 2019,1,0
11 23 2019,1,0
11 24 2019,1,0
11 25 2019,1,0
11 26 2019,1,0
11 27 2019,1,0
11 28 2019,1,0
11 29 2019,1,0
11 30 2019,1,0
12 1 2019,1,0
12 2 2019,1,0
12 3 2019,1,0
12 4 2019,1,0
12 5 2019,1,0
12 6 2019,1,0
12 7 2019,1,0
12 8 2019,1,0
12 9 2019,1,0
12 10 2019,1,0
12 11 2019,1,0
12 12 2019,1,0
12 13 2019,1,0
12 14 2019,1,0
12 15 2019,1,0
12 16 2019,1,0
12 17 2019,1,0
12 18 2019,1,0
12 19 2019,1,0
12 20 2019,1,0
12 21 2019,1,0
12 22 2019,1,0
12 23 2019,1,0
12 24 2019,1,0
12 25 2019,1,0
12 26 2019,1,0
12 27 2019,1,0
12 28 2019,1,0
12 29 2019,1,0
12 30 2019,1,0
12 31 2019,1,0
01 1 2020,1,0
01 2 2020,1,0
01 3 2020,1,0
01 4 2020,1,0
01 5 2020,1,0
01 6 2020,1,0
01 7 2020,1,0
01 8 2020,1,0
01 9 2020,1,0
01 10 2020,1,0
01 11 2020,1,0
01 12 2020,1,0
01 13 2020,1,0
01 14 2020,1,0
01 15 2020,1,0
01 16 2020,1,0
01 17 2020,1,0
01 18 2020,1,0
01 19 2020,1,0
01 20 2020,1,0
01 21 2020,1,0
01 22 2020,1,0
01 23 2020,1,0
01 24 2020,1,0
01 25 2020,1,0
01 26 2020,1,0
01 27 2020,1,0
01 28 2020,1,0
01 29 2020,1,0
01 30 2020,1,0
01 31 2020,1,0
02 1 2020,1,0
02 2 2020,1,0
02 3 2020,1,0
02 4 2020,1,0
02 5 2020,1,0
02 6 2020,1,0
02 7 2020,1,0
02 8 2020,1,0
02 9 2020,1,0
02 10 2020,1,0
02 11 2020,1,0
02 12 2020,1,0
02 13 2020,1,0
02 14 2020,1,0
02 15 2020,1,0
02 16 2020,1,0
02 17 2020,1,0
02 18 2020,1,0
02 19 2020,1,0
02 20 2020,1,0
02 21 2020,0,0
02 22 2020,0,0
02 23 2020,0,0
02 24 2020,0,0
02 25 2020,0,0
02 26 2020,0,0
02 27 2020,0,0
02 28 2020,0,0
02 29 2020,0,0
03 1 2020,0,0
03 2 2020,0,0
03 3 2020,0,0
03 4 2020,0,0
03 5 2020,0,0
03 6 2020,0,0
03 7 2020,0,0
03 8 2020,0,0
03 9 2020,0,0
03 10 2020,0,0
03 11 2020,0,0
03 12 2020,0,0
03 13 2020,0,0
03 14 2020,0,0
03 15 2020,0,0
03 16 2020,0,0
03 17 2020,0,0
03 18 2020,0,0
03 19 2020,0,0
03 20 2020,0,0
03 21 2020,0,0
03 22 2020,0,0
03 23 2020,0,0
03 24 2020,0,0
03 25 2020,0,0
03 26 2020,0,0
03 27 2020,0,0
03 28 2020,0,0
03 29 2020,0,0
03 30 2020,0,0
03 31 2020,0,0
04 1 2020,0,0
04 2 2020,0,0
04 3 2020,0,0
04 4 2020,0,0
04 5 2020,0,0
04 6 2020,0,0
04 7 2020,0,0
04 8 2020,0,0
04 9 2020,0,0
04 10 2020,0,0
04 11 2020,0,0
04 12 2020,0,0
04 13 2020,0,0
04 14 2020,0,0
04 15 2020,0,0
04 16 2020,0,0
04 17 2020,0,0
04 18 2020,0,0
04 19 2020,0,0
04 20 2020,0,0
04 21 2020,0,0
04 22 2020,0,0
04 23 2020,0,0
04 24 2020,0,0
04 25 2020,0,0
04 26 2020,0,0
04 27 2020,0,0
04 28 2020,0,0
04 29 2020,0,0
04 30 2020,0,0
05 1 2020,0,0
05 2 2020,0,0
05 3 2020,0,0
05 4 2020,0,0
05 5 2020,0,0
05 6 2020,0,0
05 7 2020,0,0
05 8 2020,0,0
05 9 2020,0,0
05 10 2020,0,0
05 11 2020,0,0
05 12 2020,0,0
05 13 2020,0,0
05 14 2020,0,0
05 15 2020,0,0
05 16 2020,0,0
05 17 2020,0,0
05 18 2020,0,0
05 19 2020,0,0
05 20 2020,0,0
05 21 2020,0,0
05 22 2020,0,0
05 23 2020,0,0
05 24 2020,0,0
05 25 2020,0,0
05 26 2020,0,0
05 27 2020,0,0
05 28 2020,0,0
05 29 2020,0,0
05 30 2020,0,0
05 31 2020,0,0
06 1 2020,0,0
06 2 2020,0,0
06 3 2020,0,0
06 4 2020,0,0
06 5 2020,0,0
06 6 2020,0,0
06 7 2020,0,0
06 8 2020,0,0
06 9 2020,0,0
06 10 2020,0,0
06 11 2020,0,0
06 12 2020,0,0
06 13 2020,0,0
06 14 2020,0,0
06 15 2020,0,0
06 16 2020,0,0
06 17 2020,0,0
06 18 2020,0,0
06 19 2020,0,0
06 20 2020,0,0
06 21 2020,0,0
06 22 2020,0,1
06 23 2020,0,1
06 24 2020,0,1
06 25 2020,0,1
06 26 2020,0,1
06 27 2020,0,1
06 28 2020,0,1
06 29 2020,0,1
06 30 2020,0,1
07 1 2020,0,1
07 2 2020,0,1
07 3 2020,0,1
07 4 2020,0,1
07 5 2020,0,1
07 6 2020,0,1
07 7 2020,0,1
07 8 2020,0,1
07 9 2020,0,1
07 10 2020,0,1
07 11 2020,0,1
07 12 2020,0,1
07 13 2020,0,1
07 14 2020,0,1
07 15 2020,0,1
07 16 2020,0,1
07 17 2020,0,1
07 18 2020,0,1
07 19 2020,0,1
07 20 2020,0,0
07 21 2020,0,0
07 22 2020,0,0
07 23 2020,0,0
07 24 2020,0,0
07 25 2020,0,0
07 26 2020,0,0
07 27 2020,0,0
07 28 2020,0,0
07 29 2020,0,0
07 30 2020,0,0
07 31 2020,0,0
08 1 2020,0,0
08 2 2020,0,0
08 3 2020,0,0
08 4 2020,0,0
08 5 2020,0,0
08 6 2020,0,0
08 7 2020,0,0
08 8 2020,0,0
08 9 2020,0,0
08 10 2020,0,0
08 11 2020,0,0
08 12 2020,0,0
08 13 2020,0,0
08 14 2020,0,0
08 15 2020,0,0
08 16 2020,0,0
08 17 2020,0,0
08 18 2020,0,0
08 19 2020,0,0
08 20 2020,0,0
08 21 2020,0,0
08 22 2020,0,0
08 23 2020,0,0
08 24 2020,0,0
08 25 2020,1,0
08 26 2020,1,0
08 27 2020,1,0
08 28 2020,1,0
08 29 2020,1,0
08 30 2020,1,0
08 31 2020,1,0
09 1 2020,1,0
09 2 2020,1,0
09 3 2020,1,0
09 4 2020,1,0
09 5 2020,1,0
09 6 2020,1,0
09 7 2020,1,0
09 8 2020,1,0
09 9 2020,1,0
09 10 2020,1,0
09 11 2020,1,0
09 12 2020,1,0
09 13 2020,1,0
09 14 2020,1,0
09 15 2020,1,0
09 16 2020,1,0
09 17 2020,1,0
09 18 2020,1,0
09 19 2020,1,0
09 20 2020,1,0
09 21 2020,1,0
09 22 2020,1,0
09 23 2020,1,0
09 24 2020,1,0
09 25 2020,1,0
09 26 2020,1,0
09 27 2020,1,0
09 28 2020,1,0
09 29 2020,1,0
09 30 2020,1,0
10 1 2020,1,0
10 2 2020,1,0
10 3 2020,1,0
10 4 2020,1,0
10 5 2020,1,0
10 6 2020,1,0
10 7 2020,1,0
10 8 2020,1,0
10 9 2020,1,0
10 10 2020,1,0
10 11 2020,1,0
10 12 2020,1,0
10 13 2020,1,0
10 14 2020,1,0
10 15 2020,1,0
10 16 2020,1,0
10 17 2020,1,0
10 18 2020,1,0
10 19 2020,1,0
10 20 2020,1,1
10 21 2020,1,1
10 22 2020,1,1
10 23 2020,1,1
10 24 2020,1,1
10 25 2020,1,1
10 26 2020,1,1
10 27 2020,1,1
10 28 2020,1,1
10 29 2020,1,1
10 30 2020,1,1
10 31 2020,1,1
11 1 2020,1,1
11 2 2020,1,1
11 3 2020,1,1
11 4 2020,1,1
11 5 2020,1,1
11 6 2020,1,1
11 7 2020,1,1
11 8 2020,1,1
11 9 2020,1,1
11 10 2020,1,1
11 11 2020,1,1
11 12 2020,1,1
11 13 2020,1,1
11 14 2020,1,1
11 15 2020,1,1
11 16 2020,1,1
11 17 2020,1,1
11 18 2020,1,1
11 19 2020,1,1
11 20 2020,1,1
11 21 2020,1,1
11 22 2020,1,1
11 23 2020,1,1
11 24 2020,1,1
11 25 2020,1,1
11 26 2020,1,1
11 27 2020,1,1
11 28 2020,1,1
11 29 2020,1,1
11 30 2020,1,1
12 1 2020,1,1
12 2 2020,1,1
12 3 2020,1,1
12 4 2020,1,1
12 5 2020,1,1
12 6 2020,1,1
12 7 2020,1,1
12 8 2020,1,1
12 9 2020,1,1
12 10 2020,1,1
12 11 2020,1,1
12 12 2020,1,1
12 13 2020,1,1
12 14 2020,1,1
12 15 2020,1,1
12 16 2020,1,1
12 17 2020,1,1
12 18 2020,1,1
12 19 2020,1,1
12 20 2020,1,1
12 21 2020,1,1
12 22 2020,1,1
12 23 2020,1,1
12 24 2020,1,1
12 25 2020,1,1
12 26 2020,1,1
12 27 2020,1,1
12 28 2020,1,1
12 29 2020,1,1
12 30 2020,1,1
12 31 2020,1,1
