[
    {
        "day": "1 Sat",
        "time": "6:03 h 18:16 h",
        "tidetime1": "1:46 h",
        "tideheight1": "0.8 m",
        "tidetime2": "6:02 h",
        "tideheight2": "0.3 m",
        "tidetime3": "12:42 h",
        "tideheight3": "1.2 m",
        "tidetime4": "20:21 h",
        "tideheight4": "-0.1 m",
        "coefficient": "76 high"
    },
    {
        "day": "2 Sun",
        "time": "6:02 h 18:16 h",
        "tidetime1": "3:10 h",
        "tideheight1": "0.7 m",
        "tidetime2": "6:03 h",
        "tideheight2": "0.3 m",
        "tidetime3": "13:22 h",
        "tideheight3": "1.3 m",
        "tidetime4": "21:38 h",
        "tideheight4": "-0.1 m",
        "coefficient": "62 average"
    },
    {
        "day": "3 Mon",
        "time": "6:02 h 18:16 h",
        "tidetime1": "14:10 h",
        "tideheight1": "1.3 m",
        "tidetime2": "23:04 h",
        "tideheight2": "-0.1 m",
        "tidetime3": "no record",
        "tideheight3": "no record",
        "tidetime4": "no record",
        "tideheight4": "no record",
        "coefficient": "51 average"
    },
    {
        "day": "4 Tue",
        "time": "6:01 h 18:16 h",
        "tidetime1": "15:10 h",
        "tideheight1": "1.3 m",
        "tidetime2": "no record",
        "tideheight2": "no record",
        "tidetime3": "no record",
        "tideheight3": "no record",
        "tidetime4": "no record",
        "tideheight4": "no record",
        "coefficient": "48 low"
    },
    {
        "day": "5 Wed",
        "time": "6:00 h 18:16 h",
        "tidetime1": "0:29 h",
        "tideheight1": "-0.1 m",
        "tidetime2": "16:24 h",
        "tideheight2": "1.2 m",
        "tidetime3": "no record",
        "tideheight3": "no record",
        "tidetime4": "no record",
        "tideheight4": "no record",
        "coefficient": "54 average"
    },
    {
        "day": "6 Thu",
        "time": "6:00 h 18:16 h",
        "tidetime1": "1:39 h",
        "tideheight1": "-0.1 m",
        "tidetime2": "17:50 h",
        "tideheight2": "1.2 m",
        "tidetime3": "no record",
        "tideheight3": "no record",
        "tidetime4": "no record",
        "tideheight4": "no record",
        "coefficient": "63 average"
    },
    {
        "day": "7 Fri",
        "time": "5:59 h 18:15 h",
        "tidetime1": "2:30 h",
        "tideheight1": "-0.1 m",
        "tidetime2": "10:24 h",
        "tideheight2": "0.7 m",
        "tidetime3": "11:09 h",
        "tideheight3": "0.4 m",
        "tidetime4": "19:12 h",
        "tideheight4": "1.2 m",
        "coefficient": "73 high"
    },
    {
        "day": "8 Sat",
        "time": "5:59 h 18:15 h",
        "tidetime1": "3:08 h",
        "tideheight1": "0.0 m",
        "tidetime2": "9:54 h",
        "tideheight2": "0.7 m",
        "tidetime3": "13:25 h",
        "tideheight3": "0.3 m",
        "tidetime4": "20:22 h",
        "tideheight4": "1.1 m",
        "coefficient": "82 high"
    },
    {
        "day": "9 Sun",
        "time": "5:58 h 18:15 h",
        "tidetime1": "3:38 h",
        "tideheight1": "0.0 m",
        "tidetime2": "10:02 h",
        "tideheight2": "0.8 m",
        "tidetime3": "14:44 h",
        "tideheight3": "0.3 m",
        "tidetime4": "21:21 h",
        "tideheight4": "1.1 m",
        "coefficient": "87 high"
    },
    {
        "day": "10 Mon",
        "time": "5:58 h 18:15 h",
        "tidetime1": "4:02 h",
        "tideheight1": "0.1 m",
        "tidetime2": "10:17 h",
        "tideheight2": "0.9 m",
        "tidetime3": "15:46 h",
        "tideheight3": "0.2 m",
        "tidetime4": "22:13 h",
        "tideheight4": "1.0 m",
        "coefficient": "90 very high"
    },
    {
        "day": "11 Tue",
        "time": "5:57 h 18:15 h",
        "tidetime1": "4:24 h",
        "tideheight1": "0.2 m",
        "tidetime2": "10:35 h",
        "tideheight2": "1.0 m",
        "tidetime3": "16:39 h",
        "tideheight3": "0.1 m",
        "tidetime4": "23:02 h",
        "tideheight4": "1.0 m",
        "coefficient": "90 very high"
    },
    {
        "day": "12 Wed",
        "time": "5:57 h 18:15 h",
        "tidetime1": "4:44 h",
        "tideheight1": "0.2 m",
        "tidetime2": "10:55 h",
        "tideheight2": "1.0 m",
        "tidetime3": "17:28 h",
        "tideheight3": "0.1 m",
        "tidetime4": "23:50 h",
        "tideheight4": "0.9 m",
        "coefficient": "87 high"
    },
    {
        "day": "13 Thu",
        "time": "5:56 h 18:15 h",
        "tidetime1": "5:01 h",
        "tideheight1": "0.3 m",
        "tidetime2": "11:17 h",
        "tideheight2": "1.1 m",
        "tidetime3": "18:15 h",
        "tideheight3": "0.0 m",
        "tidetime4": "no record",
        "tideheight4": "no record",
        "coefficient": "81 high"
    },
    {
        "day": "14 Fri",
        "time": "5:56 h 18:15 h",
        "tidetime1": "0:39 h",
        "tideheight1": "0.8 m",
        "tidetime2": "5:16 h",
        "tideheight2": "0.3 m",
        "tidetime3": "11:41 h",
        "tideheight3": "1.1 m",
        "tidetime4": "19:01 h",
        "tideheight4": "0.0 m",
        "coefficient": "73 high"
    },
    {
        "day": "15 Sat",
        "time": "5:55 h 18:15 h",
        "tidetime1": "1:33 h",
        "tideheight1": "0.8 m",
        "tidetime2": "5:26 h",
        "tideheight2": "0.3 m",
        "tidetime3": "12:06 h",
        "tideheight3": "1.2 m",
        "tidetime4": "19:50 h",
        "tideheight4": "0.0 m",
        "coefficient": "65 average"
    },
    {
        "day": "16 Sun",
        "time": "5:55 h 18:16 h",
        "tidetime1": "2:39 h",
        "tideheight1": "0.7 m",
        "tidetime2": "5:25 h",
        "tideheight2": "0.4 m",
        "tidetime3": "12:35 h",
        "tideheight3": "1.2 m",
        "tidetime4": "20:43 h",
        "tideheight4": "0.0 m",
        "coefficient": "55 average"
    },
    {
        "day": "17 Mon",
        "time": "5:54 h 18:16 h",
        "tidetime1": "13:09 h",
        "tideheight1": "1.2 m",
        "tidetime2": "21:44 h",
        "tideheight2": "0.0 m",
        "tidetime3": "no record",
        "tideheight3": "no record",
        "tidetime4": "no record",
        "tideheight4": "no record",
        "coefficient": "46 low"
    },
    {
        "day": "18 Tue",
        "time": "5:54 h 18:16 h",
        "tidetime1": "13:48 h",
        "tideheight1": "1.2 m",
        "tidetime2": "22:52 h",
        "tideheight2": "0.0 m",
        "tidetime3": "no record",
        "tideheight3": "no record",
        "tidetime4": "no record",
        "tideheight4": "no record",
        "coefficient": "38 low"
    },
    {
        "day": "19 Wed",
        "time": "5:53 h 18:16 h",
        "tidetime1": "14:39 h",
        "tideheight1": "1.2 m",
        "tidetime2": "no record",
        "tideheight2": "no record",
        "tidetime3": "no record",
        "tideheight3": "no record",
        "tidetime4": "no record",
        "tideheight4": "no record",
        "coefficient": "37 low"
    },
    {
        "day": "20 Thu",
        "time": "5:53 h 18:16 h",
        "tidetime1": "0:02 h",
        "tideheight1": "0.0 m",
        "tidetime2": "15:45 h",
        "tideheight2": "1.1 m",
        "tidetime3": "no record",
        "tideheight3": "no record",
        "tidetime4": "no record",
        "tideheight4": "no record",
        "coefficient": "43 low"
    },
    {
        "day": "21 Fri",
        "time": "5:52 h 18:16 h",
        "tidetime1": "1:03 h",
        "tideheight1": "0.0 m",
        "tidetime2": "17:08 h",
        "tideheight2": "1.1 m",
        "tidetime3": "no record",
        "tideheight3": "no record",
        "tidetime4": "no record",
        "tideheight4": "no record",
        "coefficient": "54 average"
    },
    {
        "day": "22 Sat",
        "time": "5:52 h 18:16 h",
        "tidetime1": "1:50 h",
        "tideheight1": "0.0 m",
        "tidetime2": "9:53 h",
        "tideheight2": "0.8 m",
        "tidetime3": "11:09 h",
        "tideheight3": "0.5 m",
        "tidetime4": "18:33 h",
        "tideheight4": "1.1 m",
        "coefficient": "68 average"
    },
    {
        "day": "23 Sun",
        "time": "5:51 h 18:16 h",
        "tidetime1": "2:26 h",
        "tideheight1": "0.0 m",
        "tidetime2": "9:22 h",
        "tideheight2": "0.8 m",
        "tidetime3": "13:14 h",
        "tideheight3": "0.4 m",
        "tidetime4": "19:48 h",
        "tideheight4": "1.1 m",
        "coefficient": "82 high"
    },
    {
        "day": "24 Mon",
        "time": "5:51 h 18:16 h",
        "tidetime1": "2:55 h",
        "tideheight1": "0.1 m",
        "tidetime2": "9:27 h",
        "tideheight2": "0.9 m",
        "tidetime3": "14:30 h",
        "tideheight3": "0.3 m",
        "tidetime4": "20:54 h",
        "tideheight4": "1.0 m",
        "coefficient": "95 very high"
    },
    {
        "day": "25 Tue",
        "time": "5:51 h 18:16 h",
        "tidetime1": "3:20 h",
        "tideheight1": "0.1 m",
        "tidetime2": "9:41 h",
        "tideheight2": "1.0 m",
        "tidetime3": "15:34 h",
        "tideheight3": "0.2 m",
        "tidetime4": "21:58 h",
        "tideheight4": "1.0 m",
        "coefficient": "105 very high"
    },
    {
        "day": "26 Wed",
        "time": "5:50 h 18:16 h",
        "tidetime1": "3:41 h",
        "tideheight1": "0.2 m",
        "tidetime2": "10:01 h",
        "tideheight2": "1.1 m",
        "tidetime3": "16:32 h",
        "tideheight3": "0.0 m",
        "tidetime4": "23:00 h",
        "tideheight4": "0.9 m",
        "coefficient": "109 very high"
    },
    {
        "day": "27 Thu",
        "time": "5:50 h 18:16 h",
        "tidetime1": "4:00 h",
        "tideheight1": "0.3 m",
        "tidetime2": "10:26 h",
        "tideheight2": "1.2 m",
        "tidetime3": "17:30 h",
        "tideheight3": "-0.1 m",
        "tidetime4": "no record",
        "tideheight4": "no record",
        "coefficient": "108 very high"
    },
    {
        "day": "28 Fri",
        "time": "5:49 h 18:16 h",
        "tidetime1": "0:04 h",
        "tideheight1": "0.8 m",
        "tidetime2": "4:17 h",
        "tideheight2": "0.3 m",
        "tidetime3": "10:55 h",
        "tideheight3": "1.3 m",
        "tidetime4": "18:28 h",
        "tideheight4": "-0.1 m",
        "coefficient": "101 very high"
    },
    {
        "day": "29 Sat",
        "time": "5:49 h 18:16 h",
        "tidetime1": "1:16 h",
        "tideheight1": "0.8 m",
        "tidetime2": "4:29 h",
        "tideheight2": "0.4 m",
        "tidetime3": "11:30 h",
        "tideheight3": "1.4 m",
        "tidetime4": "19:27 h",
        "tideheight4": "-0.2 m",
        "coefficient": "90 very high"
    },
    {
        "day": "30 Sun",
        "time": "5:49 h 18:16 h",
        "tidetime1": "2:47 h",
        "tideheight1": "0.7 m",
        "tidetime2": "4:25 h",
        "tideheight2": "0.4 m",
        "tidetime3": "12:08 h",
        "tideheight3": "1.5 m",
        "tidetime4": "20:31 h",
        "tideheight4": "-0.2 m",
        "coefficient": "76 high"
    }
]