[
    {
        "day": "1 Sun",
        "time": "6:21 h 17:56 h",
        "tidetime1": "7:44 h",
        "tideheight1": "-0.2 m",
        "tidetime2": "23:44 h",
        "tideheight2": "1.4 m",
        "tidetime3": "no record",
        "tideheight3": "no record",
        "tidetime4": "no record",
        "tideheight4": "no record",
        "coefficient": "78 high"
    },
    {
        "day": "2 Mon",
        "time": "6:22 h 17:57 h",
        "tidetime1": "8:12 h",
        "tideheight1": "-0.2 m",
        "tidetime2": "no record",
        "tideheight2": "no record",
        "tidetime3": "no record",
        "tideheight3": "no record",
        "tidetime4": "no record",
        "tideheight4": "no record",
        "coefficient": "73 high"
    },
    {
        "day": "3 Tue",
        "time": "6:22 h 17:57 h",
        "tidetime1": "0:20 h",
        "tideheight1": "1.3 m",
        "tidetime2": "8:47 h",
        "tideheight2": "-0.2 m",
        "tidetime3": "no record",
        "tideheight3": "no record",
        "tidetime4": "no record",
        "tideheight4": "no record",
        "coefficient": "68 average"
    },
    {
        "day": "4 Wed",
        "time": "6:23 h 17:58 h",
        "tidetime1": "0:58 h",
        "tideheight1": "1.2 m",
        "tidetime2": "9:20 h",
        "tideheight2": "-0.1 m",
        "tidetime3": "no record",
        "tideheight3": "no record",
        "tidetime4": "no record",
        "tideheight4": "no record",
        "coefficient": "62 average"
    },
    {
        "day": "5 Thu",
        "time": "6:23 h 17:58 h",
        "tidetime1": "1:40 h",
        "tideheight1": "1.1 m",
        "tidetime2": "9:50 h",
        "tideheight2": "0.0 m",
        "tidetime3": "17:30 h",
        "tideheight3": "0.7 m",
        "tidetime4": "20:17 h",
        "tideheight4": "0.4 m",
        "coefficient": "58 average"
    },
    {
        "day": "6 Fri",
        "time": "6:23 h 17:59 h",
        "tidetime1": "2:31 h",
        "tideheight1": "1.0 m",
        "tidetime2": "10:16 h",
        "tideheight2": "0.0 m",
        "tidetime3": "17:44 h",
        "tideheight3": "0.8 m",
        "tidetime4": "22:48 h",
        "tideheight4": "0.4 m",
        "coefficient": "58 average"
    },
    {
        "day": "7 Sat",
        "time": "6:24 h 17:59 h",
        "tidetime1": "3:47 h",
        "tideheight1": "0.8 m",
        "tidetime2": "10:40 h",
        "tideheight2": "0.1 m",
        "tidetime3": "18:09 h",
        "tideheight3": "1.0 m",
        "tidetime4": "no record",
        "tideheight4": "no record",
        "coefficient": "62 average"
    },
    {
        "day": "8 Sun",
        "time": "6:24 h 18:00 h",
        "tidetime1": "1:05 h",
        "tideheight1": "0.2 m",
        "tidetime2": "6:03 h",
        "tideheight2": "0.6 m",
        "tidetime3": "11:00 h",
        "tideheight3": "0.2 m",
        "tidetime4": "18:43 h",
        "tideheight4": "1.1 m",
        "coefficient": "70 high"
    },
    {
        "day": "9 Mon",
        "time": "6:24 h 18:00 h",
        "tidetime1": "2:40 h",
        "tideheight1": "0.1 m",
        "tidetime2": "8:34 h",
        "tideheight2": "0.6 m",
        "tidetime3": "11:16 h",
        "tideheight3": "0.2 m",
        "tidetime4": "19:22 h",
        "tideheight4": "1.3 m",
        "coefficient": "79 high"
    },
    {
        "day": "10 Tue",
        "time": "6:25 h 18:01 h",
        "tidetime1": "3:42 h",
        "tideheight1": "-0.1 m",
        "tidetime2": "20:05 h",
        "tideheight2": "1.4 m",
        "tidetime3": "no record",
        "tideheight3": "no record",
        "tidetime4": "no record",
        "tideheight4": "no record",
        "coefficient": "89 high"
    },
    {
        "day": "11 Wed",
        "time": "6:25 h 18:01 h",
        "tidetime1": "4:34 h",
        "tideheight1": "-0.2 m",
        "tidetime2": "20:50 h",
        "tideheight2": "1.5 m",
        "tidetime3": "no record",
        "tideheight3": "no record",
        "tidetime4": "no record",
        "tideheight4": "no record",
        "coefficient": "96 very high"
    },
    {
        "day": "12 Thu",
        "time": "6:25 h 18:02 h",
        "tidetime1": "5:21 h",
        "tideheight1": "-0.3 m",
        "tidetime2": "21:36 h",
        "tideheight2": "1.5 m",
        "tidetime3": "no record",
        "tideheight3": "no record",
        "tidetime4": "no record",
        "tideheight4": "no record",
        "coefficient": "99 very high"
    },
    {
        "day": "13 Fri",
        "time": "6:25 h 18:02 h",
        "tidetime1": "6:05 h",
        "tideheight1": "-0.3 m",
        "tidetime2": "22:22 h",
        "tideheight2": "1.5 m",
        "tidetime3": "no record",
        "tideheight3": "no record",
        "tidetime4": "no record",
        "tideheight4": "no record",
        "coefficient": "98 very high"
    },
    {
        "day": "14 Sat",
        "time": "6:26 h 18:03 h",
        "tidetime1": "6:46 h",
        "tideheight1": "-0.3 m",
        "tidetime2": "23:07 h",
        "tideheight2": "1.5 m",
        "tidetime3": "no record",
        "tideheight3": "no record",
        "tidetime4": "no record",
        "tideheight4": "no record",
        "coefficient": "94 very high"
    },
    {
        "day": "15 Sun",
        "time": "6:26 h 18:03 h",
        "tidetime1": "7:25 h",
        "tideheight1": "-0.3 m",
        "tidetime2": "14:39 h",
        "tideheight2": "0.5 m",
        "tidetime3": "15:36 h",
        "tideheight3": "0.2 m",
        "tidetime4": "23:51 h",
        "tideheight4": "1.4 m",
        "coefficient": "86 high"
    },
    {
        "day": "16 Mon",
        "time": "6:26 h 18:04 h",
        "tidetime1": "8:01 h",
        "tideheight1": "-0.2 m",
        "tidetime2": "14:59 h",
        "tideheight2": "0.6 m",
        "tidetime3": "16:51 h",
        "tideheight3": "0.3 m",
        "tidetime4": "no record",
        "tideheight4": "no record",
        "coefficient": "76 high"
    },
    {
        "day": "17 Tue",
        "time": "6:26 h 18:04 h",
        "tidetime1": "0:33 h",
        "tideheight1": "1.3 m",
        "tidetime2": "8:33 h",
        "tideheight2": "-0.1 m",
        "tidetime3": "15:26 h",
        "tideheight3": "0.6 m",
        "tidetime4": "18:05 h",
        "tideheight4": "0.3 m",
        "coefficient": "65 average"
    },
    {
        "day": "18 Wed",
        "time": "6:26 h 18:05 h",
        "tidetime1": "1:14 h",
        "tideheight1": "1.1 m",
        "tidetime2": "9:02 h",
        "tideheight2": "0.0 m",
        "tidetime3": "15:57 h",
        "tideheight3": "0.7 m",
        "tidetime4": "19:30 h",
        "tideheight4": "0.3 m",
        "coefficient": "55 average"
    },
    {
        "day": "19 Thu",
        "time": "6:27 h 18:05 h",
        "tidetime1": "1:56 h",
        "tideheight1": "1.0 m",
        "tidetime2": "9:28 h",
        "tideheight2": "0.0 m",
        "tidetime3": "16:31 h",
        "tideheight3": "0.8 m",
        "tidetime4": "21:13 h",
        "tideheight4": "0.3 m",
        "coefficient": "46 low"
    },
    {
        "day": "20 Fri",
        "time": "6:27 h 18:06 h",
        "tidetime1": "2:42 h",
        "tideheight1": "0.8 m",
        "tidetime2": "9:50 h",
        "tideheight2": "0.1 m",
        "tidetime3": "17:06 h",
        "tideheight3": "0.9 m",
        "tidetime4": "23:20 h",
        "tideheight4": "0.3 m",
        "coefficient": "41 low"
    },
    {
        "day": "21 Sat",
        "time": "6:27 h 18:06 h",
        "tidetime1": "3:47 h",
        "tideheight1": "0.7 m",
        "tidetime2": "10:07 h",
        "tideheight2": "0.2 m",
        "tidetime3": "17:44 h",
        "tideheight3": "0.9 m",
        "tidetime4": "no record",
        "tideheight4": "no record",
        "coefficient": "39 low"
    },
    {
        "day": "22 Sun",
        "time": "6:27 h 18:07 h",
        "tidetime1": "1:28 h",
        "tideheight1": "0.2 m",
        "tidetime2": "6:03 h",
        "tideheight2": "0.6 m",
        "tidetime3": "10:20 h",
        "tideheight3": "0.2 m",
        "tidetime4": "18:24 h",
        "tideheight4": "1.0 m",
        "coefficient": "44 low"
    },
    {
        "day": "23 Mon",
        "time": "6:27 h 18:07 h",
        "tidetime1": "2:49 h",
        "tideheight1": "0.1 m",
        "tidetime2": "8:59 h",
        "tideheight2": "0.5 m",
        "tidetime3": "10:17 h",
        "tideheight3": "0.2 m",
        "tidetime4": "19:06 h",
        "tideheight4": "1.1 m",
        "coefficient": "51 average"
    },
    {
        "day": "24 Tue",
        "time": "6:27 h 18:07 h",
        "tidetime1": "3:38 h",
        "tideheight1": "0.0 m",
        "tidetime2": "19:47 h",
        "tideheight2": "1.2 m",
        "tidetime3": "no record",
        "tideheight3": "no record",
        "tidetime4": "no record",
        "tideheight4": "no record",
        "coefficient": "61 average"
    },
    {
        "day": "25 Wed",
        "time": "6:27 h 18:08 h",
        "tidetime1": "4:19 h",
        "tideheight1": "-0.1 m",
        "tidetime2": "20:28 h",
        "tideheight2": "1.2 m",
        "tidetime3": "no record",
        "tideheight3": "no record",
        "tidetime4": "no record",
        "tideheight4": "no record",
        "coefficient": "70 high"
    },
    {
        "day": "26 Thu",
        "time": "6:27 h 18:08 h",
        "tidetime1": "4:55 h",
        "tideheight1": "-0.1 m",
        "tidetime2": "21:08 h",
        "tideheight2": "1.3 m",
        "tidetime3": "no record",
        "tideheight3": "no record",
        "tidetime4": "no record",
        "tideheight4": "no record",
        "coefficient": "78 high"
    },
    {
        "day": "27 Fri",
        "time": "6:27 h 18:09 h",
        "tidetime1": "5:30 h",
        "tideheight1": "-0.2 m",
        "tidetime2": "21:47 h",
        "tideheight2": "1.3 m",
        "tidetime3": "no record",
        "tideheight3": "no record",
        "tidetime4": "no record",
        "tideheight4": "no record",
        "coefficient": "85 high"
    },
    {
        "day": "28 Sat",
        "time": "6:27 h 18:09 h",
        "tidetime1": "6:03 h",
        "tideheight1": "-0.2 m",
        "tidetime2": "13:03 h",
        "tideheight2": "0.5 m",
        "tidetime3": "14:06 h",
        "tideheight3": "0.2 m",
        "tidetime4": "22:25 h",
        "tideheight4": "1.4 m",
        "coefficient": "89 high"
    },
    {
        "day": "29 Sun",
        "time": "6:27 h 18:09 h",
        "tidetime1": "6:36 h",
        "tideheight1": "-0.2 m",
        "tidetime2": "13:21 h",
        "tideheight2": "0.5 m",
        "tidetime3": "15:04 h",
        "tideheight3": "0.2 m",
        "tidetime4": "23:02 h",
        "tideheight4": "1.3 m",
        "coefficient": "92 very high"
    },
    {
        "day": "30 Mon",
        "time": "6:27 h 18:10 h",
        "tidetime1": "7:06 h",
        "tideheight1": "-0.2 m",
        "tidetime2": "13:43 h",
        "tideheight2": "0.6 m",
        "tidetime3": "15:59 h",
        "tideheight3": "0.2 m",
        "tidetime4": "23:40 h",
        "tideheight4": "1.3 m",
        "coefficient": "90 very high"
    },
    {
        "day": "31 Tue",
        "time": "6:27 h 18:10 h",
        "tidetime1": "7:35 h",
        "tideheight1": "-0.2 m",
        "tidetime2": "14:07 h",
        "tideheight2": "0.6 m",
        "tidetime3": "16:59 h",
        "tideheight3": "0.2 m",
        "tidetime4": "no record",
        "tideheight4": "no record",
        "coefficient": "86 high"
    }
]