[
    {
        "day": "1 Sat",
        "time": "6:27 h 18:10 h",
        "tidetime1": "2:10 h",
        "tideheight1": "0.9 m",
        "tidetime2": "9:20 h",
        "tideheight2": "0.1 m",
        "tidetime3": "15:57 h",
        "tideheight3": "0.8 m",
        "tidetime4": "21:31 h",
        "tideheight4": "0.3 m",
        "coefficient": "44 low"
    },
    {
        "day": "2 Sun",
        "time": "6:27 h 18:10 h",
        "tidetime1": "3:05 h",
        "tideheight1": "0.8 m",
        "tidetime2": "9:26 h",
        "tideheight2": "0.2 m",
        "tidetime3": "16:28 h",
        "tideheight3": "0.9 m",
        "tidetime4": "23:40 h",
        "tideheight4": "0.2 m",
        "coefficient": "40 low"
    },
    {
        "day": "3 Mon",
        "time": "6:27 h 18:11 h",
        "tidetime1": "4:47 h",
        "tideheight1": "0.6 m",
        "tidetime2": "9:20 h",
        "tideheight2": "0.2 m",
        "tidetime3": "17:07 h",
        "tideheight3": "1.0 m",
        "tidetime4": "no record",
        "tideheight4": "no record",
        "coefficient": "40 low"
    },
    {
        "day": "4 Tue",
        "time": "6:27 h 18:11 h",
        "tidetime1": "1:40 h",
        "tideheight1": "0.1 m",
        "tidetime2": "17:52 h",
        "tideheight2": "1.1 m",
        "tidetime3": "no record",
        "tideheight3": "no record",
        "tidetime4": "no record",
        "tideheight4": "no record",
        "coefficient": "46 low"
    },
    {
        "day": "5 Wed",
        "time": "6:27 h 18:11 h",
        "tidetime1": "2:54 h",
        "tideheight1": "0.0 m",
        "tidetime2": "18:41 h",
        "tideheight2": "1.2 m",
        "tidetime3": "no record",
        "tideheight3": "no record",
        "tidetime4": "no record",
        "tideheight4": "no record",
        "coefficient": "56 average"
    },
    {
        "day": "6 Thu",
        "time": "6:27 h 18:12 h",
        "tidetime1": "3:45 h",
        "tideheight1": "-0.1 m",
        "tidetime2": "19:32 h",
        "tideheight2": "1.3 m",
        "tidetime3": "no record",
        "tideheight3": "no record",
        "tidetime4": "no record",
        "tideheight4": "no record",
        "coefficient": "69 average"
    },
    {
        "day": "7 Fri",
        "time": "6:27 h 18:12 h",
        "tidetime1": "4:30 h",
        "tideheight1": "-0.2 m",
        "tidetime2": "20:23 h",
        "tideheight2": "1.4 m",
        "tidetime3": "no record",
        "tideheight3": "no record",
        "tidetime4": "no record",
        "tideheight4": "no record",
        "coefficient": "82 high"
    },
    {
        "day": "8 Sat",
        "time": "6:26 h 18:12 h",
        "tidetime1": "5:12 h",
        "tideheight1": "-0.3 m",
        "tidetime2": "21:12 h",
        "tideheight2": "1.5 m",
        "tidetime3": "no record",
        "tideheight3": "no record",
        "tidetime4": "no record",
        "tideheight4": "no record",
        "coefficient": "93 very high"
    },
    {
        "day": "9 Sun",
        "time": "6:26 h 18:13 h",
        "tidetime1": "5:51 h",
        "tideheight1": "-0.4 m",
        "tidetime2": "22:01 h",
        "tideheight2": "1.5 m",
        "tidetime3": "no record",
        "tideheight3": "no record",
        "tidetime4": "no record",
        "tideheight4": "no record",
        "coefficient": "101 very high"
    },
    {
        "day": "10 Mon",
        "time": "6:26 h 18:13 h",
        "tidetime1": "6:29 h",
        "tideheight1": "-0.3 m",
        "tidetime2": "22:49 h",
        "tideheight2": "1.5 m",
        "tidetime3": "no record",
        "tideheight3": "no record",
        "tidetime4": "no record",
        "tideheight4": "no record",
        "coefficient": "105 very high"
    },
    {
        "day": "11 Tue",
        "time": "6:26 h 18:13 h",
        "tidetime1": "7:03 h",
        "tideheight1": "-0.3 m",
        "tidetime2": "13:42 h",
        "tideheight2": "0.5 m",
        "tidetime3": "15:43 h",
        "tideheight3": "0.2 m",
        "tidetime4": "23:36 h",
        "tideheight4": "1.4 m",
        "coefficient": "104 very high"
    },
    {
        "day": "12 Wed",
        "time": "6:26 h 18:13 h",
        "tidetime1": "7:32 h",
        "tideheight1": "-0.2 m",
        "tidetime2": "13:50 h",
        "tideheight2": "0.6 m",
        "tidetime3": "17:06 h",
        "tideheight3": "0.2 m",
        "tidetime4": "no record",
        "tideheight4": "no record",
        "coefficient": "97 very high"
    },
    {
        "day": "13 Thu",
        "time": "6:25 h 18:14 h",
        "tidetime1": "0:25 h",
        "tideheight1": "1.3 m",
        "tidetime2": "7:56 h",
        "tideheight2": "-0.1 m",
        "tidetime3": "14:08 h",
        "tideheight3": "0.7 m",
        "tidetime4": "18:29 h",
        "tideheight4": "0.2 m",
        "coefficient": "86 high"
    },
    {
        "day": "14 Fri",
        "time": "6:25 h 18:14 h",
        "tidetime1": "1:15 h",
        "tideheight1": "1.1 m",
        "tidetime2": "8:14 h",
        "tideheight2": "0.0 m",
        "tidetime3": "14:32 h",
        "tideheight3": "0.8 m",
        "tidetime4": "20:01 h",
        "tideheight4": "0.2 m",
        "coefficient": "72 high"
    },
    {
        "day": "15 Sat",
        "time": "6:25 h 18:14 h",
        "tidetime1": "2:12 h",
        "tideheight1": "0.9 m",
        "tidetime2": "8:26 h",
        "tideheight2": "0.1 m",
        "tidetime3": "15:06 h",
        "tideheight3": "0.9 m",
        "tidetime4": "21:48 h",
        "tideheight4": "0.1 m",
        "coefficient": "58 average"
    },
    {
        "day": "16 Sun",
        "time": "6:25 h 18:14 h",
        "tidetime1": "3:27 h",
        "tideheight1": "0.7 m",
        "tidetime2": "8:27 h",
        "tideheight2": "0.2 m",
        "tidetime3": "15:48 h",
        "tideheight3": "1.1 m",
        "tidetime4": "23:57 h",
        "tideheight4": "0.1 m",
        "coefficient": "48 low"
    },
    {
        "day": "17 Mon",
        "time": "6:24 h 18:14 h",
        "tidetime1": "6:23 h",
        "tideheight1": "0.5 m",
        "tidetime2": "7:44 h",
        "tideheight2": "0.2 m",
        "tidetime3": "16:40 h",
        "tideheight3": "1.2 m",
        "tidetime4": "no record",
        "tideheight4": "no record",
        "coefficient": "45 low"
    },
    {
        "day": "18 Tue",
        "time": "6:24 h 18:14 h",
        "tidetime1": "1:58 h",
        "tideheight1": "-0.1 m",
        "tidetime2": "17:40 h",
        "tideheight2": "1.2 m",
        "tidetime3": "no record",
        "tideheight3": "no record",
        "tidetime4": "no record",
        "tideheight4": "no record",
        "coefficient": "49 low"
    },
    {
        "day": "19 Wed",
        "time": "6:24 h 18:15 h",
        "tidetime1": "3:13 h",
        "tideheight1": "-0.2 m",
        "tidetime2": "18:44 h",
        "tideheight2": "1.3 m",
        "tidetime3": "no record",
        "tideheight3": "no record",
        "tidetime4": "no record",
        "tideheight4": "no record",
        "coefficient": "57 average"
    },
    {
        "day": "20 Thu",
        "time": "6:23 h 18:15 h",
        "tidetime1": "4:04 h",
        "tideheight1": "-0.2 m",
        "tidetime2": "19:45 h",
        "tideheight2": "1.3 m",
        "tidetime3": "no record",
        "tideheight3": "no record",
        "tidetime4": "no record",
        "tideheight4": "no record",
        "coefficient": "66 average"
    },
    {
        "day": "21 Fri",
        "time": "6:23 h 18:15 h",
        "tidetime1": "4:44 h",
        "tideheight1": "-0.2 m",
        "tidetime2": "20:40 h",
        "tideheight2": "1.3 m",
        "tidetime3": "no record",
        "tideheight3": "no record",
        "tidetime4": "no record",
        "tideheight4": "no record",
        "coefficient": "74 high"
    },
    {
        "day": "22 Sat",
        "time": "6:23 h 18:15 h",
        "tidetime1": "5:18 h",
        "tideheight1": "-0.2 m",
        "tidetime2": "21:29 h",
        "tideheight2": "1.3 m",
        "tidetime3": "no record",
        "tideheight3": "no record",
        "tidetime4": "no record",
        "tideheight4": "no record",
        "coefficient": "80 high"
    },
    {
        "day": "23 Sun",
        "time": "6:22 h 18:15 h",
        "tidetime1": "5:48 h",
        "tideheight1": "-0.2 m",
        "tidetime2": "12:35 h",
        "tideheight2": "0.5 m",
        "tidetime3": "14:02 h",
        "tideheight3": "0.2 m",
        "tidetime4": "22:13 h",
        "tideheight4": "1.3 m",
        "coefficient": "84 high"
    },
    {
        "day": "24 Mon",
        "time": "6:22 h 18:15 h",
        "tidetime1": "6:15 h",
        "tideheight1": "-0.2 m",
        "tidetime2": "12:30 h",
        "tideheight2": "0.5 m",
        "tidetime3": "15:16 h",
        "tideheight3": "0.2 m",
        "tidetime4": "22:52 h",
        "tideheight4": "1.3 m",
        "coefficient": "85 high"
    },
    {
        "day": "25 Tue",
        "time": "6:21 h 18:15 h",
        "tidetime1": "6:39 h",
        "tideheight1": "-0.1 m",
        "tidetime2": "12:38 h",
        "tideheight2": "0.6 m",
        "tidetime3": "16:14 h",
        "tideheight3": "0.2 m",
        "tidetime4": "23:31 h",
        "tideheight4": "1.2 m",
        "coefficient": "84 high"
    },
    {
        "day": "26 Wed",
        "time": "6:21 h 18:15 h",
        "tidetime1": "7:01 h",
        "tideheight1": "0.0 m",
        "tidetime2": "12:51 h",
        "tideheight2": "0.6 m",
        "tidetime3": "17:08 h",
        "tideheight3": "0.2 m",
        "tidetime4": "no record",
        "tideheight4": "no record",
        "coefficient": "80 high"
    },
    {
        "day": "27 Thu",
        "time": "6:21 h 18:16 h",
        "tidetime1": "0:08 h",
        "tideheight1": "1.1 m",
        "tidetime2": "7:20 h",
        "tideheight2": "0.0 m",
        "tidetime3": "13:07 h",
        "tideheight3": "0.7 m",
        "tidetime4": "18:02 h",
        "tideheight4": "0.2 m",
        "coefficient": "74 high"
    },
    {
        "day": "28 Fri",
        "time": "6:20 h 18:16 h",
        "tidetime1": "0:47 h",
        "tideheight1": "1.0 m",
        "tidetime2": "7:35 h",
        "tideheight2": "0.1 m",
        "tidetime3": "13:25 h",
        "tideheight3": "0.8 m",
        "tidetime4": "19:01 h",
        "tideheight4": "0.2 m",
        "coefficient": "66 average"
    },
    {
        "day": "29 Sat",
        "time": "6:20 h 18:16 h",
        "tidetime1": "1:29 h",
        "tideheight1": "0.9 m",
        "tidetime2": "7:45 h",
        "tideheight2": "0.2 m",
        "tidetime3": "13:47 h",
        "tideheight3": "0.8 m",
        "tidetime4": "20:07 h",
        "tideheight4": "0.1 m",
        "coefficient": "57 average"
    }
]