[
    {
        "day": "1 Tue",
        "time": "5:56 h 18:14 h",
        "tidetime1": "9:07 h",
        "tideheight1": "1.6 m",
        "tidetime2": "17:24 h",
        "tideheight2": "0.1 m",
        "tidetime3": "no record",
        "tideheight3": "no record",
        "tidetime4": "no record",
        "tideheight4": "no record",
        "coefficient": "84 high"
    },
    {
        "day": "2 Wed",
        "time": "5:56 h 18:13 h",
        "tidetime1": "0:03 h",
        "tideheight1": "0.8 m",
        "tidetime2": "1:56 h",
        "tideheight2": "0.5 m",
        "tidetime3": "9:54 h",
        "tideheight3": "1.6 m",
        "tidetime4": "17:51 h",
        "tideheight4": "0.1 m",
        "coefficient": "86 high"
    },
    {
        "day": "3 Thu",
        "time": "5:56 h 18:13 h",
        "tidetime1": "0:01 h",
        "tideheight1": "0.8 m",
        "tidetime2": "3:09 h",
        "tideheight2": "0.4 m",
        "tidetime3": "10:37 h",
        "tideheight3": "1.5 m",
        "tidetime4": "18:14 h",
        "tideheight4": "0.2 m",
        "coefficient": "86 high"
    },
    {
        "day": "4 Fri",
        "time": "5:56 h 18:12 h",
        "tidetime1": "0:09 h",
        "tideheight1": "0.9 m",
        "tidetime2": "4:09 h",
        "tideheight2": "0.4 m",
        "tidetime3": "11:17 h",
        "tideheight3": "1.4 m",
        "tidetime4": "18:35 h",
        "tideheight4": "0.2 m",
        "coefficient": "83 high"
    },
    {
        "day": "5 Sat",
        "time": "5:56 h 18:12 h",
        "tidetime1": "0:22 h",
        "tideheight1": "0.9 m",
        "tidetime2": "5:04 h",
        "tideheight2": "0.4 m",
        "tidetime3": "11:57 h",
        "tideheight3": "1.3 m",
        "tidetime4": "18:54 h",
        "tideheight4": "0.3 m",
        "coefficient": "77 high"
    },
    {
        "day": "6 Sun",
        "time": "5:56 h 18:11 h",
        "tidetime1": "0:38 h",
        "tideheight1": "1.0 m",
        "tidetime2": "5:59 h",
        "tideheight2": "0.4 m",
        "tidetime3": "12:38 h",
        "tideheight3": "1.2 m",
        "tidetime4": "19:09 h",
        "tideheight4": "0.4 m",
        "coefficient": "70 high"
    },
    {
        "day": "7 Mon",
        "time": "5:56 h 18:10 h",
        "tidetime1": "0:57 h",
        "tideheight1": "1.0 m",
        "tidetime2": "6:56 h",
        "tideheight2": "0.4 m",
        "tidetime3": "13:23 h",
        "tideheight3": "1.1 m",
        "tidetime4": "19:18 h",
        "tideheight4": "0.5 m",
        "coefficient": "61 average"
    },
    {
        "day": "8 Tue",
        "time": "5:56 h 18:10 h",
        "tidetime1": "1:19 h",
        "tideheight1": "1.1 m",
        "tidetime2": "8:00 h",
        "tideheight2": "0.3 m",
        "tidetime3": "14:18 h",
        "tideheight3": "1.0 m",
        "tidetime4": "19:18 h",
        "tideheight4": "0.5 m",
        "coefficient": "51 average"
    },
    {
        "day": "9 Wed",
        "time": "5:55 h 18:09 h",
        "tidetime1": "1:46 h",
        "tideheight1": "1.2 m",
        "tidetime2": "9:16 h",
        "tideheight2": "0.3 m",
        "tidetime3": "15:43 h",
        "tideheight3": "0.9 m",
        "tidetime4": "18:58 h",
        "tideheight4": "0.5 m",
        "coefficient": "41 low"
    },
    {
        "day": "10 Thu",
        "time": "5:55 h 18:08 h",
        "tidetime1": "2:20 h",
        "tideheight1": "1.2 m",
        "tidetime2": "10:48 h",
        "tideheight2": "0.3 m",
        "tidetime3": "no record",
        "tideheight3": "no record",
        "tidetime4": "no record",
        "tideheight4": "no record",
        "coefficient": "35 low"
    },
    {
        "day": "11 Fri",
        "time": "5:55 h 18:08 h",
        "tidetime1": "3:06 h",
        "tideheight1": "1.3 m",
        "tidetime2": "12:30 h",
        "tideheight2": "0.2 m",
        "tidetime3": "no record",
        "tideheight3": "no record",
        "tidetime4": "no record",
        "tideheight4": "no record",
        "coefficient": "35 low"
    },
    {
        "day": "12 Sat",
        "time": "5:55 h 18:07 h",
        "tidetime1": "4:08 h",
        "tideheight1": "1.3 m",
        "tidetime2": "13:51 h",
        "tideheight2": "0.2 m",
        "tidetime3": "no record",
        "tideheight3": "no record",
        "tidetime4": "no record",
        "tideheight4": "no record",
        "coefficient": "43 low"
    },
    {
        "day": "13 Sun",
        "time": "5:55 h 18:07 h",
        "tidetime1": "5:23 h",
        "tideheight1": "1.4 m",
        "tidetime2": "14:49 h",
        "tideheight2": "0.1 m",
        "tidetime3": "no record",
        "tideheight3": "no record",
        "tidetime4": "no record",
        "tideheight4": "no record",
        "coefficient": "57 average"
    },
    {
        "day": "14 Mon",
        "time": "5:55 h 18:06 h",
        "tidetime1": "6:36 h",
        "tideheight1": "1.4 m",
        "tidetime2": "15:35 h",
        "tideheight2": "0.0 m",
        "tidetime3": "no record",
        "tideheight3": "no record",
        "tidetime4": "no record",
        "tideheight4": "no record",
        "coefficient": "72 high"
    },
    {
        "day": "15 Tue",
        "time": "5:55 h 18:05 h",
        "tidetime1": "7:41 h",
        "tideheight1": "1.5 m",
        "tidetime2": "16:13 h",
        "tideheight2": "0.0 m",
        "tidetime3": "no record",
        "tideheight3": "no record",
        "tidetime4": "no record",
        "tideheight4": "no record",
        "coefficient": "88 high"
    },
    {
        "day": "16 Wed",
        "time": "5:55 h 18:05 h",
        "tidetime1": "8:39 h",
        "tideheight1": "1.5 m",
        "tidetime2": "16:46 h",
        "tideheight2": "0.0 m",
        "tidetime3": "23:18 h",
        "tideheight3": "0.8 m",
        "tidetime4": "no record",
        "tideheight4": "no record",
        "coefficient": "101 very high"
    },
    {
        "day": "17 Thu",
        "time": "5:55 h 18:04 h",
        "tidetime1": "2:02 h",
        "tideheight1": "0.5 m",
        "tidetime2": "9:33 h",
        "tideheight2": "1.5 m",
        "tidetime3": "17:14 h",
        "tideheight3": "0.1 m",
        "tidetime4": "23:20 h",
        "tideheight4": "0.9 m",
        "coefficient": "110 very high"
    },
    {
        "day": "18 Fri",
        "time": "5:55 h 18:04 h",
        "tidetime1": "3:19 h",
        "tideheight1": "0.4 m",
        "tidetime2": "10:26 h",
        "tideheight2": "1.5 m",
        "tidetime3": "17:37 h",
        "tideheight3": "0.2 m",
        "tidetime4": "23:31 h",
        "tideheight4": "0.9 m",
        "coefficient": "113 very high"
    },
    {
        "day": "19 Sat",
        "time": "5:55 h 18:03 h",
        "tidetime1": "4:29 h",
        "tideheight1": "0.3 m",
        "tidetime2": "11:20 h",
        "tideheight2": "1.4 m",
        "tidetime3": "17:56 h",
        "tideheight3": "0.3 m",
        "tidetime4": "23:49 h",
        "tideheight4": "1.1 m",
        "coefficient": "109 very high"
    },
    {
        "day": "20 Sun",
        "time": "5:54 h 18:02 h",
        "tidetime1": "5:38 h",
        "tideheight1": "0.2 m",
        "tidetime2": "12:17 h",
        "tideheight2": "1.2 m",
        "tidetime3": "18:10 h",
        "tideheight3": "0.4 m",
        "tidetime4": "no record",
        "tideheight4": "no record",
        "coefficient": "98 very high"
    },
    {
        "day": "21 Mon",
        "time": "5:54 h 18:02 h",
        "tidetime1": "0:13 h",
        "tideheight1": "1.2 m",
        "tidetime2": "6:50 h",
        "tideheight2": "0.2 m",
        "tidetime3": "13:22 h",
        "tideheight3": "1.0 m",
        "tidetime4": "18:17 h",
        "tideheight4": "0.4 m",
        "coefficient": "82 high"
    },
    {
        "day": "22 Tue",
        "time": "5:54 h 18:01 h",
        "tidetime1": "0:43 h",
        "tideheight1": "1.3 m",
        "tidetime2": "8:08 h",
        "tideheight2": "0.1 m",
        "tidetime3": "14:45 h",
        "tideheight3": "0.9 m",
        "tidetime4": "18:12 h",
        "tideheight4": "0.5 m",
        "coefficient": "65 average"
    },
    {
        "day": "23 Wed",
        "time": "5:54 h 18:00 h",
        "tidetime1": "1:20 h",
        "tideheight1": "1.4 m",
        "tidetime2": "9:35 h",
        "tideheight2": "0.1 m",
        "tidetime3": "no record",
        "tideheight3": "no record",
        "tidetime4": "no record",
        "tideheight4": "no record",
        "coefficient": "49 low"
    },
    {
        "day": "24 Thu",
        "time": "5:54 h 18:00 h",
        "tidetime1": "2:06 h",
        "tideheight1": "1.5 m",
        "tidetime2": "11:12 h",
        "tideheight2": "0.1 m",
        "tidetime3": "no record",
        "tideheight3": "no record",
        "tidetime4": "no record",
        "tideheight4": "no record",
        "coefficient": "40 low"
    },
    {
        "day": "25 Fri",
        "time": "5:54 h 17:59 h",
        "tidetime1": "3:02 h",
        "tideheight1": "1.5 m",
        "tidetime2": "12:48 h",
        "tideheight2": "0.0 m",
        "tidetime3": "no record",
        "tideheight3": "no record",
        "tidetime4": "no record",
        "tideheight4": "no record",
        "coefficient": "41 low"
    },
    {
        "day": "26 Sat",
        "time": "5:54 h 17:59 h",
        "tidetime1": "4:13 h",
        "tideheight1": "1.5 m",
        "tidetime2": "14:01 h",
        "tideheight2": "0.0 m",
        "tidetime3": "no record",
        "tideheight3": "no record",
        "tidetime4": "no record",
        "tideheight4": "no record",
        "coefficient": "49 low"
    },
    {
        "day": "27 Sun",
        "time": "5:54 h 17:58 h",
        "tidetime1": "5:35 h",
        "tideheight1": "1.5 m",
        "tidetime2": "14:55 h",
        "tideheight2": "0.0 m",
        "tidetime3": "no record",
        "tideheight3": "no record",
        "tidetime4": "no record",
        "tideheight4": "no record",
        "coefficient": "60 average"
    },
    {
        "day": "28 Mon",
        "time": "5:54 h 17:57 h",
        "tidetime1": "6:54 h",
        "tideheight1": "1.4 m",
        "tidetime2": "15:34 h",
        "tideheight2": "0.1 m",
        "tidetime3": "no record",
        "tideheight3": "no record",
        "tidetime4": "no record",
        "tideheight4": "no record",
        "coefficient": "70 high"
    },
    {
        "day": "29 Tue",
        "time": "5:54 h 17:57 h",
        "tidetime1": "8:01 h",
        "tideheight1": "1.4 m",
        "tidetime2": "16:05 h",
        "tideheight2": "0.1 m",
        "tidetime3": "22:41 h",
        "tideheight3": "0.8 m",
        "tidetime4": "no record",
        "tideheight4": "no record",
        "coefficient": "78 high"
    },
    {
        "day": "30 Wed",
        "time": "5:54 h 17:56 h",
        "tidetime1": "1:41 h",
        "tideheight1": "0.5 m",
        "tidetime2": "8:57 h",
        "tideheight2": "1.4 m",
        "tidetime3": "16:29 h",
        "tideheight3": "0.2 m",
        "tidetime4": "22:39 h",
        "tideheight4": "0.9 m",
        "coefficient": "84 high"
    }
]