[
    {
        "day": "1 Sun",
        "time": "6:03 h 18:16 h",
        "tidetime1": "5:01 h",
        "tideheight1": "0.1 m",
        "tidetime2": "11:06 h",
        "tideheight2": "0.9 m",
        "tidetime3": "16:47 h",
        "tideheight3": "0.1 m",
        "tidetime4": "23:20 h",
        "tideheight4": "1.0 m",
        "coefficient": "100 very high"
    },
    {
        "day": "2 Mon",
        "time": "6:02 h 18:16 h",
        "tidetime1": "5:21 h",
        "tideheight1": "0.1 m",
        "tidetime2": "11:27 h",
        "tideheight2": "1.0 m",
        "tidetime3": "17:45 h",
        "tideheight3": "0.0 m",
        "tidetime4": "no record",
        "tideheight4": "no record",
        "coefficient": "93 very high"
    },
    {
        "day": "3 Tue",
        "time": "6:02 h 18:16 h",
        "tidetime1": "0:11 h",
        "tideheight1": "0.9 m",
        "tidetime2": "5:39 h",
        "tideheight2": "0.2 m",
        "tidetime3": "11:51 h",
        "tideheight3": "1.1 m",
        "tidetime4": "18:41 h",
        "tideheight4": "0.0 m",
        "coefficient": "83 high"
    },
    {
        "day": "4 Wed",
        "time": "6:01 h 18:16 h",
        "tidetime1": "1:05 h",
        "tideheight1": "0.8 m",
        "tidetime2": "5:52 h",
        "tideheight2": "0.3 m",
        "tidetime3": "12:17 h",
        "tideheight3": "1.1 m",
        "tidetime4": "19:37 h",
        "tideheight4": "0.0 m",
        "coefficient": "71 high"
    },
    {
        "day": "5 Thu",
        "time": "6:01 h 18:16 h",
        "tidetime1": "2:05 h",
        "tideheight1": "0.7 m",
        "tidetime2": "5:59 h",
        "tideheight2": "0.3 m",
        "tidetime3": "12:46 h",
        "tideheight3": "1.2 m",
        "tidetime4": "20:35 h",
        "tideheight4": "0.0 m",
        "coefficient": "58 average"
    },
    {
        "day": "6 Fri",
        "time": "6:00 h 18:16 h",
        "tidetime1": "3:29 h",
        "tideheight1": "0.7 m",
        "tidetime2": "5:46 h",
        "tideheight2": "0.3 m",
        "tidetime3": "13:18 h",
        "tideheight3": "1.2 m",
        "tidetime4": "21:40 h",
        "tideheight4": "0.0 m",
        "coefficient": "46 low"
    },
    {
        "day": "7 Sat",
        "time": "5:59 h 18:16 h",
        "tidetime1": "13:57 h",
        "tideheight1": "1.2 m",
        "tidetime2": "22:54 h",
        "tideheight2": "0.0 m",
        "tidetime3": "no record",
        "tideheight3": "no record",
        "tidetime4": "no record",
        "tideheight4": "no record",
        "coefficient": "36 low"
    },
    {
        "day": "8 Sun",
        "time": "5:59 h 18:15 h",
        "tidetime1": "14:46 h",
        "tideheight1": "1.1 m",
        "tidetime2": "no record",
        "tideheight2": "no record",
        "tidetime3": "no record",
        "tideheight3": "no record",
        "tidetime4": "no record",
        "tideheight4": "no record",
        "coefficient": "32 low"
    },
    {
        "day": "9 Mon",
        "time": "5:58 h 18:15 h",
        "tidetime1": "0:13 h",
        "tideheight1": "0.0 m",
        "tidetime2": "15:51 h",
        "tideheight2": "1.1 m",
        "tidetime3": "no record",
        "tideheight3": "no record",
        "tidetime4": "no record",
        "tideheight4": "no record",
        "coefficient": "35 low"
    },
    {
        "day": "10 Tue",
        "time": "5:58 h 18:15 h",
        "tidetime1": "1:22 h",
        "tideheight1": "0.0 m",
        "tidetime2": "17:14 h",
        "tideheight2": "1.1 m",
        "tidetime3": "no record",
        "tideheight3": "no record",
        "tidetime4": "no record",
        "tideheight4": "no record",
        "coefficient": "45 low"
    },
    {
        "day": "11 Wed",
        "time": "5:57 h 18:15 h",
        "tidetime1": "2:15 h",
        "tideheight1": "0.0 m",
        "tidetime2": "18:35 h",
        "tideheight2": "1.1 m",
        "tidetime3": "no record",
        "tideheight3": "no record",
        "tidetime4": "no record",
        "tideheight4": "no record",
        "coefficient": "56 average"
    },
    {
        "day": "12 Thu",
        "time": "5:57 h 18:15 h",
        "tidetime1": "2:54 h",
        "tideheight1": "0.0 m",
        "tidetime2": "10:05 h",
        "tideheight2": "0.7 m",
        "tidetime3": "12:33 h",
        "tideheight3": "0.4 m",
        "tidetime4": "19:44 h",
        "tideheight4": "1.1 m",
        "coefficient": "69 average"
    },
    {
        "day": "13 Fri",
        "time": "5:56 h 18:15 h",
        "tidetime1": "3:25 h",
        "tideheight1": "0.0 m",
        "tidetime2": "9:55 h",
        "tideheight2": "0.8 m",
        "tidetime3": "13:58 h",
        "tideheight3": "0.3 m",
        "tidetime4": "20:42 h",
        "tideheight4": "1.1 m",
        "coefficient": "80 high"
    },
    {
        "day": "14 Sat",
        "time": "5:56 h 18:15 h",
        "tidetime1": "3:50 h",
        "tideheight1": "0.1 m",
        "tidetime2": "10:03 h",
        "tideheight2": "0.8 m",
        "tidetime3": "15:01 h",
        "tideheight3": "0.3 m",
        "tidetime4": "21:35 h",
        "tideheight4": "1.1 m",
        "coefficient": "90 very high"
    },
    {
        "day": "15 Sun",
        "time": "5:55 h 18:15 h",
        "tidetime1": "4:11 h",
        "tideheight1": "0.1 m",
        "tidetime2": "10:17 h",
        "tideheight2": "0.9 m",
        "tidetime3": "15:56 h",
        "tideheight3": "0.2 m",
        "tidetime4": "22:27 h",
        "tideheight4": "1.0 m",
        "coefficient": "97 very high"
    },
    {
        "day": "16 Mon",
        "time": "5:55 h 18:16 h",
        "tidetime1": "4:29 h",
        "tideheight1": "0.2 m",
        "tidetime2": "10:35 h",
        "tideheight2": "1.0 m",
        "tidetime3": "16:49 h",
        "tideheight3": "0.1 m",
        "tidetime4": "23:19 h",
        "tideheight4": "1.0 m",
        "coefficient": "100 very high"
    },
    {
        "day": "17 Tue",
        "time": "5:54 h 18:16 h",
        "tidetime1": "4:45 h",
        "tideheight1": "0.3 m",
        "tidetime2": "10:55 h",
        "tideheight2": "1.1 m",
        "tidetime3": "17:42 h",
        "tideheight3": "0.0 m",
        "tidetime4": "no record",
        "tideheight4": "no record",
        "coefficient": "99 very high"
    },
    {
        "day": "18 Wed",
        "time": "5:54 h 18:16 h",
        "tidetime1": "0:15 h",
        "tideheight1": "0.9 m",
        "tidetime2": "4:57 h",
        "tideheight2": "0.3 m",
        "tidetime3": "11:20 h",
        "tideheight3": "1.2 m",
        "tidetime4": "18:36 h",
        "tideheight4": "-0.1 m",
        "coefficient": "93 very high"
    },
    {
        "day": "19 Thu",
        "time": "5:53 h 18:16 h",
        "tidetime1": "1:19 h",
        "tideheight1": "0.8 m",
        "tidetime2": "5:05 h",
        "tideheight2": "0.4 m",
        "tidetime3": "11:48 h",
        "tideheight3": "1.3 m",
        "tidetime4": "19:35 h",
        "tideheight4": "-0.1 m",
        "coefficient": "83 high"
    },
    {
        "day": "20 Fri",
        "time": "5:53 h 18:16 h",
        "tidetime1": "2:44 h",
        "tideheight1": "0.7 m",
        "tidetime2": "4:59 h",
        "tideheight2": "0.4 m",
        "tidetime3": "12:22 h",
        "tideheight3": "1.3 m",
        "tidetime4": "20:40 h",
        "tideheight4": "-0.1 m",
        "coefficient": "71 high"
    },
    {
        "day": "21 Sat",
        "time": "5:52 h 18:16 h",
        "tidetime1": "13:02 h",
        "tideheight1": "1.4 m",
        "tidetime2": "21:52 h",
        "tideheight2": "-0.2 m",
        "tidetime3": "no record",
        "tideheight3": "no record",
        "tidetime4": "no record",
        "tideheight4": "no record",
        "coefficient": "59 average"
    },
    {
        "day": "22 Sun",
        "time": "5:52 h 18:16 h",
        "tidetime1": "13:51 h",
        "tideheight1": "1.4 m",
        "tidetime2": "23:08 h",
        "tideheight2": "-0.2 m",
        "tidetime3": "no record",
        "tideheight3": "no record",
        "tidetime4": "no record",
        "tideheight4": "no record",
        "coefficient": "51 average"
    },
    {
        "day": "23 Mon",
        "time": "5:51 h 18:16 h",
        "tidetime1": "14:51 h",
        "tideheight1": "1.3 m",
        "tidetime2": "no record",
        "tideheight2": "no record",
        "tidetime3": "no record",
        "tideheight3": "no record",
        "tidetime4": "no record",
        "tideheight4": "no record",
        "coefficient": "51 average"
    },
    {
        "day": "24 Tue",
        "time": "5:51 h 18:16 h",
        "tidetime1": "0:20 h",
        "tideheight1": "-0.1 m",
        "tidetime2": "16:08 h",
        "tideheight2": "1.3 m",
        "tidetime3": "no record",
        "tideheight3": "no record",
        "tidetime4": "no record",
        "tideheight4": "no record",
        "coefficient": "59 average"
    },
    {
        "day": "25 Wed",
        "time": "5:51 h 18:16 h",
        "tidetime1": "1:19 h",
        "tideheight1": "-0.1 m",
        "tidetime2": "17:38 h",
        "tideheight2": "1.2 m",
        "tidetime3": "no record",
        "tideheight3": "no record",
        "tidetime4": "no record",
        "tideheight4": "no record",
        "coefficient": "69 average"
    },
    {
        "day": "26 Thu",
        "time": "5:50 h 18:16 h",
        "tidetime1": "2:04 h",
        "tideheight1": "0.0 m",
        "tidetime2": "9:31 h",
        "tideheight2": "0.8 m",
        "tidetime3": "12:11 h",
        "tideheight3": "0.4 m",
        "tidetime4": "19:07 h",
        "tideheight4": "1.1 m",
        "coefficient": "80 high"
    },
    {
        "day": "27 Fri",
        "time": "5:50 h 18:16 h",
        "tidetime1": "2:38 h",
        "tideheight1": "0.0 m",
        "tidetime2": "9:26 h",
        "tideheight2": "0.9 m",
        "tidetime3": "14:01 h",
        "tideheight3": "0.4 m",
        "tidetime4": "20:24 h",
        "tideheight4": "1.1 m",
        "coefficient": "88 high"
    },
    {
        "day": "28 Sat",
        "time": "5:49 h 18:16 h",
        "tidetime1": "3:05 h",
        "tideheight1": "0.1 m",
        "tidetime2": "9:37 h",
        "tideheight2": "1.0 m",
        "tidetime3": "15:17 h",
        "tideheight3": "0.2 m",
        "tidetime4": "21:32 h",
        "tideheight4": "1.0 m",
        "coefficient": "93 very high"
    },
    {
        "day": "29 Sun",
        "time": "5:49 h 18:16 h",
        "tidetime1": "3:27 h",
        "tideheight1": "0.2 m",
        "tidetime2": "9:55 h",
        "tideheight2": "1.1 m",
        "tidetime3": "16:18 h",
        "tideheight3": "0.1 m",
        "tidetime4": "22:33 h",
        "tideheight4": "0.9 m",
        "coefficient": "94 very high"
    },
    {
        "day": "30 Mon",
        "time": "5:49 h 18:16 h",
        "tidetime1": "3:46 h",
        "tideheight1": "0.3 m",
        "tidetime2": "10:17 h",
        "tideheight2": "1.2 m",
        "tidetime3": "17:12 h",
        "tideheight3": "0.0 m",
        "tidetime4": "23:32 h",
        "tideheight4": "0.8 m",
        "coefficient": "91 very high"
    }
]