[
    {
        "day": "1 Sun",
        "time": "5:56 h 18:14 h",
        "tidetime1": "0:13 h",
        "tideheight1": "0.8 m",
        "tidetime2": "3:46 h",
        "tideheight2": "0.4 m",
        "tidetime3": "11:06 h",
        "tideheight3": "1.6 m",
        "tidetime4": "18:32 h",
        "tideheight4": "0.1 m",
        "coefficient": "108 very high"
    },
    {
        "day": "2 Mon",
        "time": "5:56 h 18:14 h",
        "tidetime1": "0:29 h",
        "tideheight1": "0.9 m",
        "tidetime2": "4:59 h",
        "tideheight2": "0.3 m",
        "tidetime3": "11:59 h",
        "tideheight3": "1.4 m",
        "tidetime4": "18:55 h",
        "tideheight4": "0.2 m",
        "coefficient": "98 very high"
    },
    {
        "day": "3 Tue",
        "time": "5:56 h 18:13 h",
        "tidetime1": "0:52 h",
        "tideheight1": "1.0 m",
        "tidetime2": "6:14 h",
        "tideheight2": "0.3 m",
        "tidetime3": "12:53 h",
        "tideheight3": "1.3 m",
        "tidetime4": "19:13 h",
        "tideheight4": "0.3 m",
        "coefficient": "84 high"
    },
    {
        "day": "4 Wed",
        "time": "5:56 h 18:13 h",
        "tidetime1": "1:20 h",
        "tideheight1": "1.1 m",
        "tidetime2": "7:33 h",
        "tideheight2": "0.3 m",
        "tidetime3": "13:54 h",
        "tideheight3": "1.1 m",
        "tidetime4": "19:26 h",
        "tideheight4": "0.4 m",
        "coefficient": "68 average"
    },
    {
        "day": "5 Thu",
        "time": "5:56 h 18:12 h",
        "tidetime1": "1:54 h",
        "tideheight1": "1.2 m",
        "tidetime2": "9:01 h",
        "tideheight2": "0.3 m",
        "tidetime3": "15:12 h",
        "tideheight3": "0.9 m",
        "tidetime4": "19:29 h",
        "tideheight4": "0.5 m",
        "coefficient": "53 average"
    },
    {
        "day": "6 Fri",
        "time": "5:56 h 18:11 h",
        "tidetime1": "2:36 h",
        "tideheight1": "1.3 m",
        "tidetime2": "10:41 h",
        "tideheight2": "0.2 m",
        "tidetime3": "no record",
        "tideheight3": "no record",
        "tidetime4": "no record",
        "tideheight4": "no record",
        "coefficient": "42 low"
    },
    {
        "day": "7 Sat",
        "time": "5:56 h 18:11 h",
        "tidetime1": "3:27 h",
        "tideheight1": "1.4 m",
        "tidetime2": "12:29 h",
        "tideheight2": "0.2 m",
        "tidetime3": "no record",
        "tideheight3": "no record",
        "tidetime4": "no record",
        "tideheight4": "no record",
        "coefficient": "39 low"
    },
    {
        "day": "8 Sun",
        "time": "5:56 h 18:10 h",
        "tidetime1": "4:28 h",
        "tideheight1": "1.4 m",
        "tidetime2": "13:57 h",
        "tideheight2": "0.1 m",
        "tidetime3": "no record",
        "tideheight3": "no record",
        "tidetime4": "no record",
        "tideheight4": "no record",
        "coefficient": "44 low"
    },
    {
        "day": "9 Mon",
        "time": "5:55 h 18:10 h",
        "tidetime1": "5:38 h",
        "tideheight1": "1.4 m",
        "tidetime2": "14:57 h",
        "tideheight2": "0.1 m",
        "tidetime3": "no record",
        "tideheight3": "no record",
        "tidetime4": "no record",
        "tideheight4": "no record",
        "coefficient": "52 average"
    },
    {
        "day": "10 Tue",
        "time": "5:55 h 18:09 h",
        "tidetime1": "6:48 h",
        "tideheight1": "1.4 m",
        "tidetime2": "15:41 h",
        "tideheight2": "0.1 m",
        "tidetime3": "no record",
        "tideheight3": "no record",
        "tidetime4": "no record",
        "tideheight4": "no record",
        "coefficient": "62 average"
    },
    {
        "day": "11 Wed",
        "time": "5:55 h 18:08 h",
        "tidetime1": "7:50 h",
        "tideheight1": "1.4 m",
        "tidetime2": "16:16 h",
        "tideheight2": "0.1 m",
        "tidetime3": "23:36 h",
        "tideheight3": "0.8 m",
        "tidetime4": "no record",
        "tideheight4": "no record",
        "coefficient": "70 high"
    },
    {
        "day": "12 Thu",
        "time": "5:55 h 18:08 h",
        "tidetime1": "0:23 h",
        "tideheight1": "0.5 m",
        "tidetime2": "8:42 h",
        "tideheight2": "1.5 m",
        "tidetime3": "16:46 h",
        "tideheight3": "0.1 m",
        "tidetime4": "23:12 h",
        "tideheight4": "0.8 m",
        "coefficient": "77 high"
    },
    {
        "day": "13 Fri",
        "time": "5:55 h 18:07 h",
        "tidetime1": "1:59 h",
        "tideheight1": "0.5 m",
        "tidetime2": "9:29 h",
        "tideheight2": "1.4 m",
        "tidetime3": "17:12 h",
        "tideheight3": "0.2 m",
        "tidetime4": "23:16 h",
        "tideheight4": "0.8 m",
        "coefficient": "82 high"
    },
    {
        "day": "14 Sat",
        "time": "5:55 h 18:06 h",
        "tidetime1": "3:00 h",
        "tideheight1": "0.4 m",
        "tidetime2": "10:11 h",
        "tideheight2": "1.4 m",
        "tidetime3": "17:35 h",
        "tideheight3": "0.2 m",
        "tidetime4": "23:27 h",
        "tideheight4": "0.9 m",
        "coefficient": "85 high"
    },
    {
        "day": "15 Sun",
        "time": "5:55 h 18:06 h",
        "tidetime1": "3:53 h",
        "tideheight1": "0.4 m",
        "tidetime2": "10:51 h",
        "tideheight2": "1.4 m",
        "tidetime3": "17:56 h",
        "tideheight3": "0.3 m",
        "tidetime4": "23:42 h",
        "tideheight4": "0.9 m",
        "coefficient": "85 high"
    },
    {
        "day": "16 Mon",
        "time": "5:55 h 18:05 h",
        "tidetime1": "4:43 h",
        "tideheight1": "0.4 m",
        "tidetime2": "11:30 h",
        "tideheight2": "1.3 m",
        "tidetime3": "18:14 h",
        "tideheight3": "0.3 m",
        "tidetime4": "no record",
        "tideheight4": "no record",
        "coefficient": "83 high"
    },
    {
        "day": "17 Tue",
        "time": "5:55 h 18:05 h",
        "tidetime1": "0:00 h",
        "tideheight1": "1.0 m",
        "tidetime2": "5:33 h",
        "tideheight2": "0.3 m",
        "tidetime3": "12:11 h",
        "tideheight3": "1.2 m",
        "tidetime4": "18:29 h",
        "tideheight4": "0.4 m",
        "coefficient": "78 high"
    },
    {
        "day": "18 Wed",
        "time": "5:55 h 18:04 h",
        "tidetime1": "0:20 h",
        "tideheight1": "1.1 m",
        "tidetime2": "6:24 h",
        "tideheight2": "0.3 m",
        "tidetime3": "12:55 h",
        "tideheight3": "1.1 m",
        "tidetime4": "18:39 h",
        "tideheight4": "0.4 m",
        "coefficient": "71 high"
    },
    {
        "day": "19 Thu",
        "time": "5:55 h 18:03 h",
        "tidetime1": "0:41 h",
        "tideheight1": "1.1 m",
        "tidetime2": "7:21 h",
        "tideheight2": "0.3 m",
        "tidetime3": "13:47 h",
        "tideheight3": "1.0 m",
        "tidetime4": "18:44 h",
        "tideheight4": "0.5 m",
        "coefficient": "62 average"
    },
    {
        "day": "20 Fri",
        "time": "5:55 h 18:03 h",
        "tidetime1": "1:05 h",
        "tideheight1": "1.2 m",
        "tidetime2": "8:26 h",
        "tideheight2": "0.3 m",
        "tidetime3": "15:01 h",
        "tideheight3": "0.9 m",
        "tidetime4": "18:35 h",
        "tideheight4": "0.5 m",
        "coefficient": "53 average"
    },
    {
        "day": "21 Sat",
        "time": "5:54 h 18:02 h",
        "tidetime1": "1:35 h",
        "tideheight1": "1.3 m",
        "tidetime2": "9:45 h",
        "tideheight2": "0.2 m",
        "tidetime3": "no record",
        "tideheight3": "no record",
        "tidetime4": "no record",
        "tideheight4": "no record",
        "coefficient": "44 low"
    },
    {
        "day": "22 Sun",
        "time": "5:54 h 18:01 h",
        "tidetime1": "2:15 h",
        "tideheight1": "1.3 m",
        "tidetime2": "11:20 h",
        "tideheight2": "0.2 m",
        "tidetime3": "no record",
        "tideheight3": "no record",
        "tidetime4": "no record",
        "tideheight4": "no record",
        "coefficient": "40 low"
    },
    {
        "day": "23 Mon",
        "time": "5:54 h 18:01 h",
        "tidetime1": "3:11 h",
        "tideheight1": "1.4 m",
        "tidetime2": "12:51 h",
        "tideheight2": "0.1 m",
        "tidetime3": "no record",
        "tideheight3": "no record",
        "tidetime4": "no record",
        "tideheight4": "no record",
        "coefficient": "45 low"
    },
    {
        "day": "24 Tue",
        "time": "5:54 h 18:00 h",
        "tidetime1": "4:24 h",
        "tideheight1": "1.4 m",
        "tidetime2": "14:01 h",
        "tideheight2": "0.1 m",
        "tidetime3": "no record",
        "tideheight3": "no record",
        "tidetime4": "no record",
        "tideheight4": "no record",
        "coefficient": "59 average"
    },
    {
        "day": "25 Wed",
        "time": "5:54 h 18:00 h",
        "tidetime1": "5:47 h",
        "tideheight1": "1.4 m",
        "tidetime2": "14:53 h",
        "tideheight2": "0.0 m",
        "tidetime3": "no record",
        "tideheight3": "no record",
        "tidetime4": "no record",
        "tideheight4": "no record",
        "coefficient": "75 high"
    },
    {
        "day": "26 Thu",
        "time": "5:54 h 17:59 h",
        "tidetime1": "7:04 h",
        "tideheight1": "1.5 m",
        "tidetime2": "15:35 h",
        "tideheight2": "0.0 m",
        "tidetime3": "23:04 h",
        "tideheight3": "0.8 m",
        "tidetime4": "no record",
        "tideheight4": "no record",
        "coefficient": "92 very high"
    },
    {
        "day": "27 Fri",
        "time": "5:54 h 17:58 h",
        "tidetime1": "0:10 h",
        "tideheight1": "0.5 m",
        "tidetime2": "8:12 h",
        "tideheight2": "1.5 m",
        "tidetime3": "16:10 h",
        "tideheight3": "0.0 m",
        "tidetime4": "22:40 h",
        "tideheight4": "0.8 m",
        "coefficient": "105 very high"
    },
    {
        "day": "28 Sat",
        "time": "5:54 h 17:58 h",
        "tidetime1": "2:01 h",
        "tideheight1": "0.4 m",
        "tidetime2": "9:14 h",
        "tideheight2": "1.5 m",
        "tidetime3": "16:39 h",
        "tideheight3": "0.1 m",
        "tidetime4": "22:46 h",
        "tideheight4": "0.9 m",
        "coefficient": "114 very high"
    },
    {
        "day": "29 Sun",
        "time": "5:54 h 17:57 h",
        "tidetime1": "3:19 h",
        "tideheight1": "0.3 m",
        "tidetime2": "10:13 h",
        "tideheight2": "1.4 m",
        "tidetime3": "17:02 h",
        "tideheight3": "0.2 m",
        "tidetime4": "23:01 h",
        "tideheight4": "1.0 m",
        "coefficient": "115 very high"
    },
    {
        "day": "30 Mon",
        "time": "5:54 h 17:57 h",
        "tidetime1": "4:28 h",
        "tideheight1": "0.2 m",
        "tidetime2": "11:10 h",
        "tideheight2": "1.3 m",
        "tidetime3": "17:22 h",
        "tideheight3": "0.3 m",
        "tidetime4": "23:22 h",
        "tideheight4": "1.1 m",
        "coefficient": "109 very high"
    }
]