[
    {
        "day": "1 Fri",
        "time": "6:06 h 17:42 h",
        "tidetime1": "2:42 h",
        "tideheight1": "0.2 m",
        "tidetime2": "8:23 h",
        "tideheight2": "0.8 m",
        "tidetime3": "13:29 h",
        "tideheight3": "0.2 m",
        "tidetime4": "20:30 h",
        "tideheight4": "1.2 m",
        "coefficient": "92 very high"
    },
    {
        "day": "2 Sat",
        "time": "6:06 h 17:42 h",
        "tidetime1": "3:40 h",
        "tideheight1": "0.1 m",
        "tidetime2": "9:45 h",
        "tideheight2": "0.8 m",
        "tidetime3": "13:49 h",
        "tideheight3": "0.3 m",
        "tidetime4": "20:56 h",
        "tideheight4": "1.3 m",
        "coefficient": "101 very high"
    },
    {
        "day": "3 Sun",
        "time": "6:07 h 17:43 h",
        "tidetime1": "4:33 h",
        "tideheight1": "-0.1 m",
        "tidetime2": "11:02 h",
        "tideheight2": "0.7 m",
        "tidetime3": "14:06 h",
        "tideheight3": "0.3 m",
        "tidetime4": "21:28 h",
        "tideheight4": "1.4 m",
        "coefficient": "105 very high"
    },
    {
        "day": "4 Mon",
        "time": "6:07 h 17:43 h",
        "tidetime1": "5:25 h",
        "tideheight1": "-0.2 m",
        "tidetime2": "12:22 h",
        "tideheight2": "0.7 m",
        "tidetime3": "14:18 h",
        "tideheight3": "0.3 m",
        "tidetime4": "22:03 h",
        "tideheight4": "1.5 m",
        "coefficient": "104 very high"
    },
    {
        "day": "5 Tue",
        "time": "6:08 h 17:43 h",
        "tidetime1": "6:17 h",
        "tideheight1": "-0.3 m",
        "tidetime2": "22:43 h",
        "tideheight2": "1.6 m",
        "tidetime3": "no record",
        "tideheight3": "no record",
        "tidetime4": "no record",
        "tideheight4": "no record",
        "coefficient": "98 very high"
    },
    {
        "day": "6 Wed",
        "time": "6:08 h 17:44 h",
        "tidetime1": "7:10 h",
        "tideheight1": "-0.3 m",
        "tidetime2": "23:26 h",
        "tideheight2": "1.6 m",
        "tidetime3": "no record",
        "tideheight3": "no record",
        "tidetime4": "no record",
        "tideheight4": "no record",
        "coefficient": "89 high"
    },
    {
        "day": "7 Thu",
        "time": "6:09 h 17:44 h",
        "tidetime1": "8:04 h",
        "tideheight1": "-0.3 m",
        "tidetime2": "no record",
        "tideheight2": "no record",
        "tidetime3": "no record",
        "tideheight3": "no record",
        "tidetime4": "no record",
        "tideheight4": "no record",
        "coefficient": "77 high"
    },
    {
        "day": "8 Fri",
        "time": "6:09 h 17:44 h",
        "tidetime1": "0:12 h",
        "tideheight1": "1.6 m",
        "tidetime2": "8:56 h",
        "tideheight2": "-0.3 m",
        "tidetime3": "no record",
        "tideheight3": "no record",
        "tidetime4": "no record",
        "tideheight4": "no record",
        "coefficient": "66 average"
    },
    {
        "day": "9 Sat",
        "time": "6:10 h 17:45 h",
        "tidetime1": "1:00 h",
        "tideheight1": "1.5 m",
        "tidetime2": "9:47 h",
        "tideheight2": "-0.2 m",
        "tidetime3": "no record",
        "tideheight3": "no record",
        "tidetime4": "no record",
        "tideheight4": "no record",
        "coefficient": "57 average"
    },
    {
        "day": "10 Sun",
        "time": "6:10 h 17:45 h",
        "tidetime1": "1:51 h",
        "tideheight1": "1.3 m",
        "tidetime2": "10:33 h",
        "tideheight2": "-0.1 m",
        "tidetime3": "no record",
        "tideheight3": "no record",
        "tidetime4": "no record",
        "tideheight4": "no record",
        "coefficient": "52 average"
    },
    {
        "day": "11 Mon",
        "time": "6:11 h 17:46 h",
        "tidetime1": "2:48 h",
        "tideheight1": "1.2 m",
        "tidetime2": "11:13 h",
        "tideheight2": "0.0 m",
        "tidetime3": "19:10 h",
        "tideheight3": "0.8 m",
        "tidetime4": "22:01 h",
        "tideheight4": "0.5 m",
        "coefficient": "53 average"
    },
    {
        "day": "12 Tue",
        "time": "6:11 h 17:46 h",
        "tidetime1": "4:01 h",
        "tideheight1": "1.0 m",
        "tidetime2": "11:46 h",
        "tideheight2": "0.1 m",
        "tidetime3": "19:18 h",
        "tideheight3": "0.9 m",
        "tidetime4": "no record",
        "tideheight4": "no record",
        "coefficient": "57 average"
    },
    {
        "day": "13 Wed",
        "time": "6:12 h 17:46 h",
        "tidetime1": "0:38 h",
        "tideheight1": "0.4 m",
        "tidetime2": "5:41 h",
        "tideheight2": "0.8 m",
        "tidetime3": "12:13 h",
        "tideheight3": "0.2 m",
        "tidetime4": "19:38 h",
        "tideheight4": "1.0 m",
        "coefficient": "62 average"
    },
    {
        "day": "14 Thu",
        "time": "6:13 h 17:47 h",
        "tidetime1": "2:23 h",
        "tideheight1": "0.3 m",
        "tidetime2": "7:31 h",
        "tideheight2": "0.7 m",
        "tidetime3": "12:36 h",
        "tideheight3": "0.2 m",
        "tidetime4": "20:02 h",
        "tideheight4": "1.1 m",
        "coefficient": "67 average"
    },
    {
        "day": "15 Fri",
        "time": "6:13 h 17:47 h",
        "tidetime1": "3:28 h",
        "tideheight1": "0.1 m",
        "tidetime2": "9:04 h",
        "tideheight2": "0.7 m",
        "tidetime3": "12:57 h",
        "tideheight3": "0.3 m",
        "tidetime4": "20:28 h",
        "tideheight4": "1.2 m",
        "coefficient": "72 high"
    },
    {
        "day": "16 Sat",
        "time": "6:14 h 17:48 h",
        "tidetime1": "4:16 h",
        "tideheight1": "0.0 m",
        "tidetime2": "10:22 h",
        "tideheight2": "0.6 m",
        "tidetime3": "13:17 h",
        "tideheight3": "0.3 m",
        "tidetime4": "20:56 h",
        "tideheight4": "1.3 m",
        "coefficient": "75 high"
    },
    {
        "day": "17 Sun",
        "time": "6:14 h 17:48 h",
        "tidetime1": "4:56 h",
        "tideheight1": "-0.1 m",
        "tidetime2": "11:30 h",
        "tideheight2": "0.6 m",
        "tidetime3": "13:35 h",
        "tideheight3": "0.3 m",
        "tidetime4": "21:26 h",
        "tideheight4": "1.3 m",
        "coefficient": "78 high"
    },
    {
        "day": "18 Mon",
        "time": "6:15 h 17:49 h",
        "tidetime1": "5:34 h",
        "tideheight1": "-0.1 m",
        "tidetime2": "12:36 h",
        "tideheight2": "0.6 m",
        "tidetime3": "13:47 h",
        "tideheight3": "0.3 m",
        "tidetime4": "21:57 h",
        "tideheight4": "1.4 m",
        "coefficient": "78 high"
    },
    {
        "day": "19 Tue",
        "time": "6:15 h 17:49 h",
        "tidetime1": "6:11 h",
        "tideheight1": "-0.2 m",
        "tidetime2": "22:29 h",
        "tideheight2": "1.4 m",
        "tidetime3": "no record",
        "tideheight3": "no record",
        "tidetime4": "no record",
        "tideheight4": "no record",
        "coefficient": "78 high"
    },
    {
        "day": "20 Wed",
        "time": "6:16 h 17:50 h",
        "tidetime1": "6:48 h",
        "tideheight1": "-0.2 m",
        "tidetime2": "23:01 h",
        "tideheight2": "1.4 m",
        "tidetime3": "no record",
        "tideheight3": "no record",
        "tidetime4": "no record",
        "tideheight4": "no record",
        "coefficient": "75 high"
    },
    {
        "day": "21 Thu",
        "time": "6:16 h 17:50 h",
        "tidetime1": "7:26 h",
        "tideheight1": "-0.2 m",
        "tidetime2": "23:34 h",
        "tideheight2": "1.4 m",
        "tidetime3": "no record",
        "tideheight3": "no record",
        "tidetime4": "no record",
        "tideheight4": "no record",
        "coefficient": "70 high"
    },
    {
        "day": "22 Fri",
        "time": "6:17 h 17:51 h",
        "tidetime1": "8:04 h",
        "tideheight1": "-0.2 m",
        "tidetime2": "no record",
        "tideheight2": "no record",
        "tidetime3": "no record",
        "tideheight3": "no record",
        "tidetime4": "no record",
        "tideheight4": "no record",
        "coefficient": "64 average"
    },
    {
        "day": "23 Sat",
        "time": "6:17 h 17:51 h",
        "tidetime1": "0:08 h",
        "tideheight1": "1.3 m",
        "tidetime2": "8:43 h",
        "tideheight2": "-0.1 m",
        "tidetime3": "no record",
        "tideheight3": "no record",
        "tidetime4": "no record",
        "tideheight4": "no record",
        "coefficient": "59 average"
    },
    {
        "day": "24 Sun",
        "time": "6:18 h 17:52 h",
        "tidetime1": "0:42 h",
        "tideheight1": "1.3 m",
        "tidetime2": "9:20 h",
        "tideheight2": "-0.1 m",
        "tidetime3": "no record",
        "tideheight3": "no record",
        "tidetime4": "no record",
        "tideheight4": "no record",
        "coefficient": "53 average"
    },
    {
        "day": "25 Mon",
        "time": "6:18 h 17:52 h",
        "tidetime1": "1:19 h",
        "tideheight1": "1.2 m",
        "tidetime2": "9:55 h",
        "tideheight2": "0.0 m",
        "tidetime3": "no record",
        "tideheight3": "no record",
        "tidetime4": "no record",
        "tideheight4": "no record",
        "coefficient": "50 average"
    },
    {
        "day": "26 Tue",
        "time": "6:19 h 17:53 h",
        "tidetime1": "2:00 h",
        "tideheight1": "1.1 m",
        "tidetime2": "10:26 h",
        "tideheight2": "0.0 m",
        "tidetime3": "18:40 h",
        "tideheight3": "0.8 m",
        "tidetime4": "20:49 h",
        "tideheight4": "0.5 m",
        "coefficient": "50 average"
    },
    {
        "day": "27 Wed",
        "time": "6:19 h 17:53 h",
        "tidetime1": "2:53 h",
        "tideheight1": "0.9 m",
        "tidetime2": "10:54 h",
        "tideheight2": "0.1 m",
        "tidetime3": "18:34 h",
        "tideheight3": "0.9 m",
        "tidetime4": "23:38 h",
        "tideheight4": "0.4 m",
        "coefficient": "54 average"
    },
    {
        "day": "28 Thu",
        "time": "6:20 h 17:54 h",
        "tidetime1": "4:19 h",
        "tideheight1": "0.8 m",
        "tidetime2": "11:18 h",
        "tideheight2": "0.1 m",
        "tidetime3": "18:50 h",
        "tideheight3": "1.0 m",
        "tidetime4": "no record",
        "tideheight4": "no record",
        "coefficient": "62 average"
    },
    {
        "day": "29 Fri",
        "time": "6:20 h 17:54 h",
        "tidetime1": "1:39 h",
        "tideheight1": "0.3 m",
        "tidetime2": "6:35 h",
        "tideheight2": "0.7 m",
        "tidetime3": "11:40 h",
        "tideheight3": "0.2 m",
        "tidetime4": "19:14 h",
        "tideheight4": "1.1 m",
        "coefficient": "73 high"
    },
    {
        "day": "30 Sat",
        "time": "6:20 h 17:55 h",
        "tidetime1": "2:54 h",
        "tideheight1": "0.1 m",
        "tidetime2": "8:42 h",
        "tideheight2": "0.6 m",
        "tidetime3": "12:00 h",
        "tideheight3": "0.2 m",
        "tidetime4": "19:45 h",
        "tideheight4": "1.2 m",
        "coefficient": "84 high"
    },
    {
        "day": "31 Sun",
        "time": "6:21 h 17:55 h",
        "tidetime1": "3:51 h",
        "tideheight1": "-0.1 m",
        "tidetime2": "10:28 h",
        "tideheight2": "0.6 m",
        "tidetime3": "12:14 h",
        "tideheight3": "0.3 m",
        "tidetime4": "20:23 h",
        "tideheight4": "1.4 m",
        "coefficient": "94 very high"
    }
]