[
    {
        "day": "1 Fri",
        "time": "5:56 h 18:14 h",
        "tidetime1": "5:43 h",
        "tideheight1": "1.3 m",
        "tidetime2": "14:38 h",
        "tideheight2": "0.2 m",
        "tidetime3": "no record",
        "tideheight3": "no record",
        "tidetime4": "no record",
        "tideheight4": "no record",
        "coefficient": "48 low"
    },
    {
        "day": "2 Sat",
        "time": "5:56 h 18:13 h",
        "tidetime1": "6:46 h",
        "tideheight1": "1.3 m",
        "tidetime2": "15:24 h",
        "tideheight2": "0.2 m",
        "tidetime3": "no record",
        "tideheight3": "no record",
        "tidetime4": "no record",
        "tideheight4": "no record",
        "coefficient": "59 average"
    },
    {
        "day": "3 Sun",
        "time": "5:56 h 18:13 h",
        "tidetime1": "7:43 h",
        "tideheight1": "1.4 m",
        "tidetime2": "16:01 h",
        "tideheight2": "0.2 m",
        "tidetime3": "23:00 h",
        "tideheight3": "0.8 m",
        "tidetime4": "no record",
        "tideheight4": "no record",
        "coefficient": "71 high"
    },
    {
        "day": "4 Mon",
        "time": "5:56 h 18:12 h",
        "tidetime1": "0:30 h",
        "tideheight1": "0.5 m",
        "tidetime2": "8:32 h",
        "tideheight2": "1.4 m",
        "tidetime3": "16:34 h",
        "tideheight3": "0.1 m",
        "tidetime4": "22:59 h",
        "tideheight4": "0.8 m",
        "coefficient": "81 high"
    },
    {
        "day": "5 Tue",
        "time": "5:56 h 18:12 h",
        "tidetime1": "1:46 h",
        "tideheight1": "0.5 m",
        "tidetime2": "9:17 h",
        "tideheight2": "1.5 m",
        "tidetime3": "17:03 h",
        "tideheight3": "0.1 m",
        "tidetime4": "23:12 h",
        "tideheight4": "0.9 m",
        "coefficient": "89 high"
    },
    {
        "day": "6 Wed",
        "time": "5:56 h 18:11 h",
        "tidetime1": "2:45 h",
        "tideheight1": "0.5 m",
        "tidetime2": "10:00 h",
        "tideheight2": "1.5 m",
        "tidetime3": "17:29 h",
        "tideheight3": "0.2 m",
        "tidetime4": "23:30 h",
        "tideheight4": "0.9 m",
        "coefficient": "95 very high"
    },
    {
        "day": "7 Thu",
        "time": "5:56 h 18:10 h",
        "tidetime1": "3:40 h",
        "tideheight1": "0.4 m",
        "tidetime2": "10:42 h",
        "tideheight2": "1.4 m",
        "tidetime3": "17:53 h",
        "tideheight3": "0.2 m",
        "tidetime4": "23:50 h",
        "tideheight4": "0.9 m",
        "coefficient": "97 very high"
    },
    {
        "day": "8 Fri",
        "time": "5:56 h 18:10 h",
        "tidetime1": "4:34 h",
        "tideheight1": "0.4 m",
        "tidetime2": "11:24 h",
        "tideheight2": "1.4 m",
        "tidetime3": "18:14 h",
        "tideheight3": "0.3 m",
        "tidetime4": "no record",
        "tideheight4": "no record",
        "coefficient": "96 very high"
    },
    {
        "day": "9 Sat",
        "time": "5:55 h 18:09 h",
        "tidetime1": "0:12 h",
        "tideheight1": "1.0 m",
        "tidetime2": "5:30 h",
        "tideheight2": "0.3 m",
        "tidetime3": "12:09 h",
        "tideheight3": "1.3 m",
        "tidetime4": "18:33 h",
        "tideheight4": "0.3 m",
        "coefficient": "91 very high"
    },
    {
        "day": "10 Sun",
        "time": "5:55 h 18:09 h",
        "tidetime1": "0:35 h",
        "tideheight1": "1.1 m",
        "tidetime2": "6:30 h",
        "tideheight2": "0.3 m",
        "tidetime3": "12:58 h",
        "tideheight3": "1.1 m",
        "tidetime4": "18:49 h",
        "tideheight4": "0.4 m",
        "coefficient": "82 high"
    },
    {
        "day": "11 Mon",
        "time": "5:55 h 18:08 h",
        "tidetime1": "1:02 h",
        "tideheight1": "1.2 m",
        "tidetime2": "7:39 h",
        "tideheight2": "0.3 m",
        "tidetime3": "13:57 h",
        "tideheight3": "1.0 m",
        "tidetime4": "19:00 h",
        "tideheight4": "0.5 m",
        "coefficient": "71 high"
    },
    {
        "day": "12 Tue",
        "time": "5:55 h 18:07 h",
        "tidetime1": "1:36 h",
        "tideheight1": "1.3 m",
        "tidetime2": "8:58 h",
        "tideheight2": "0.3 m",
        "tidetime3": "15:21 h",
        "tideheight3": "0.9 m",
        "tidetime4": "19:03 h",
        "tideheight4": "0.5 m",
        "coefficient": "59 average"
    },
    {
        "day": "13 Wed",
        "time": "5:55 h 18:07 h",
        "tidetime1": "2:18 h",
        "tideheight1": "1.3 m",
        "tidetime2": "10:32 h",
        "tideheight2": "0.2 m",
        "tidetime3": "no record",
        "tideheight3": "no record",
        "tidetime4": "no record",
        "tideheight4": "no record",
        "coefficient": "51 average"
    },
    {
        "day": "14 Thu",
        "time": "5:55 h 18:06 h",
        "tidetime1": "3:12 h",
        "tideheight1": "1.4 m",
        "tidetime2": "12:14 h",
        "tideheight2": "0.2 m",
        "tidetime3": "no record",
        "tideheight3": "no record",
        "tidetime4": "no record",
        "tideheight4": "no record",
        "coefficient": "51 average"
    },
    {
        "day": "15 Fri",
        "time": "5:55 h 18:06 h",
        "tidetime1": "4:20 h",
        "tideheight1": "1.4 m",
        "tidetime2": "13:39 h",
        "tideheight2": "0.1 m",
        "tidetime3": "no record",
        "tideheight3": "no record",
        "tidetime4": "no record",
        "tideheight4": "no record",
        "coefficient": "59 average"
    },
    {
        "day": "16 Sat",
        "time": "5:55 h 18:05 h",
        "tidetime1": "5:38 h",
        "tideheight1": "1.5 m",
        "tidetime2": "14:39 h",
        "tideheight2": "0.1 m",
        "tidetime3": "no record",
        "tideheight3": "no record",
        "tidetime4": "no record",
        "tideheight4": "no record",
        "coefficient": "71 high"
    },
    {
        "day": "17 Sun",
        "time": "5:55 h 18:04 h",
        "tidetime1": "6:53 h",
        "tideheight1": "1.5 m",
        "tidetime2": "15:25 h",
        "tideheight2": "0.0 m",
        "tidetime3": "22:50 h",
        "tideheight3": "0.8 m",
        "tidetime4": "23:47 h",
        "tideheight4": "0.5 m",
        "coefficient": "83 high"
    },
    {
        "day": "18 Mon",
        "time": "5:55 h 18:04 h",
        "tidetime1": "8:01 h",
        "tideheight1": "1.5 m",
        "tidetime2": "16:02 h",
        "tideheight2": "0.1 m",
        "tidetime3": "22:34 h",
        "tideheight3": "0.8 m",
        "tidetime4": "no record",
        "tideheight4": "no record",
        "coefficient": "92 very high"
    },
    {
        "day": "19 Tue",
        "time": "5:55 h 18:03 h",
        "tidetime1": "1:39 h",
        "tideheight1": "0.5 m",
        "tidetime2": "9:00 h",
        "tideheight2": "1.5 m",
        "tidetime3": "16:32 h",
        "tideheight3": "0.1 m",
        "tidetime4": "22:44 h",
        "tideheight4": "0.9 m",
        "coefficient": "98 very high"
    },
    {
        "day": "20 Wed",
        "time": "5:54 h 18:02 h",
        "tidetime1": "2:55 h",
        "tideheight1": "0.4 m",
        "tidetime2": "9:54 h",
        "tideheight2": "1.4 m",
        "tidetime3": "16:58 h",
        "tideheight3": "0.2 m",
        "tidetime4": "23:01 h",
        "tideheight4": "1.0 m",
        "coefficient": "99 very high"
    },
    {
        "day": "21 Thu",
        "time": "5:54 h 18:02 h",
        "tidetime1": "3:58 h",
        "tideheight1": "0.3 m",
        "tidetime2": "10:43 h",
        "tideheight2": "1.3 m",
        "tidetime3": "17:22 h",
        "tideheight3": "0.3 m",
        "tidetime4": "23:21 h",
        "tideheight4": "1.0 m",
        "coefficient": "96 very high"
    },
    {
        "day": "22 Fri",
        "time": "5:54 h 18:01 h",
        "tidetime1": "4:56 h",
        "tideheight1": "0.3 m",
        "tidetime2": "11:31 h",
        "tideheight2": "1.2 m",
        "tidetime3": "17:43 h",
        "tideheight3": "0.3 m",
        "tidetime4": "23:43 h",
        "tideheight4": "1.1 m",
        "coefficient": "89 high"
    },
    {
        "day": "23 Sat",
        "time": "5:54 h 18:01 h",
        "tidetime1": "5:51 h",
        "tideheight1": "0.3 m",
        "tidetime2": "12:18 h",
        "tideheight2": "1.1 m",
        "tidetime3": "18:01 h",
        "tideheight3": "0.4 m",
        "tidetime4": "no record",
        "tideheight4": "no record",
        "coefficient": "80 high"
    },
    {
        "day": "24 Sun",
        "time": "5:54 h 18:00 h",
        "tidetime1": "0:07 h",
        "tideheight1": "1.2 m",
        "tidetime2": "6:46 h",
        "tideheight2": "0.2 m",
        "tidetime3": "13:08 h",
        "tideheight3": "1.0 m",
        "tidetime4": "18:16 h",
        "tideheight4": "0.4 m",
        "coefficient": "70 high"
    },
    {
        "day": "25 Mon",
        "time": "5:54 h 17:59 h",
        "tidetime1": "0:33 h",
        "tideheight1": "1.2 m",
        "tidetime2": "7:43 h",
        "tideheight2": "0.2 m",
        "tidetime3": "14:04 h",
        "tideheight3": "0.9 m",
        "tidetime4": "18:25 h",
        "tideheight4": "0.5 m",
        "coefficient": "58 average"
    },
    {
        "day": "26 Tue",
        "time": "5:54 h 17:59 h",
        "tidetime1": "1:02 h",
        "tideheight1": "1.3 m",
        "tidetime2": "8:45 h",
        "tideheight2": "0.2 m",
        "tidetime3": "15:24 h",
        "tideheight3": "0.8 m",
        "tidetime4": "18:17 h",
        "tideheight4": "0.5 m",
        "coefficient": "46 low"
    },
    {
        "day": "27 Wed",
        "time": "5:54 h 17:58 h",
        "tidetime1": "1:37 h",
        "tideheight1": "1.3 m",
        "tidetime2": "9:56 h",
        "tideheight2": "0.2 m",
        "tidetime3": "no record",
        "tideheight3": "no record",
        "tidetime4": "no record",
        "tideheight4": "no record",
        "coefficient": "37 low"
    },
    {
        "day": "28 Thu",
        "time": "5:54 h 17:58 h",
        "tidetime1": "2:20 h",
        "tideheight1": "1.3 m",
        "tidetime2": "11:18 h",
        "tideheight2": "0.2 m",
        "tidetime3": "no record",
        "tideheight3": "no record",
        "tidetime4": "no record",
        "tideheight4": "no record",
        "coefficient": "33 low"
    },
    {
        "day": "29 Fri",
        "time": "5:54 h 17:57 h",
        "tidetime1": "3:17 h",
        "tideheight1": "1.3 m",
        "tidetime2": "12:39 h",
        "tideheight2": "0.2 m",
        "tidetime3": "no record",
        "tideheight3": "no record",
        "tidetime4": "no record",
        "tideheight4": "no record",
        "coefficient": "36 low"
    },
    {
        "day": "30 Sat",
        "time": "5:54 h 17:56 h",
        "tidetime1": "4:31 h",
        "tideheight1": "1.2 m",
        "tidetime2": "13:43 h",
        "tideheight2": "0.2 m",
        "tidetime3": "no record",
        "tideheight3": "no record",
        "tidetime4": "no record",
        "tideheight4": "no record",
        "coefficient": "46 low"
    }
]