[
    {
        "day": "1 Sat",
        "time": "5:55 h 18:28 h",
        "tidetime1": "7:32 h",
        "tideheight1": "1.6 m",
        "tidetime2": "16:36 h",
        "tideheight2": "0.0 m",
        "tidetime3": "no record",
        "tideheight3": "no record",
        "tidetime4": "no record",
        "tideheight4": "no record",
        "coefficient": "74 high"
    },
    {
        "day": "2 Sun",
        "time": "5:55 h 18:27 h",
        "tidetime1": "8:23 h",
        "tideheight1": "1.7 m",
        "tidetime2": "17:19 h",
        "tideheight2": "-0.1 m",
        "tidetime3": "no record",
        "tideheight3": "no record",
        "tidetime4": "no record",
        "tideheight4": "no record",
        "coefficient": "79 high"
    },
    {
        "day": "3 Mon",
        "time": "5:55 h 18:27 h",
        "tidetime1": "9:13 h",
        "tideheight1": "1.7 m",
        "tidetime2": "17:57 h",
        "tideheight2": "-0.1 m",
        "tidetime3": "no record",
        "tideheight3": "no record",
        "tidetime4": "no record",
        "tideheight4": "no record",
        "coefficient": "82 high"
    },
    {
        "day": "4 Tue",
        "time": "5:55 h 18:27 h",
        "tidetime1": "9:59 h",
        "tideheight1": "1.7 m",
        "tidetime2": "18:32 h",
        "tideheight2": "0.0 m",
        "tidetime3": "no record",
        "tideheight3": "no record",
        "tidetime4": "no record",
        "tideheight4": "no record",
        "coefficient": "83 high"
    },
    {
        "day": "5 Wed",
        "time": "5:56 h 18:26 h",
        "tidetime1": "10:43 h",
        "tideheight1": "1.7 m",
        "tidetime2": "19:05 h",
        "tideheight2": "0.0 m",
        "tidetime3": "no record",
        "tideheight3": "no record",
        "tidetime4": "no record",
        "tideheight4": "no record",
        "coefficient": "81 high"
    },
    {
        "day": "6 Thu",
        "time": "5:56 h 18:26 h",
        "tidetime1": "2:25 h",
        "tideheight1": "0.7 m",
        "tidetime2": "2:37 h",
        "tideheight2": "0.4 m",
        "tidetime3": "11:24 h",
        "tideheight3": "1.6 m",
        "tidetime4": "19:35 h",
        "tideheight4": "0.1 m",
        "coefficient": "78 high"
    },
    {
        "day": "7 Fri",
        "time": "5:56 h 18:26 h",
        "tidetime1": "2:09 h",
        "tideheight1": "0.8 m",
        "tidetime2": "4:09 h",
        "tideheight2": "0.5 m",
        "tidetime3": "12:03 h",
        "tideheight3": "1.5 m",
        "tidetime4": "20:01 h",
        "tideheight4": "0.2 m",
        "coefficient": "72 high"
    },
    {
        "day": "8 Sat",
        "time": "5:56 h 18:25 h",
        "tidetime1": "2:20 h",
        "tideheight1": "0.8 m",
        "tidetime2": "5:17 h",
        "tideheight2": "0.5 m",
        "tidetime3": "12:42 h",
        "tideheight3": "1.4 m",
        "tidetime4": "20:25 h",
        "tideheight4": "0.2 m",
        "coefficient": "65 average"
    },
    {
        "day": "9 Sun",
        "time": "5:56 h 18:25 h",
        "tidetime1": "2:37 h",
        "tideheight1": "0.9 m",
        "tidetime2": "6:27 h",
        "tideheight2": "0.5 m",
        "tidetime3": "13:22 h",
        "tideheight3": "1.3 m",
        "tidetime4": "20:44 h",
        "tideheight4": "0.3 m",
        "coefficient": "57 average"
    },
    {
        "day": "10 Mon",
        "time": "5:56 h 18:25 h",
        "tidetime1": "2:57 h",
        "tideheight1": "1.0 m",
        "tidetime2": "7:47 h",
        "tideheight2": "0.5 m",
        "tidetime3": "14:06 h",
        "tideheight3": "1.1 m",
        "tidetime4": "20:57 h",
        "tideheight4": "0.4 m",
        "coefficient": "49 low"
    },
    {
        "day": "11 Tue",
        "time": "5:56 h 18:24 h",
        "tidetime1": "3:24 h",
        "tideheight1": "1.0 m",
        "tidetime2": "9:23 h",
        "tideheight2": "0.5 m",
        "tidetime3": "15:04 h",
        "tideheight3": "1.0 m",
        "tidetime4": "21:03 h",
        "tideheight4": "0.5 m",
        "coefficient": "42 low"
    },
    {
        "day": "12 Wed",
        "time": "5:56 h 18:24 h",
        "tidetime1": "3:56 h",
        "tideheight1": "1.1 m",
        "tidetime2": "11:17 h",
        "tideheight2": "0.4 m",
        "tidetime3": "16:46 h",
        "tideheight3": "0.9 m",
        "tidetime4": "20:54 h",
        "tideheight4": "0.5 m",
        "coefficient": "38 low"
    },
    {
        "day": "13 Thu",
        "time": "5:56 h 18:24 h",
        "tidetime1": "4:38 h",
        "tideheight1": "1.2 m",
        "tidetime2": "13:10 h",
        "tideheight2": "0.4 m",
        "tidetime3": "no record",
        "tideheight3": "no record",
        "tidetime4": "no record",
        "tideheight4": "no record",
        "coefficient": "40 low"
    },
    {
        "day": "14 Fri",
        "time": "5:56 h 18:23 h",
        "tidetime1": "5:27 h",
        "tideheight1": "1.3 m",
        "tidetime2": "14:30 h",
        "tideheight2": "0.2 m",
        "tidetime3": "no record",
        "tideheight3": "no record",
        "tidetime4": "no record",
        "tideheight4": "no record",
        "coefficient": "46 low"
    },
    {
        "day": "15 Sat",
        "time": "5:56 h 18:23 h",
        "tidetime1": "6:21 h",
        "tideheight1": "1.4 m",
        "tidetime2": "15:25 h",
        "tideheight2": "0.1 m",
        "tidetime3": "no record",
        "tideheight3": "no record",
        "tidetime4": "no record",
        "tideheight4": "no record",
        "coefficient": "57 average"
    },
    {
        "day": "16 Sun",
        "time": "5:56 h 18:22 h",
        "tidetime1": "7:15 h",
        "tideheight1": "1.5 m",
        "tidetime2": "16:11 h",
        "tideheight2": "0.1 m",
        "tidetime3": "no record",
        "tideheight3": "no record",
        "tidetime4": "no record",
        "tideheight4": "no record",
        "coefficient": "69 average"
    },
    {
        "day": "17 Mon",
        "time": "5:56 h 18:22 h",
        "tidetime1": "8:06 h",
        "tideheight1": "1.6 m",
        "tidetime2": "16:52 h",
        "tideheight2": "0.0 m",
        "tidetime3": "no record",
        "tideheight3": "no record",
        "tidetime4": "no record",
        "tideheight4": "no record",
        "coefficient": "81 high"
    },
    {
        "day": "18 Tue",
        "time": "5:56 h 18:21 h",
        "tidetime1": "8:56 h",
        "tideheight1": "1.6 m",
        "tidetime2": "17:30 h",
        "tideheight2": "0.0 m",
        "tidetime3": "no record",
        "tideheight3": "no record",
        "tidetime4": "no record",
        "tideheight4": "no record",
        "coefficient": "92 very high"
    },
    {
        "day": "19 Wed",
        "time": "5:56 h 18:21 h",
        "tidetime1": "9:44 h",
        "tideheight1": "1.7 m",
        "tidetime2": "18:05 h",
        "tideheight2": "0.0 m",
        "tidetime3": "no record",
        "tideheight3": "no record",
        "tidetime4": "no record",
        "tideheight4": "no record",
        "coefficient": "99 very high"
    },
    {
        "day": "20 Thu",
        "time": "5:56 h 18:20 h",
        "tidetime1": "1:05 h",
        "tideheight1": "0.8 m",
        "tidetime2": "2:11 h",
        "tideheight2": "0.5 m",
        "tidetime3": "10:31 h",
        "tideheight3": "1.7 m",
        "tidetime4": "18:37 h",
        "tideheight4": "0.0 m",
        "coefficient": "103 very high"
    },
    {
        "day": "21 Fri",
        "time": "5:56 h 18:20 h",
        "tidetime1": "1:01 h",
        "tideheight1": "0.8 m",
        "tidetime2": "3:37 h",
        "tideheight2": "0.4 m",
        "tidetime3": "11:18 h",
        "tideheight3": "1.6 m",
        "tidetime4": "19:05 h",
        "tideheight4": "0.1 m",
        "coefficient": "101 very high"
    },
    {
        "day": "22 Sat",
        "time": "5:56 h 18:19 h",
        "tidetime1": "1:12 h",
        "tideheight1": "0.8 m",
        "tidetime2": "4:53 h",
        "tideheight2": "0.4 m",
        "tidetime3": "12:06 h",
        "tideheight3": "1.5 m",
        "tidetime4": "19:27 h",
        "tideheight4": "0.2 m",
        "coefficient": "94 very high"
    },
    {
        "day": "23 Sun",
        "time": "5:56 h 18:19 h",
        "tidetime1": "1:30 h",
        "tideheight1": "0.9 m",
        "tidetime2": "6:11 h",
        "tideheight2": "0.4 m",
        "tidetime3": "12:57 h",
        "tideheight3": "1.3 m",
        "tidetime4": "19:44 h",
        "tideheight4": "0.3 m",
        "coefficient": "83 high"
    },
    {
        "day": "24 Mon",
        "time": "5:56 h 18:18 h",
        "tidetime1": "1:54 h",
        "tideheight1": "1.1 m",
        "tidetime2": "7:37 h",
        "tideheight2": "0.4 m",
        "tidetime3": "13:56 h",
        "tideheight3": "1.1 m",
        "tidetime4": "19:55 h",
        "tideheight4": "0.4 m",
        "coefficient": "70 high"
    },
    {
        "day": "25 Tue",
        "time": "5:56 h 18:18 h",
        "tidetime1": "2:26 h",
        "tideheight1": "1.2 m",
        "tidetime2": "9:16 h",
        "tideheight2": "0.3 m",
        "tidetime3": "15:15 h",
        "tideheight3": "0.9 m",
        "tidetime4": "19:56 h",
        "tideheight4": "0.5 m",
        "coefficient": "57 average"
    },
    {
        "day": "26 Wed",
        "time": "5:56 h 18:17 h",
        "tidetime1": "3:07 h",
        "tideheight1": "1.3 m",
        "tidetime2": "11:11 h",
        "tideheight2": "0.3 m",
        "tidetime3": "18:14 h",
        "tideheight3": "0.8 m",
        "tidetime4": "19:02 h",
        "tideheight4": "0.5 m",
        "coefficient": "48 low"
    },
    {
        "day": "27 Thu",
        "time": "5:56 h 18:17 h",
        "tidetime1": "3:58 h",
        "tideheight1": "1.4 m",
        "tidetime2": "13:09 h",
        "tideheight2": "0.2 m",
        "tidetime3": "no record",
        "tideheight3": "no record",
        "tidetime4": "no record",
        "tideheight4": "no record",
        "coefficient": "47 low"
    },
    {
        "day": "28 Fri",
        "time": "5:56 h 18:16 h",
        "tidetime1": "4:59 h",
        "tideheight1": "1.5 m",
        "tidetime2": "14:33 h",
        "tideheight2": "0.1 m",
        "tidetime3": "no record",
        "tideheight3": "no record",
        "tidetime4": "no record",
        "tideheight4": "no record",
        "coefficient": "53 average"
    },
    {
        "day": "29 Sat",
        "time": "5:56 h 18:16 h",
        "tidetime1": "6:07 h",
        "tideheight1": "1.6 m",
        "tidetime2": "15:31 h",
        "tideheight2": "0.0 m",
        "tidetime3": "no record",
        "tideheight3": "no record",
        "tidetime4": "no record",
        "tideheight4": "no record",
        "coefficient": "62 average"
    },
    {
        "day": "30 Sun",
        "time": "5:56 h 18:15 h",
        "tidetime1": "7:13 h",
        "tideheight1": "1.6 m",
        "tidetime2": "16:15 h",
        "tideheight2": "0.0 m",
        "tidetime3": "no record",
        "tideheight3": "no record",
        "tidetime4": "no record",
        "tideheight4": "no record",
        "coefficient": "71 high"
    },
    {
        "day": "31 Mon",
        "time": "5:56 h 18:14 h",
        "tidetime1": "8:14 h",
        "tideheight1": "1.6 m",
        "tidetime2": "16:52 h",
        "tideheight2": "0.0 m",
        "tidetime3": "no record",
        "tideheight3": "no record",
        "tidetime4": "no record",
        "tideheight4": "no record",
        "coefficient": "78 high"
    }
]