[
    {
        "day": "1 Sat",
        "time": "5:56 h 18:14 h",
        "tidetime1": "1:41 h",
        "tideheight1": "1.1 m",
        "tidetime2": "7:46 h",
        "tideheight2": "0.4 m",
        "tidetime3": "13:59 h",
        "tideheight3": "1.0 m",
        "tidetime4": "19:41 h",
        "tideheight4": "0.4 m",
        "coefficient": "62 average"
    },
    {
        "day": "2 Sun",
        "time": "5:56 h 18:14 h",
        "tidetime1": "2:10 h",
        "tideheight1": "1.2 m",
        "tidetime2": "9:08 h",
        "tideheight2": "0.4 m",
        "tidetime3": "15:13 h",
        "tideheight3": "0.9 m",
        "tidetime4": "19:43 h",
        "tideheight4": "0.5 m",
        "coefficient": "53 average"
    },
    {
        "day": "3 Mon",
        "time": "5:56 h 18:13 h",
        "tidetime1": "2:47 h",
        "tideheight1": "1.2 m",
        "tidetime2": "10:49 h",
        "tideheight2": "0.3 m",
        "tidetime3": "18:05 h",
        "tideheight3": "0.8 m",
        "tidetime4": "18:58 h",
        "tideheight4": "0.5 m",
        "coefficient": "48 low"
    },
    {
        "day": "4 Tue",
        "time": "5:56 h 18:12 h",
        "tidetime1": "3:38 h",
        "tideheight1": "1.3 m",
        "tidetime2": "12:36 h",
        "tideheight2": "0.2 m",
        "tidetime3": "no record",
        "tideheight3": "no record",
        "tidetime4": "no record",
        "tideheight4": "no record",
        "coefficient": "51 average"
    },
    {
        "day": "5 Wed",
        "time": "5:56 h 18:12 h",
        "tidetime1": "4:42 h",
        "tideheight1": "1.4 m",
        "tidetime2": "14:00 h",
        "tideheight2": "0.1 m",
        "tidetime3": "no record",
        "tideheight3": "no record",
        "tidetime4": "no record",
        "tideheight4": "no record",
        "coefficient": "60 average"
    },
    {
        "day": "6 Thu",
        "time": "5:56 h 18:11 h",
        "tidetime1": "5:54 h",
        "tideheight1": "1.5 m",
        "tidetime2": "15:00 h",
        "tideheight2": "0.0 m",
        "tidetime3": "no record",
        "tideheight3": "no record",
        "tidetime4": "no record",
        "tideheight4": "no record",
        "coefficient": "74 high"
    },
    {
        "day": "7 Fri",
        "time": "5:56 h 18:11 h",
        "tidetime1": "7:04 h",
        "tideheight1": "1.6 m",
        "tidetime2": "15:47 h",
        "tideheight2": "0.0 m",
        "tidetime3": "no record",
        "tideheight3": "no record",
        "tidetime4": "no record",
        "tideheight4": "no record",
        "coefficient": "88 high"
    },
    {
        "day": "8 Sat",
        "time": "5:56 h 18:10 h",
        "tidetime1": "8:08 h",
        "tideheight1": "1.6 m",
        "tidetime2": "16:27 h",
        "tideheight2": "0.0 m",
        "tidetime3": "23:18 h",
        "tideheight3": "0.8 m",
        "tidetime4": "no record",
        "tideheight4": "no record",
        "coefficient": "100 very high"
    },
    {
        "day": "9 Sun",
        "time": "5:55 h 18:09 h",
        "tidetime1": "1:15 h",
        "tideheight1": "0.5 m",
        "tidetime2": "9:08 h",
        "tideheight2": "1.6 m",
        "tidetime3": "17:02 h",
        "tideheight3": "0.0 m",
        "tidetime4": "23:20 h",
        "tideheight4": "0.8 m",
        "coefficient": "107 very high"
    },
    {
        "day": "10 Mon",
        "time": "5:55 h 18:09 h",
        "tidetime1": "2:42 h",
        "tideheight1": "0.4 m",
        "tidetime2": "10:03 h",
        "tideheight2": "1.6 m",
        "tidetime3": "17:32 h",
        "tideheight3": "0.1 m",
        "tidetime4": "23:34 h",
        "tideheight4": "0.9 m",
        "coefficient": "109 very high"
    },
    {
        "day": "11 Tue",
        "time": "5:55 h 18:08 h",
        "tidetime1": "3:54 h",
        "tideheight1": "0.4 m",
        "tidetime2": "10:56 h",
        "tideheight2": "1.5 m",
        "tidetime3": "17:58 h",
        "tideheight3": "0.2 m",
        "tidetime4": "23:53 h",
        "tideheight4": "1.0 m",
        "coefficient": "104 very high"
    },
    {
        "day": "12 Wed",
        "time": "5:55 h 18:08 h",
        "tidetime1": "5:01 h",
        "tideheight1": "0.3 m",
        "tidetime2": "11:48 h",
        "tideheight2": "1.3 m",
        "tidetime3": "18:20 h",
        "tideheight3": "0.3 m",
        "tidetime4": "no record",
        "tideheight4": "no record",
        "coefficient": "95 very high"
    },
    {
        "day": "13 Thu",
        "time": "5:55 h 18:07 h",
        "tidetime1": "0:17 h",
        "tideheight1": "1.1 m",
        "tidetime2": "6:07 h",
        "tideheight2": "0.3 m",
        "tidetime3": "12:40 h",
        "tideheight3": "1.2 m",
        "tidetime4": "18:39 h",
        "tideheight4": "0.4 m",
        "coefficient": "82 high"
    },
    {
        "day": "14 Fri",
        "time": "5:55 h 18:06 h",
        "tidetime1": "0:45 h",
        "tideheight1": "1.2 m",
        "tidetime2": "7:15 h",
        "tideheight2": "0.3 m",
        "tidetime3": "13:36 h",
        "tideheight3": "1.0 m",
        "tidetime4": "18:53 h",
        "tideheight4": "0.4 m",
        "coefficient": "67 average"
    },
    {
        "day": "15 Sat",
        "time": "5:55 h 18:06 h",
        "tidetime1": "1:17 h",
        "tideheight1": "1.2 m",
        "tidetime2": "8:27 h",
        "tideheight2": "0.3 m",
        "tidetime3": "14:45 h",
        "tideheight3": "0.9 m",
        "tidetime4": "19:00 h",
        "tideheight4": "0.5 m",
        "coefficient": "53 average"
    },
    {
        "day": "16 Sun",
        "time": "5:55 h 18:05 h",
        "tidetime1": "1:53 h",
        "tideheight1": "1.3 m",
        "tidetime2": "9:47 h",
        "tideheight2": "0.2 m",
        "tidetime3": "16:44 h",
        "tideheight3": "0.8 m",
        "tidetime4": "18:35 h",
        "tideheight4": "0.5 m",
        "coefficient": "41 low"
    },
    {
        "day": "17 Mon",
        "time": "5:55 h 18:04 h",
        "tidetime1": "2:36 h",
        "tideheight1": "1.3 m",
        "tidetime2": "11:18 h",
        "tideheight2": "0.2 m",
        "tidetime3": "no record",
        "tideheight3": "no record",
        "tidetime4": "no record",
        "tideheight4": "no record",
        "coefficient": "34 low"
    },
    {
        "day": "18 Tue",
        "time": "5:55 h 18:04 h",
        "tidetime1": "3:29 h",
        "tideheight1": "1.3 m",
        "tidetime2": "12:48 h",
        "tideheight2": "0.2 m",
        "tidetime3": "no record",
        "tideheight3": "no record",
        "tidetime4": "no record",
        "tideheight4": "no record",
        "coefficient": "35 low"
    },
    {
        "day": "19 Wed",
        "time": "5:55 h 18:03 h",
        "tidetime1": "4:37 h",
        "tideheight1": "1.3 m",
        "tidetime2": "13:57 h",
        "tideheight2": "0.2 m",
        "tidetime3": "no record",
        "tideheight3": "no record",
        "tidetime4": "no record",
        "tideheight4": "no record",
        "coefficient": "42 low"
    },
    {
        "day": "20 Thu",
        "time": "5:54 h 18:03 h",
        "tidetime1": "5:53 h",
        "tideheight1": "1.3 m",
        "tidetime2": "14:48 h",
        "tideheight2": "0.2 m",
        "tidetime3": "no record",
        "tideheight3": "no record",
        "tidetime4": "no record",
        "tideheight4": "no record",
        "coefficient": "53 average"
    },
    {
        "day": "21 Fri",
        "time": "5:54 h 18:02 h",
        "tidetime1": "7:03 h",
        "tideheight1": "1.3 m",
        "tidetime2": "15:27 h",
        "tideheight2": "0.2 m",
        "tidetime3": "22:46 h",
        "tideheight3": "0.8 m",
        "tidetime4": "no record",
        "tideheight4": "no record",
        "coefficient": "63 average"
    },
    {
        "day": "22 Sat",
        "time": "5:54 h 18:01 h",
        "tidetime1": "0:11 h",
        "tideheight1": "0.5 m",
        "tidetime2": "8:02 h",
        "tideheight2": "1.3 m",
        "tidetime3": "16:00 h",
        "tideheight3": "0.2 m",
        "tidetime4": "22:29 h",
        "tideheight4": "0.9 m",
        "coefficient": "73 high"
    },
    {
        "day": "23 Sun",
        "time": "5:54 h 18:01 h",
        "tidetime1": "1:39 h",
        "tideheight1": "0.5 m",
        "tidetime2": "8:52 h",
        "tideheight2": "1.4 m",
        "tidetime3": "16:27 h",
        "tideheight3": "0.2 m",
        "tidetime4": "22:35 h",
        "tideheight4": "0.9 m",
        "coefficient": "82 high"
    },
    {
        "day": "24 Mon",
        "time": "5:54 h 18:00 h",
        "tidetime1": "2:40 h",
        "tideheight1": "0.4 m",
        "tidetime2": "9:38 h",
        "tideheight2": "1.3 m",
        "tidetime3": "16:51 h",
        "tideheight3": "0.2 m",
        "tidetime4": "22:49 h",
        "tideheight4": "0.9 m",
        "coefficient": "88 high"
    },
    {
        "day": "25 Tue",
        "time": "5:54 h 17:59 h",
        "tidetime1": "3:33 h",
        "tideheight1": "0.4 m",
        "tidetime2": "10:20 h",
        "tideheight2": "1.3 m",
        "tidetime3": "17:12 h",
        "tideheight3": "0.3 m",
        "tidetime4": "23:06 h",
        "tideheight4": "1.0 m",
        "coefficient": "92 very high"
    },
    {
        "day": "26 Wed",
        "time": "5:54 h 17:59 h",
        "tidetime1": "4:23 h",
        "tideheight1": "0.3 m",
        "tidetime2": "11:02 h",
        "tideheight2": "1.3 m",
        "tidetime3": "17:30 h",
        "tideheight3": "0.3 m",
        "tidetime4": "23:25 h",
        "tideheight4": "1.0 m",
        "coefficient": "93 very high"
    },
    {
        "day": "27 Thu",
        "time": "5:54 h 17:58 h",
        "tidetime1": "5:13 h",
        "tideheight1": "0.3 m",
        "tidetime2": "11:46 h",
        "tideheight2": "1.2 m",
        "tidetime3": "17:46 h",
        "tideheight3": "0.4 m",
        "tidetime4": "23:46 h",
        "tideheight4": "1.1 m",
        "coefficient": "90 very high"
    },
    {
        "day": "28 Fri",
        "time": "5:54 h 17:58 h",
        "tidetime1": "6:05 h",
        "tideheight1": "0.2 m",
        "tidetime2": "12:34 h",
        "tideheight2": "1.1 m",
        "tidetime3": "17:58 h",
        "tideheight3": "0.4 m",
        "tidetime4": "no record",
        "tideheight4": "no record",
        "coefficient": "84 high"
    },
    {
        "day": "29 Sat",
        "time": "5:54 h 17:57 h",
        "tidetime1": "0:08 h",
        "tideheight1": "1.2 m",
        "tidetime2": "7:01 h",
        "tideheight2": "0.2 m",
        "tidetime3": "13:31 h",
        "tideheight3": "1.0 m",
        "tidetime4": "18:05 h",
        "tideheight4": "0.5 m",
        "coefficient": "74 high"
    },
    {
        "day": "30 Sun",
        "time": "5:54 h 17:56 h",
        "tidetime1": "0:34 h",
        "tideheight1": "1.3 m",
        "tidetime2": "8:04 h",
        "tideheight2": "0.2 m",
        "tidetime3": "14:49 h",
        "tideheight3": "0.9 m",
        "tidetime4": "18:01 h",
        "tideheight4": "0.5 m",
        "coefficient": "63 average"
    }
]