[
    {
        "day": "1 Mon",
        "time": "5:48 h 18:30 h",
        "tidetime1": "0:13 h",
        "tideheight1": "0.5 m",
        "tidetime2": "8:28 h",
        "tideheight2": "1.5 m",
        "tidetime3": "16:49 h",
        "tideheight3": "0.0 m",
        "tidetime4": "no record",
        "tideheight4": "no record",
        "coefficient": "84 high"
    },
    {
        "day": "2 Tue",
        "time": "5:48 h 18:30 h",
        "tidetime1": "9:03 h",
        "tideheight1": "1.6 m",
        "tidetime2": "17:34 h",
        "tideheight2": "-0.1 m",
        "tidetime3": "no record",
        "tideheight3": "no record",
        "tidetime4": "no record",
        "tideheight4": "no record",
        "coefficient": "89 high"
    },
    {
        "day": "3 Wed",
        "time": "5:49 h 18:30 h",
        "tidetime1": "9:42 h",
        "tideheight1": "1.7 m",
        "tidetime2": "18:21 h",
        "tideheight2": "-0.2 m",
        "tidetime3": "no record",
        "tideheight3": "no record",
        "tidetime4": "no record",
        "tideheight4": "no record",
        "coefficient": "92 very high"
    },
    {
        "day": "4 Thu",
        "time": "5:49 h 18:30 h",
        "tidetime1": "10:24 h",
        "tideheight1": "1.7 m",
        "tidetime2": "19:07 h",
        "tideheight2": "-0.2 m",
        "tidetime3": "no record",
        "tideheight3": "no record",
        "tidetime4": "no record",
        "tideheight4": "no record",
        "coefficient": "92 very high"
    },
    {
        "day": "5 Fri",
        "time": "5:49 h 18:30 h",
        "tidetime1": "11:09 h",
        "tideheight1": "1.8 m",
        "tidetime2": "19:53 h",
        "tideheight2": "-0.2 m",
        "tidetime3": "no record",
        "tideheight3": "no record",
        "tidetime4": "no record",
        "tideheight4": "no record",
        "coefficient": "88 high"
    },
    {
        "day": "6 Sat",
        "time": "5:49 h 18:30 h",
        "tidetime1": "11:55 h",
        "tideheight1": "1.7 m",
        "tidetime2": "20:37 h",
        "tideheight2": "-0.1 m",
        "tidetime3": "no record",
        "tideheight3": "no record",
        "tidetime4": "no record",
        "tideheight4": "no record",
        "coefficient": "82 high"
    },
    {
        "day": "7 Sun",
        "time": "5:50 h 18:30 h",
        "tidetime1": "12:42 h",
        "tideheight1": "1.6 m",
        "tidetime2": "21:16 h",
        "tideheight2": "0.0 m",
        "tidetime3": "no record",
        "tideheight3": "no record",
        "tidetime4": "no record",
        "tideheight4": "no record",
        "coefficient": "75 high"
    },
    {
        "day": "8 Mon",
        "time": "5:50 h 18:30 h",
        "tidetime1": "13:32 h",
        "tideheight1": "1.5 m",
        "tidetime2": "21:50 h",
        "tideheight2": "0.1 m",
        "tidetime3": "no record",
        "tideheight3": "no record",
        "tidetime4": "no record",
        "tideheight4": "no record",
        "coefficient": "68 average"
    },
    {
        "day": "9 Tue",
        "time": "5:50 h 18:30 h",
        "tidetime1": "5:32 h",
        "tideheight1": "0.9 m",
        "tidetime2": "7:25 h",
        "tideheight2": "0.6 m",
        "tidetime3": "14:27 h",
        "tideheight3": "1.3 m",
        "tidetime4": "22:17 h",
        "tideheight4": "0.2 m",
        "coefficient": "62 average"
    },
    {
        "day": "10 Wed",
        "time": "5:50 h 18:30 h",
        "tidetime1": "5:38 h",
        "tideheight1": "1.0 m",
        "tidetime2": "10:00 h",
        "tideheight2": "0.6 m",
        "tidetime3": "15:34 h",
        "tideheight3": "1.1 m",
        "tidetime4": "22:38 h",
        "tideheight4": "0.3 m",
        "coefficient": "59 average"
    },
    {
        "day": "11 Thu",
        "time": "5:51 h 18:30 h",
        "tidetime1": "6:02 h",
        "tideheight1": "1.1 m",
        "tidetime2": "12:29 h",
        "tideheight2": "0.5 m",
        "tidetime3": "17:19 h",
        "tideheight3": "0.9 m",
        "tidetime4": "22:54 h",
        "tideheight4": "0.4 m",
        "coefficient": "60 average"
    },
    {
        "day": "12 Fri",
        "time": "5:51 h 18:30 h",
        "tidetime1": "6:34 h",
        "tideheight1": "1.3 m",
        "tidetime2": "14:26 h",
        "tideheight2": "0.3 m",
        "tidetime3": "19:48 h",
        "tideheight3": "0.8 m",
        "tidetime4": "23:01 h",
        "tideheight4": "0.4 m",
        "coefficient": "62 average"
    },
    {
        "day": "13 Sat",
        "time": "5:51 h 18:30 h",
        "tidetime1": "7:10 h",
        "tideheight1": "1.4 m",
        "tidetime2": "15:37 h",
        "tideheight2": "0.2 m",
        "tidetime3": "no record",
        "tideheight3": "no record",
        "tidetime4": "no record",
        "tideheight4": "no record",
        "coefficient": "67 average"
    },
    {
        "day": "14 Sun",
        "time": "5:51 h 18:30 h",
        "tidetime1": "7:48 h",
        "tideheight1": "1.5 m",
        "tidetime2": "16:28 h",
        "tideheight2": "0.1 m",
        "tidetime3": "no record",
        "tideheight3": "no record",
        "tidetime4": "no record",
        "tideheight4": "no record",
        "coefficient": "71 high"
    },
    {
        "day": "15 Mon",
        "time": "5:52 h 18:30 h",
        "tidetime1": "8:29 h",
        "tideheight1": "1.6 m",
        "tidetime2": "17:10 h",
        "tideheight2": "0.0 m",
        "tidetime3": "no record",
        "tideheight3": "no record",
        "tidetime4": "no record",
        "tideheight4": "no record",
        "coefficient": "75 high"
    },
    {
        "day": "16 Tue",
        "time": "5:52 h 18:30 h",
        "tidetime1": "9:09 h",
        "tideheight1": "1.6 m",
        "tidetime2": "17:49 h",
        "tideheight2": "0.0 m",
        "tidetime3": "no record",
        "tideheight3": "no record",
        "tidetime4": "no record",
        "tideheight4": "no record",
        "coefficient": "77 high"
    },
    {
        "day": "17 Wed",
        "time": "5:52 h 18:30 h",
        "tidetime1": "9:49 h",
        "tideheight1": "1.7 m",
        "tidetime2": "18:25 h",
        "tideheight2": "0.0 m",
        "tidetime3": "no record",
        "tideheight3": "no record",
        "tidetime4": "no record",
        "tideheight4": "no record",
        "coefficient": "77 high"
    },
    {
        "day": "18 Thu",
        "time": "5:52 h 18:30 h",
        "tidetime1": "10:28 h",
        "tideheight1": "1.6 m",
        "tidetime2": "19:01 h",
        "tideheight2": "0.0 m",
        "tidetime3": "no record",
        "tideheight3": "no record",
        "tidetime4": "no record",
        "tideheight4": "no record",
        "coefficient": "76 high"
    },
    {
        "day": "19 Fri",
        "time": "5:53 h 18:30 h",
        "tidetime1": "11:06 h",
        "tideheight1": "1.6 m",
        "tidetime2": "19:36 h",
        "tideheight2": "0.0 m",
        "tidetime3": "no record",
        "tideheight3": "no record",
        "tidetime4": "no record",
        "tideheight4": "no record",
        "coefficient": "73 high"
    },
    {
        "day": "20 Sat",
        "time": "5:53 h 18:30 h",
        "tidetime1": "11:44 h",
        "tideheight1": "1.6 m",
        "tidetime2": "20:09 h",
        "tideheight2": "0.1 m",
        "tidetime3": "no record",
        "tideheight3": "no record",
        "tidetime4": "no record",
        "tideheight4": "no record",
        "coefficient": "68 average"
    },
    {
        "day": "21 Sun",
        "time": "5:53 h 18:30 h",
        "tidetime1": "12:21 h",
        "tideheight1": "1.5 m",
        "tidetime2": "20:41 h",
        "tideheight2": "0.1 m",
        "tidetime3": "no record",
        "tideheight3": "no record",
        "tidetime4": "no record",
        "tideheight4": "no record",
        "coefficient": "63 average"
    },
    {
        "day": "22 Mon",
        "time": "5:53 h 18:30 h",
        "tidetime1": "12:58 h",
        "tideheight1": "1.4 m",
        "tidetime2": "21:09 h",
        "tideheight2": "0.2 m",
        "tidetime3": "no record",
        "tideheight3": "no record",
        "tidetime4": "no record",
        "tideheight4": "no record",
        "coefficient": "57 average"
    },
    {
        "day": "23 Tue",
        "time": "5:53 h 18:30 h",
        "tidetime1": "4:21 h",
        "tideheight1": "0.9 m",
        "tidetime2": "5:58 h",
        "tideheight2": "0.5 m",
        "tidetime3": "13:37 h",
        "tideheight3": "1.3 m",
        "tidetime4": "21:33 h",
        "tideheight4": "0.3 m",
        "coefficient": "52 average"
    },
    {
        "day": "24 Wed",
        "time": "5:54 h 18:29 h",
        "tidetime1": "4:32 h",
        "tideheight1": "0.9 m",
        "tidetime2": "7:47 h",
        "tideheight2": "0.6 m",
        "tidetime3": "14:20 h",
        "tideheight3": "1.2 m",
        "tidetime4": "21:52 h",
        "tideheight4": "0.3 m",
        "coefficient": "47 low"
    },
    {
        "day": "25 Thu",
        "time": "5:54 h 18:29 h",
        "tidetime1": "4:52 h",
        "tideheight1": "1.0 m",
        "tidetime2": "9:51 h",
        "tideheight2": "0.6 m",
        "tidetime3": "15:18 h",
        "tideheight3": "1.0 m",
        "tidetime4": "22:05 h",
        "tideheight4": "0.4 m",
        "coefficient": "45 low"
    },
    {
        "day": "26 Fri",
        "time": "5:54 h 18:29 h",
        "tidetime1": "5:18 h",
        "tideheight1": "1.1 m",
        "tidetime2": "12:05 h",
        "tideheight2": "0.5 m",
        "tidetime3": "17:00 h",
        "tideheight3": "0.9 m",
        "tidetime4": "22:13 h",
        "tideheight4": "0.5 m",
        "coefficient": "47 low"
    },
    {
        "day": "27 Sat",
        "time": "5:54 h 18:29 h",
        "tidetime1": "5:50 h",
        "tideheight1": "1.2 m",
        "tidetime2": "13:52 h",
        "tideheight2": "0.4 m",
        "tidetime3": "19:48 h",
        "tideheight3": "0.8 m",
        "tidetime4": "22:09 h",
        "tideheight4": "0.5 m",
        "coefficient": "53 average"
    },
    {
        "day": "28 Sun",
        "time": "5:54 h 18:29 h",
        "tidetime1": "6:27 h",
        "tideheight1": "1.3 m",
        "tidetime2": "15:00 h",
        "tideheight2": "0.2 m",
        "tidetime3": "no record",
        "tideheight3": "no record",
        "tidetime4": "no record",
        "tideheight4": "no record",
        "coefficient": "62 average"
    },
    {
        "day": "29 Mon",
        "time": "5:55 h 18:29 h",
        "tidetime1": "7:09 h",
        "tideheight1": "1.4 m",
        "tidetime2": "15:52 h",
        "tideheight2": "0.1 m",
        "tidetime3": "no record",
        "tideheight3": "no record",
        "tidetime4": "no record",
        "tideheight4": "no record",
        "coefficient": "73 high"
    },
    {
        "day": "30 Tue",
        "time": "5:55 h 18:28 h",
        "tidetime1": "7:54 h",
        "tideheight1": "1.6 m",
        "tidetime2": "16:39 h",
        "tideheight2": "0.0 m",
        "tidetime3": "no record",
        "tideheight3": "no record",
        "tidetime4": "no record",
        "tideheight4": "no record",
        "coefficient": "84 high"
    },
    {
        "day": "31 Wed",
        "time": "5:55 h 18:28 h",
        "tidetime1": "8:41 h",
        "tideheight1": "1.7 m",
        "tidetime2": "17:23 h",
        "tideheight2": "-0.1 m",
        "tidetime3": "no record",
        "tideheight3": "no record",
        "tidetime4": "no record",
        "tideheight4": "no record",
        "coefficient": "93 very high"
    }
]