[
    {
        "day": "1 Thu",
        "time": "5:55 h 17:42 h",
        "tidetime1": "2:14 h",
        "tideheight1": "1.4 m",
        "tidetime2": "11:46 h",
        "tideheight2": "-0.1 m",
        "tidetime3": "no record",
        "tideheight3": "no record",
        "tidetime4": "no record",
        "tideheight4": "no record",
        "coefficient": "53 average"
    },
    {
        "day": "2 Fri",
        "time": "5:55 h 17:42 h",
        "tidetime1": "3:25 h",
        "tideheight1": "1.4 m",
        "tidetime2": "12:45 h",
        "tideheight2": "0.0 m",
        "tidetime3": "no record",
        "tideheight3": "no record",
        "tidetime4": "no record",
        "tideheight4": "no record",
        "coefficient": "63 average"
    },
    {
        "day": "3 Sat",
        "time": "5:56 h 17:42 h",
        "tidetime1": "4:54 h",
        "tideheight1": "1.3 m",
        "tidetime2": "13:31 h",
        "tideheight2": "0.0 m",
        "tidetime3": "21:14 h",
        "tideheight3": "0.9 m",
        "tidetime4": "23:37 h",
        "tideheight4": "0.5 m",
        "coefficient": "75 high"
    },
    {
        "day": "4 Sun",
        "time": "5:56 h 17:41 h",
        "tidetime1": "6:28 h",
        "tideheight1": "1.2 m",
        "tidetime2": "14:05 h",
        "tideheight2": "0.1 m",
        "tidetime3": "21:01 h",
        "tideheight3": "0.9 m",
        "tidetime4": "no record",
        "tideheight4": "no record",
        "coefficient": "85 high"
    },
    {
        "day": "5 Mon",
        "time": "5:56 h 17:41 h",
        "tidetime1": "1:37 h",
        "tideheight1": "0.4 m",
        "tidetime2": "7:52 h",
        "tideheight2": "1.1 m",
        "tidetime3": "14:32 h",
        "tideheight3": "0.2 m",
        "tidetime4": "21:11 h",
        "tideheight4": "1.0 m",
        "coefficient": "93 very high"
    },
    {
        "day": "6 Tue",
        "time": "5:56 h 17:41 h",
        "tidetime1": "2:57 h",
        "tideheight1": "0.3 m",
        "tidetime2": "9:05 h",
        "tideheight2": "1.0 m",
        "tidetime3": "14:54 h",
        "tideheight3": "0.2 m",
        "tidetime4": "21:29 h",
        "tideheight4": "1.2 m",
        "coefficient": "97 very high"
    },
    {
        "day": "7 Wed",
        "time": "5:57 h 17:41 h",
        "tidetime1": "4:01 h",
        "tideheight1": "0.2 m",
        "tidetime2": "10:12 h",
        "tideheight2": "0.9 m",
        "tidetime3": "15:13 h",
        "tideheight3": "0.3 m",
        "tidetime4": "21:52 h",
        "tideheight4": "1.3 m",
        "coefficient": "97 very high"
    },
    {
        "day": "8 Thu",
        "time": "5:57 h 17:41 h",
        "tidetime1": "4:57 h",
        "tideheight1": "0.0 m",
        "tidetime2": "11:16 h",
        "tideheight2": "0.9 m",
        "tidetime3": "15:29 h",
        "tideheight3": "0.4 m",
        "tidetime4": "22:17 h",
        "tideheight4": "1.4 m",
        "coefficient": "93 very high"
    },
    {
        "day": "9 Fri",
        "time": "5:57 h 17:41 h",
        "tidetime1": "5:48 h",
        "tideheight1": "0.0 m",
        "tidetime2": "12:21 h",
        "tideheight2": "0.8 m",
        "tidetime3": "15:41 h",
        "tideheight3": "0.4 m",
        "tidetime4": "22:45 h",
        "tideheight4": "1.4 m",
        "coefficient": "85 high"
    },
    {
        "day": "10 Sat",
        "time": "5:57 h 17:40 h",
        "tidetime1": "6:37 h",
        "tideheight1": "-0.1 m",
        "tidetime2": "13:35 h",
        "tideheight2": "0.7 m",
        "tidetime3": "15:43 h",
        "tideheight3": "0.4 m",
        "tidetime4": "23:14 h",
        "tideheight4": "1.4 m",
        "coefficient": "76 high"
    },
    {
        "day": "11 Sun",
        "time": "5:58 h 17:40 h",
        "tidetime1": "7:26 h",
        "tideheight1": "-0.1 m",
        "tidetime2": "23:46 h",
        "tideheight2": "1.4 m",
        "tidetime3": "no record",
        "tideheight3": "no record",
        "tidetime4": "no record",
        "tideheight4": "no record",
        "coefficient": "65 average"
    },
    {
        "day": "12 Mon",
        "time": "5:58 h 17:40 h",
        "tidetime1": "8:17 h",
        "tideheight1": "-0.1 m",
        "tidetime2": "no record",
        "tideheight2": "no record",
        "tidetime3": "no record",
        "tideheight3": "no record",
        "tidetime4": "no record",
        "tideheight4": "no record",
        "coefficient": "54 average"
    },
    {
        "day": "13 Tue",
        "time": "5:58 h 17:40 h",
        "tidetime1": "0:19 h",
        "tideheight1": "1.4 m",
        "tidetime2": "9:10 h",
        "tideheight2": "-0.1 m",
        "tidetime3": "no record",
        "tideheight3": "no record",
        "tidetime4": "no record",
        "tideheight4": "no record",
        "coefficient": "44 low"
    },
    {
        "day": "14 Wed",
        "time": "5:59 h 17:40 h",
        "tidetime1": "0:56 h",
        "tideheight1": "1.4 m",
        "tidetime2": "10:06 h",
        "tideheight2": "0.0 m",
        "tidetime3": "no record",
        "tideheight3": "no record",
        "tidetime4": "no record",
        "tideheight4": "no record",
        "coefficient": "37 low"
    },
    {
        "day": "15 Thu",
        "time": "5:59 h 17:40 h",
        "tidetime1": "1:39 h",
        "tideheight1": "1.3 m",
        "tidetime2": "11:04 h",
        "tideheight2": "0.0 m",
        "tidetime3": "no record",
        "tideheight3": "no record",
        "tidetime4": "no record",
        "tideheight4": "no record",
        "coefficient": "35 low"
    },
    {
        "day": "16 Fri",
        "time": "5:59 h 17:40 h",
        "tidetime1": "2:32 h",
        "tideheight1": "1.2 m",
        "tidetime2": "11:57 h",
        "tideheight2": "0.0 m",
        "tidetime3": "no record",
        "tideheight3": "no record",
        "tidetime4": "no record",
        "tideheight4": "no record",
        "coefficient": "39 low"
    },
    {
        "day": "17 Sat",
        "time": "6:00 h 17:40 h",
        "tidetime1": "3:41 h",
        "tideheight1": "1.1 m",
        "tidetime2": "12:41 h",
        "tideheight2": "0.1 m",
        "tidetime3": "no record",
        "tideheight3": "no record",
        "tidetime4": "no record",
        "tideheight4": "no record",
        "coefficient": "48 low"
    },
    {
        "day": "18 Sun",
        "time": "6:00 h 17:40 h",
        "tidetime1": "5:08 h",
        "tideheight1": "1.0 m",
        "tidetime2": "13:16 h",
        "tideheight2": "0.1 m",
        "tidetime3": "20:38 h",
        "tideheight3": "0.9 m",
        "tidetime4": "no record",
        "tideheight4": "no record",
        "coefficient": "58 average"
    },
    {
        "day": "19 Mon",
        "time": "6:00 h 17:40 h",
        "tidetime1": "0:56 h",
        "tideheight1": "0.5 m",
        "tidetime2": "6:38 h",
        "tideheight2": "1.0 m",
        "tidetime3": "13:42 h",
        "tideheight3": "0.2 m",
        "tidetime4": "20:37 h",
        "tideheight4": "1.0 m",
        "coefficient": "70 high"
    },
    {
        "day": "20 Tue",
        "time": "6:01 h 17:40 h",
        "tidetime1": "2:15 h",
        "tideheight1": "0.4 m",
        "tidetime2": "7:56 h",
        "tideheight2": "0.9 m",
        "tidetime3": "14:04 h",
        "tideheight3": "0.2 m",
        "tidetime4": "20:48 h",
        "tideheight4": "1.0 m",
        "coefficient": "80 high"
    },
    {
        "day": "21 Wed",
        "time": "6:01 h 17:40 h",
        "tidetime1": "3:14 h",
        "tideheight1": "0.2 m",
        "tidetime2": "9:06 h",
        "tideheight2": "0.9 m",
        "tidetime3": "14:22 h",
        "tideheight3": "0.3 m",
        "tidetime4": "21:05 h",
        "tideheight4": "1.2 m",
        "coefficient": "89 high"
    },
    {
        "day": "22 Thu",
        "time": "6:02 h 17:40 h",
        "tidetime1": "4:04 h",
        "tideheight1": "0.1 m",
        "tidetime2": "10:13 h",
        "tideheight2": "0.8 m",
        "tidetime3": "14:37 h",
        "tideheight3": "0.3 m",
        "tidetime4": "21:27 h",
        "tideheight4": "1.3 m",
        "coefficient": "95 very high"
    },
    {
        "day": "23 Fri",
        "time": "6:02 h 17:41 h",
        "tidetime1": "4:53 h",
        "tideheight1": "0.0 m",
        "tidetime2": "11:19 h",
        "tideheight2": "0.8 m",
        "tidetime3": "14:50 h",
        "tideheight3": "0.4 m",
        "tidetime4": "21:53 h",
        "tideheight4": "1.4 m",
        "coefficient": "97 very high"
    },
    {
        "day": "24 Sat",
        "time": "6:02 h 17:41 h",
        "tidetime1": "5:41 h",
        "tideheight1": "-0.1 m",
        "tidetime2": "12:32 h",
        "tideheight2": "0.7 m",
        "tidetime3": "14:56 h",
        "tideheight3": "0.4 m",
        "tidetime4": "22:23 h",
        "tideheight4": "1.5 m",
        "coefficient": "95 very high"
    },
    {
        "day": "25 Sun",
        "time": "6:03 h 17:41 h",
        "tidetime1": "6:31 h",
        "tideheight1": "-0.2 m",
        "tidetime2": "22:57 h",
        "tideheight2": "1.5 m",
        "tidetime3": "no record",
        "tideheight3": "no record",
        "tidetime4": "no record",
        "tideheight4": "no record",
        "coefficient": "89 high"
    },
    {
        "day": "26 Mon",
        "time": "6:03 h 17:41 h",
        "tidetime1": "7:24 h",
        "tideheight1": "-0.2 m",
        "tidetime2": "23:35 h",
        "tideheight2": "1.6 m",
        "tidetime3": "no record",
        "tideheight3": "no record",
        "tidetime4": "no record",
        "tideheight4": "no record",
        "coefficient": "81 high"
    },
    {
        "day": "27 Tue",
        "time": "6:04 h 17:41 h",
        "tidetime1": "8:19 h",
        "tideheight1": "-0.3 m",
        "tidetime2": "no record",
        "tideheight2": "no record",
        "tidetime3": "no record",
        "tideheight3": "no record",
        "tidetime4": "no record",
        "tideheight4": "no record",
        "coefficient": "70 high"
    },
    {
        "day": "28 Wed",
        "time": "6:04 h 17:41 h",
        "tidetime1": "0:18 h",
        "tideheight1": "1.5 m",
        "tidetime2": "9:17 h",
        "tideheight2": "-0.2 m",
        "tidetime3": "no record",
        "tideheight3": "no record",
        "tidetime4": "no record",
        "tideheight4": "no record",
        "coefficient": "61 average"
    },
    {
        "day": "29 Thu",
        "time": "6:05 h 17:42 h",
        "tidetime1": "1:06 h",
        "tideheight1": "1.5 m",
        "tidetime2": "10:14 h",
        "tideheight2": "-0.2 m",
        "tidetime3": "no record",
        "tideheight3": "no record",
        "tidetime4": "no record",
        "tideheight4": "no record",
        "coefficient": "56 average"
    },
    {
        "day": "30 Fri",
        "time": "6:05 h 17:42 h",
        "tidetime1": "2:00 h",
        "tideheight1": "1.4 m",
        "tidetime2": "11:07 h",
        "tideheight2": "-0.1 m",
        "tidetime3": "no record",
        "tideheight3": "no record",
        "tidetime4": "no record",
        "tideheight4": "no record",
        "coefficient": "56 average"
    }
]