[
    {
        "day": "1 Sun",
        "time": "5:54 h 17:56 h",
        "tidetime1": "5:52 h",
        "tideheight1": "1.3 m",
        "tidetime2": "14:30 h",
        "tideheight2": "0.2 m",
        "tidetime3": "no record",
        "tideheight3": "no record",
        "tidetime4": "no record",
        "tideheight4": "no record",
        "coefficient": "59 average"
    },
    {
        "day": "2 Mon",
        "time": "5:54 h 17:55 h",
        "tidetime1": "7:03 h",
        "tideheight1": "1.3 m",
        "tidetime2": "15:07 h",
        "tideheight2": "0.2 m",
        "tidetime3": "21:56 h",
        "tideheight3": "0.9 m",
        "tidetime4": "no record",
        "tideheight4": "no record",
        "coefficient": "72 high"
    },
    {
        "day": "3 Tue",
        "time": "5:54 h 17:55 h",
        "tidetime1": "0:59 h",
        "tideheight1": "0.5 m",
        "tidetime2": "8:03 h",
        "tideheight2": "1.3 m",
        "tidetime3": "15:37 h",
        "tideheight3": "0.2 m",
        "tidetime4": "22:00 h",
        "tideheight4": "0.9 m",
        "coefficient": "84 high"
    },
    {
        "day": "4 Wed",
        "time": "5:53 h 17:54 h",
        "tidetime1": "2:09 h",
        "tideheight1": "0.5 m",
        "tidetime2": "8:56 h",
        "tideheight2": "1.3 m",
        "tidetime3": "16:03 h",
        "tideheight3": "0.2 m",
        "tidetime4": "22:12 h",
        "tideheight4": "1.0 m",
        "coefficient": "95 very high"
    },
    {
        "day": "5 Thu",
        "time": "5:53 h 17:53 h",
        "tidetime1": "3:08 h",
        "tideheight1": "0.4 m",
        "tidetime2": "9:46 h",
        "tideheight2": "1.3 m",
        "tidetime3": "16:25 h",
        "tideheight3": "0.2 m",
        "tidetime4": "22:29 h",
        "tideheight4": "1.0 m",
        "coefficient": "102 very high"
    },
    {
        "day": "6 Fri",
        "time": "5:53 h 17:53 h",
        "tidetime1": "4:02 h",
        "tideheight1": "0.3 m",
        "tidetime2": "10:36 h",
        "tideheight2": "1.2 m",
        "tidetime3": "16:45 h",
        "tideheight3": "0.3 m",
        "tidetime4": "22:49 h",
        "tideheight4": "1.1 m",
        "coefficient": "105 very high"
    },
    {
        "day": "7 Sat",
        "time": "5:53 h 17:52 h",
        "tidetime1": "4:57 h",
        "tideheight1": "0.2 m",
        "tidetime2": "11:27 h",
        "tideheight2": "1.1 m",
        "tidetime3": "17:02 h",
        "tideheight3": "0.4 m",
        "tidetime4": "23:12 h",
        "tideheight4": "1.2 m",
        "coefficient": "103 very high"
    },
    {
        "day": "8 Sun",
        "time": "5:53 h 17:52 h",
        "tidetime1": "5:52 h",
        "tideheight1": "0.1 m",
        "tidetime2": "12:23 h",
        "tideheight2": "1.0 m",
        "tidetime3": "17:17 h",
        "tideheight3": "0.4 m",
        "tidetime4": "23:39 h",
        "tideheight4": "1.3 m",
        "coefficient": "96 very high"
    },
    {
        "day": "9 Mon",
        "time": "5:53 h 17:51 h",
        "tidetime1": "6:52 h",
        "tideheight1": "0.1 m",
        "tidetime2": "13:28 h",
        "tideheight2": "0.9 m",
        "tidetime3": "17:27 h",
        "tideheight3": "0.5 m",
        "tidetime4": "no record",
        "tideheight4": "no record",
        "coefficient": "84 high"
    },
    {
        "day": "10 Tue",
        "time": "5:53 h 17:51 h",
        "tidetime1": "0:11 h",
        "tideheight1": "1.4 m",
        "tidetime2": "7:57 h",
        "tideheight2": "0.0 m",
        "tidetime3": "14:56 h",
        "tideheight3": "0.8 m",
        "tidetime4": "17:24 h",
        "tideheight4": "0.5 m",
        "coefficient": "70 high"
    },
    {
        "day": "11 Wed",
        "time": "5:53 h 17:50 h",
        "tidetime1": "0:49 h",
        "tideheight1": "1.4 m",
        "tidetime2": "9:09 h",
        "tideheight2": "0.0 m",
        "tidetime3": "no record",
        "tideheight3": "no record",
        "tidetime4": "no record",
        "tideheight4": "no record",
        "coefficient": "57 average"
    },
    {
        "day": "12 Thu",
        "time": "5:53 h 17:50 h",
        "tidetime1": "1:34 h",
        "tideheight1": "1.5 m",
        "tidetime2": "10:30 h",
        "tideheight2": "0.0 m",
        "tidetime3": "no record",
        "tideheight3": "no record",
        "tidetime4": "no record",
        "tideheight4": "no record",
        "coefficient": "49 low"
    },
    {
        "day": "13 Fri",
        "time": "5:53 h 17:49 h",
        "tidetime1": "2:31 h",
        "tideheight1": "1.5 m",
        "tidetime2": "11:52 h",
        "tideheight2": "0.0 m",
        "tidetime3": "no record",
        "tideheight3": "no record",
        "tidetime4": "no record",
        "tideheight4": "no record",
        "coefficient": "50 average"
    },
    {
        "day": "14 Sat",
        "time": "5:53 h 17:49 h",
        "tidetime1": "3:42 h",
        "tideheight1": "1.4 m",
        "tidetime2": "13:02 h",
        "tideheight2": "0.0 m",
        "tidetime3": "no record",
        "tideheight3": "no record",
        "tidetime4": "no record",
        "tideheight4": "no record",
        "coefficient": "59 average"
    },
    {
        "day": "15 Sun",
        "time": "5:53 h 17:48 h",
        "tidetime1": "5:08 h",
        "tideheight1": "1.3 m",
        "tidetime2": "13:55 h",
        "tideheight2": "0.0 m",
        "tidetime3": "no record",
        "tideheight3": "no record",
        "tidetime4": "no record",
        "tideheight4": "no record",
        "coefficient": "70 high"
    },
    {
        "day": "16 Mon",
        "time": "5:53 h 17:48 h",
        "tidetime1": "6:35 h",
        "tideheight1": "1.3 m",
        "tidetime2": "14:34 h",
        "tideheight2": "0.1 m",
        "tidetime3": "21:29 h",
        "tideheight3": "0.9 m",
        "tidetime4": "no record",
        "tideheight4": "no record",
        "coefficient": "80 high"
    },
    {
        "day": "17 Tue",
        "time": "5:53 h 17:47 h",
        "tidetime1": "1:03 h",
        "tideheight1": "0.5 m",
        "tidetime2": "7:51 h",
        "tideheight2": "1.2 m",
        "tidetime3": "15:05 h",
        "tideheight3": "0.2 m",
        "tidetime4": "21:36 h",
        "tideheight4": "1.0 m",
        "coefficient": "88 high"
    },
    {
        "day": "18 Wed",
        "time": "5:53 h 17:47 h",
        "tidetime1": "2:27 h",
        "tideheight1": "0.4 m",
        "tidetime2": "8:55 h",
        "tideheight2": "1.2 m",
        "tidetime3": "15:30 h",
        "tideheight3": "0.2 m",
        "tidetime4": "21:51 h",
        "tideheight4": "1.0 m",
        "coefficient": "92 very high"
    },
    {
        "day": "19 Thu",
        "time": "5:54 h 17:46 h",
        "tidetime1": "3:32 h",
        "tideheight1": "0.3 m",
        "tidetime2": "9:53 h",
        "tideheight2": "1.1 m",
        "tidetime3": "15:51 h",
        "tideheight3": "0.3 m",
        "tidetime4": "22:10 h",
        "tideheight4": "1.1 m",
        "coefficient": "94 very high"
    },
    {
        "day": "20 Fri",
        "time": "5:54 h 17:46 h",
        "tidetime1": "4:27 h",
        "tideheight1": "0.2 m",
        "tidetime2": "10:46 h",
        "tideheight2": "1.0 m",
        "tidetime3": "16:11 h",
        "tideheight3": "0.3 m",
        "tidetime4": "22:31 h",
        "tideheight4": "1.2 m",
        "coefficient": "92 very high"
    },
    {
        "day": "21 Sat",
        "time": "5:54 h 17:46 h",
        "tidetime1": "5:17 h",
        "tideheight1": "0.1 m",
        "tidetime2": "11:37 h",
        "tideheight2": "1.0 m",
        "tidetime3": "16:28 h",
        "tideheight3": "0.4 m",
        "tidetime4": "22:54 h",
        "tideheight4": "1.3 m",
        "coefficient": "87 high"
    },
    {
        "day": "22 Sun",
        "time": "5:54 h 17:45 h",
        "tidetime1": "6:05 h",
        "tideheight1": "0.1 m",
        "tidetime2": "12:30 h",
        "tideheight2": "0.9 m",
        "tidetime3": "16:43 h",
        "tideheight3": "0.4 m",
        "tidetime4": "23:19 h",
        "tideheight4": "1.3 m",
        "coefficient": "79 high"
    },
    {
        "day": "23 Mon",
        "time": "5:54 h 17:45 h",
        "tidetime1": "6:52 h",
        "tideheight1": "0.1 m",
        "tidetime2": "13:29 h",
        "tideheight2": "0.8 m",
        "tidetime3": "16:50 h",
        "tideheight3": "0.5 m",
        "tidetime4": "23:45 h",
        "tideheight4": "1.3 m",
        "coefficient": "70 high"
    },
    {
        "day": "24 Tue",
        "time": "5:54 h 17:44 h",
        "tidetime1": "7:41 h",
        "tideheight1": "0.1 m",
        "tidetime2": "14:49 h",
        "tideheight2": "0.8 m",
        "tidetime3": "16:39 h",
        "tideheight3": "0.5 m",
        "tidetime4": "no record",
        "tideheight4": "no record",
        "coefficient": "59 average"
    },
    {
        "day": "25 Wed",
        "time": "5:54 h 17:44 h",
        "tidetime1": "0:15 h",
        "tideheight1": "1.3 m",
        "tidetime2": "8:33 h",
        "tideheight2": "0.1 m",
        "tidetime3": "no record",
        "tideheight3": "no record",
        "tidetime4": "no record",
        "tideheight4": "no record",
        "coefficient": "49 low"
    },
    {
        "day": "26 Thu",
        "time": "5:54 h 17:44 h",
        "tidetime1": "0:48 h",
        "tideheight1": "1.3 m",
        "tidetime2": "9:32 h",
        "tideheight2": "0.1 m",
        "tidetime3": "no record",
        "tideheight3": "no record",
        "tidetime4": "no record",
        "tideheight4": "no record",
        "coefficient": "40 low"
    },
    {
        "day": "27 Fri",
        "time": "5:54 h 17:43 h",
        "tidetime1": "1:27 h",
        "tideheight1": "1.3 m",
        "tidetime2": "10:37 h",
        "tideheight2": "0.1 m",
        "tidetime3": "no record",
        "tideheight3": "no record",
        "tidetime4": "no record",
        "tideheight4": "no record",
        "coefficient": "34 low"
    },
    {
        "day": "28 Sat",
        "time": "5:54 h 17:43 h",
        "tidetime1": "2:16 h",
        "tideheight1": "1.2 m",
        "tidetime2": "11:43 h",
        "tideheight2": "0.1 m",
        "tidetime3": "no record",
        "tideheight3": "no record",
        "tidetime4": "no record",
        "tideheight4": "no record",
        "coefficient": "37 low"
    },
    {
        "day": "29 Sun",
        "time": "5:55 h 17:43 h",
        "tidetime1": "3:20 h",
        "tideheight1": "1.2 m",
        "tidetime2": "12:40 h",
        "tideheight2": "0.1 m",
        "tidetime3": "no record",
        "tideheight3": "no record",
        "tidetime4": "no record",
        "tideheight4": "no record",
        "coefficient": "45 low"
    },
    {
        "day": "30 Mon",
        "time": "5:55 h 17:43 h",
        "tidetime1": "4:43 h",
        "tideheight1": "1.2 m",
        "tidetime2": "13:25 h",
        "tideheight2": "0.1 m",
        "tidetime3": "21:23 h",
        "tideheight3": "0.9 m",
        "tidetime4": "23:27 h",
        "tideheight4": "0.6 m",
        "coefficient": "57 average"
    },
    {
        "day": "31 Tue",
        "time": "5:55 h 17:42 h",
        "tidetime1": "6:11 h",
        "tideheight1": "1.1 m",
        "tidetime2": "13:59 h",
        "tideheight2": "0.1 m",
        "tidetime3": "21:01 h",
        "tideheight3": "0.9 m",
        "tidetime4": "no record",
        "tideheight4": "no record",
        "coefficient": "71 high"
    }
]