[
    {
        "day": "1 Mon",
        "time": "5:48 h 18:16 h",
        "tidetime1": "12:52 h",
        "tideheight1": "1.5 m",
        "tidetime2": "21:37 h",
        "tideheight2": "-0.2 m",
        "tidetime3": "no record",
        "tideheight3": "no record",
        "tidetime4": "no record",
        "tideheight4": "no record",
        "coefficient": "63 average"
    },
    {
        "day": "2 Tue",
        "time": "5:48 h 18:17 h",
        "tidetime1": "13:42 h",
        "tideheight1": "1.4 m",
        "tidetime2": "22:45 h",
        "tideheight2": "-0.1 m",
        "tidetime3": "no record",
        "tideheight3": "no record",
        "tidetime4": "no record",
        "tideheight4": "no record",
        "coefficient": "53 average"
    },
    {
        "day": "3 Wed",
        "time": "5:48 h 18:17 h",
        "tidetime1": "14:40 h",
        "tideheight1": "1.3 m",
        "tidetime2": "23:49 h",
        "tideheight2": "-0.1 m",
        "tidetime3": "no record",
        "tideheight3": "no record",
        "tidetime4": "no record",
        "tideheight4": "no record",
        "coefficient": "50 average"
    },
    {
        "day": "4 Thu",
        "time": "5:47 h 18:17 h",
        "tidetime1": "15:51 h",
        "tideheight1": "1.2 m",
        "tidetime2": "no record",
        "tideheight2": "no record",
        "tidetime3": "no record",
        "tideheight3": "no record",
        "tidetime4": "no record",
        "tideheight4": "no record",
        "coefficient": "53 average"
    },
    {
        "day": "5 Fri",
        "time": "5:47 h 18:17 h",
        "tidetime1": "0:44 h",
        "tideheight1": "0.0 m",
        "tidetime2": "17:17 h",
        "tideheight2": "1.1 m",
        "tidetime3": "no record",
        "tideheight3": "no record",
        "tidetime4": "no record",
        "tideheight4": "no record",
        "coefficient": "60 average"
    },
    {
        "day": "6 Sat",
        "time": "5:47 h 18:17 h",
        "tidetime1": "1:26 h",
        "tideheight1": "0.1 m",
        "tidetime2": "8:48 h",
        "tideheight2": "0.9 m",
        "tidetime3": "12:29 h",
        "tideheight3": "0.5 m",
        "tidetime4": "18:47 h",
        "tideheight4": "1.0 m",
        "coefficient": "68 average"
    },
    {
        "day": "7 Sun",
        "time": "5:46 h 18:17 h",
        "tidetime1": "1:59 h",
        "tideheight1": "0.1 m",
        "tidetime2": "8:55 h",
        "tideheight2": "0.9 m",
        "tidetime3": "14:08 h",
        "tideheight3": "0.4 m",
        "tidetime4": "20:07 h",
        "tideheight4": "1.0 m",
        "coefficient": "74 high"
    },
    {
        "day": "8 Mon",
        "time": "5:46 h 18:17 h",
        "tidetime1": "2:25 h",
        "tideheight1": "0.2 m",
        "tidetime2": "9:09 h",
        "tideheight2": "1.0 m",
        "tidetime3": "15:16 h",
        "tideheight3": "0.3 m",
        "tidetime4": "21:15 h",
        "tideheight4": "0.9 m",
        "coefficient": "79 high"
    },
    {
        "day": "9 Tue",
        "time": "5:46 h 18:18 h",
        "tidetime1": "2:47 h",
        "tideheight1": "0.3 m",
        "tidetime2": "9:28 h",
        "tideheight2": "1.1 m",
        "tidetime3": "16:10 h",
        "tideheight3": "0.2 m",
        "tidetime4": "22:15 h",
        "tideheight4": "0.9 m",
        "coefficient": "82 high"
    },
    {
        "day": "10 Wed",
        "time": "5:46 h 18:18 h",
        "tidetime1": "3:07 h",
        "tideheight1": "0.3 m",
        "tidetime2": "9:49 h",
        "tideheight2": "1.2 m",
        "tidetime3": "16:57 h",
        "tideheight3": "0.1 m",
        "tidetime4": "23:11 h",
        "tideheight4": "0.8 m",
        "coefficient": "83 high"
    },
    {
        "day": "11 Thu",
        "time": "5:45 h 18:18 h",
        "tidetime1": "3:25 h",
        "tideheight1": "0.3 m",
        "tidetime2": "10:12 h",
        "tideheight2": "1.3 m",
        "tidetime3": "17:40 h",
        "tideheight3": "0.0 m",
        "tidetime4": "no record",
        "tideheight4": "no record",
        "coefficient": "81 high"
    },
    {
        "day": "12 Fri",
        "time": "5:45 h 18:18 h",
        "tidetime1": "0:07 h",
        "tideheight1": "0.8 m",
        "tidetime2": "3:41 h",
        "tideheight2": "0.4 m",
        "tidetime3": "10:37 h",
        "tideheight3": "1.3 m",
        "tidetime4": "18:21 h",
        "tideheight4": "0.0 m",
        "coefficient": "79 high"
    },
    {
        "day": "13 Sat",
        "time": "5:45 h 18:18 h",
        "tidetime1": "1:05 h",
        "tideheight1": "0.8 m",
        "tidetime2": "3:51 h",
        "tideheight2": "0.4 m",
        "tidetime3": "11:04 h",
        "tideheight3": "1.3 m",
        "tidetime4": "19:03 h",
        "tideheight4": "0.0 m",
        "coefficient": "73 high"
    },
    {
        "day": "14 Sun",
        "time": "5:45 h 18:18 h",
        "tidetime1": "2:18 h",
        "tideheight1": "0.7 m",
        "tidetime2": "3:47 h",
        "tideheight2": "0.4 m",
        "tidetime3": "11:33 h",
        "tideheight3": "1.4 m",
        "tidetime4": "19:48 h",
        "tideheight4": "-0.1 m",
        "coefficient": "67 average"
    },
    {
        "day": "15 Mon",
        "time": "5:44 h 18:19 h",
        "tidetime1": "12:03 h",
        "tideheight1": "1.4 m",
        "tidetime2": "20:35 h",
        "tideheight2": "0.0 m",
        "tidetime3": "no record",
        "tideheight3": "no record",
        "tidetime4": "no record",
        "tideheight4": "no record",
        "coefficient": "59 average"
    },
    {
        "day": "16 Tue",
        "time": "5:44 h 18:19 h",
        "tidetime1": "12:37 h",
        "tideheight1": "1.3 m",
        "tidetime2": "21:25 h",
        "tideheight2": "0.0 m",
        "tidetime3": "no record",
        "tideheight3": "no record",
        "tidetime4": "no record",
        "tideheight4": "no record",
        "coefficient": "52 average"
    },
    {
        "day": "17 Wed",
        "time": "5:44 h 18:19 h",
        "tidetime1": "13:14 h",
        "tideheight1": "1.3 m",
        "tidetime2": "22:18 h",
        "tideheight2": "0.0 m",
        "tidetime3": "no record",
        "tideheight3": "no record",
        "tidetime4": "no record",
        "tideheight4": "no record",
        "coefficient": "46 low"
    },
    {
        "day": "18 Thu",
        "time": "5:44 h 18:19 h",
        "tidetime1": "13:58 h",
        "tideheight1": "1.3 m",
        "tidetime2": "23:10 h",
        "tideheight2": "0.0 m",
        "tidetime3": "no record",
        "tideheight3": "no record",
        "tidetime4": "no record",
        "tideheight4": "no record",
        "coefficient": "44 low"
    },
    {
        "day": "19 Fri",
        "time": "5:44 h 18:20 h",
        "tidetime1": "14:53 h",
        "tideheight1": "1.2 m",
        "tidetime2": "23:57 h",
        "tideheight2": "0.1 m",
        "tidetime3": "no record",
        "tideheight3": "no record",
        "tidetime4": "no record",
        "tideheight4": "no record",
        "coefficient": "47 low"
    },
    {
        "day": "20 Sat",
        "time": "5:44 h 18:20 h",
        "tidetime1": "16:07 h",
        "tideheight1": "1.1 m",
        "tidetime2": "no record",
        "tideheight2": "no record",
        "tidetime3": "no record",
        "tideheight3": "no record",
        "tidetime4": "no record",
        "tideheight4": "no record",
        "coefficient": "56 average"
    },
    {
        "day": "21 Sun",
        "time": "5:44 h 18:20 h",
        "tidetime1": "0:36 h",
        "tideheight1": "0.1 m",
        "tidetime2": "8:22 h",
        "tideheight2": "0.9 m",
        "tidetime3": "11:45 h",
        "tideheight3": "0.5 m",
        "tidetime4": "17:41 h",
        "tideheight4": "1.0 m",
        "coefficient": "68 average"
    },
    {
        "day": "22 Mon",
        "time": "5:44 h 18:20 h",
        "tidetime1": "1:08 h",
        "tideheight1": "0.2 m",
        "tidetime2": "8:17 h",
        "tideheight2": "1.0 m",
        "tidetime3": "13:34 h",
        "tideheight3": "0.4 m",
        "tidetime4": "19:18 h",
        "tideheight4": "1.0 m",
        "coefficient": "81 high"
    },
    {
        "day": "23 Tue",
        "time": "5:43 h 18:20 h",
        "tidetime1": "1:35 h",
        "tideheight1": "0.2 m",
        "tidetime2": "8:29 h",
        "tideheight2": "1.1 m",
        "tidetime3": "14:50 h",
        "tideheight3": "0.3 m",
        "tidetime4": "20:46 h",
        "tideheight4": "0.9 m",
        "coefficient": "92 very high"
    },
    {
        "day": "24 Wed",
        "time": "5:43 h 18:21 h",
        "tidetime1": "1:58 h",
        "tideheight1": "0.3 m",
        "tidetime2": "8:50 h",
        "tideheight2": "1.2 m",
        "tidetime3": "15:52 h",
        "tideheight3": "0.1 m",
        "tidetime4": "22:05 h",
        "tideheight4": "0.8 m",
        "coefficient": "101 very high"
    },
    {
        "day": "25 Thu",
        "time": "5:43 h 18:21 h",
        "tidetime1": "2:19 h",
        "tideheight1": "0.4 m",
        "tidetime2": "9:16 h",
        "tideheight2": "1.4 m",
        "tidetime3": "16:48 h",
        "tideheight3": "0.0 m",
        "tidetime4": "23:23 h",
        "tideheight4": "0.8 m",
        "coefficient": "105 very high"
    },
    {
        "day": "26 Fri",
        "time": "5:43 h 18:21 h",
        "tidetime1": "2:36 h",
        "tideheight1": "0.4 m",
        "tidetime2": "9:49 h",
        "tideheight2": "1.5 m",
        "tidetime3": "17:44 h",
        "tideheight3": "-0.1 m",
        "tidetime4": "no record",
        "tideheight4": "no record",
        "coefficient": "105 very high"
    },
    {
        "day": "27 Sat",
        "time": "5:43 h 18:21 h",
        "tidetime1": "0:44 h",
        "tideheight1": "0.7 m",
        "tidetime2": "2:47 h",
        "tideheight2": "0.4 m",
        "tidetime3": "10:26 h",
        "tideheight3": "1.6 m",
        "tidetime4": "18:39 h",
        "tideheight4": "-0.2 m",
        "coefficient": "99 very high"
    },
    {
        "day": "28 Sun",
        "time": "5:43 h 18:22 h",
        "tidetime1": "11:06 h",
        "tideheight1": "1.6 m",
        "tidetime2": "19:34 h",
        "tideheight2": "-0.2 m",
        "tidetime3": "no record",
        "tideheight3": "no record",
        "tidetime4": "no record",
        "tideheight4": "no record",
        "coefficient": "89 high"
    },
    {
        "day": "29 Mon",
        "time": "5:43 h 18:22 h",
        "tidetime1": "11:50 h",
        "tideheight1": "1.7 m",
        "tidetime2": "20:29 h",
        "tideheight2": "-0.2 m",
        "tidetime3": "no record",
        "tideheight3": "no record",
        "tidetime4": "no record",
        "tideheight4": "no record",
        "coefficient": "78 high"
    },
    {
        "day": "30 Tue",
        "time": "5:43 h 18:22 h",
        "tidetime1": "12:36 h",
        "tideheight1": "1.6 m",
        "tidetime2": "21:23 h",
        "tideheight2": "-0.2 m",
        "tidetime3": "no record",
        "tideheight3": "no record",
        "tidetime4": "no record",
        "tideheight4": "no record",
        "coefficient": "66 average"
    },
    {
        "day": "31 Wed",
        "time": "5:43 h 18:22 h",
        "tidetime1": "13:25 h",
        "tideheight1": "1.5 m",
        "tidetime2": "22:15 h",
        "tideheight2": "-0.1 m",
        "tidetime3": "no record",
        "tideheight3": "no record",
        "tidetime4": "no record",
        "tideheight4": "no record",
        "coefficient": "57 average"
    }
]