[
    {
        "day": "1 Thu",
        "time": "6:03 h 18:16 h",
        "tidetime1": "1:10 h",
        "tideheight1": "0.8 m",
        "tidetime2": "5:44 h",
        "tideheight2": "0.3 m",
        "tidetime3": "12:12 h",
        "tideheight3": "1.2 m",
        "tidetime4": "19:45 h",
        "tideheight4": "-0.1 m",
        "coefficient": "84 high"
    },
    {
        "day": "2 Fri",
        "time": "6:02 h 18:16 h",
        "tidetime1": "2:34 h",
        "tideheight1": "0.7 m",
        "tidetime2": "5:33 h",
        "tideheight2": "0.3 m",
        "tidetime3": "12:46 h",
        "tideheight3": "1.3 m",
        "tidetime4": "21:03 h",
        "tideheight4": "-0.2 m",
        "coefficient": "67 average"
    },
    {
        "day": "3 Sat",
        "time": "6:02 h 18:16 h",
        "tidetime1": "13:27 h",
        "tideheight1": "1.4 m",
        "tidetime2": "22:30 h",
        "tideheight2": "-0.2 m",
        "tidetime3": "no record",
        "tideheight3": "no record",
        "tidetime4": "no record",
        "tideheight4": "no record",
        "coefficient": "51 average"
    },
    {
        "day": "4 Sun",
        "time": "6:01 h 18:16 h",
        "tidetime1": "14:18 h",
        "tideheight1": "1.4 m",
        "tidetime2": "no record",
        "tideheight2": "no record",
        "tidetime3": "no record",
        "tideheight3": "no record",
        "tidetime4": "no record",
        "tideheight4": "no record",
        "coefficient": "41 low"
    },
    {
        "day": "5 Mon",
        "time": "6:00 h 18:16 h",
        "tidetime1": "0:04 h",
        "tideheight1": "-0.2 m",
        "tidetime2": "15:23 h",
        "tideheight2": "1.4 m",
        "tidetime3": "no record",
        "tideheight3": "no record",
        "tidetime4": "no record",
        "tideheight4": "no record",
        "coefficient": "42 low"
    },
    {
        "day": "6 Tue",
        "time": "6:00 h 18:16 h",
        "tidetime1": "1:28 h",
        "tideheight1": "-0.2 m",
        "tidetime2": "16:44 h",
        "tideheight2": "1.3 m",
        "tidetime3": "no record",
        "tideheight3": "no record",
        "tidetime4": "no record",
        "tideheight4": "no record",
        "coefficient": "50 average"
    },
    {
        "day": "7 Wed",
        "time": "5:59 h 18:15 h",
        "tidetime1": "2:29 h",
        "tideheight1": "-0.2 m",
        "tidetime2": "18:13 h",
        "tideheight2": "1.3 m",
        "tidetime3": "no record",
        "tideheight3": "no record",
        "tidetime4": "no record",
        "tideheight4": "no record",
        "coefficient": "61 average"
    },
    {
        "day": "8 Thu",
        "time": "5:59 h 18:15 h",
        "tidetime1": "3:13 h",
        "tideheight1": "-0.1 m",
        "tidetime2": "19:33 h",
        "tideheight2": "1.2 m",
        "tidetime3": "no record",
        "tideheight3": "no record",
        "tidetime4": "no record",
        "tideheight4": "no record",
        "coefficient": "72 high"
    },
    {
        "day": "9 Fri",
        "time": "5:58 h 18:15 h",
        "tidetime1": "3:44 h",
        "tideheight1": "-0.1 m",
        "tidetime2": "10:32 h",
        "tideheight2": "0.7 m",
        "tidetime3": "13:24 h",
        "tideheight3": "0.3 m",
        "tidetime4": "20:38 h",
        "tideheight4": "1.2 m",
        "coefficient": "80 high"
    },
    {
        "day": "10 Sat",
        "time": "5:58 h 18:15 h",
        "tidetime1": "4:07 h",
        "tideheight1": "0.0 m",
        "tidetime2": "10:24 h",
        "tideheight2": "0.8 m",
        "tidetime3": "14:49 h",
        "tideheight3": "0.3 m",
        "tidetime4": "21:33 h",
        "tideheight4": "1.1 m",
        "coefficient": "85 high"
    },
    {
        "day": "11 Sun",
        "time": "5:57 h 18:15 h",
        "tidetime1": "4:25 h",
        "tideheight1": "0.1 m",
        "tidetime2": "10:30 h",
        "tideheight2": "0.8 m",
        "tidetime3": "15:52 h",
        "tideheight3": "0.2 m",
        "tidetime4": "22:24 h",
        "tideheight4": "1.0 m",
        "coefficient": "88 high"
    },
    {
        "day": "12 Mon",
        "time": "5:57 h 18:15 h",
        "tidetime1": "4:39 h",
        "tideheight1": "0.2 m",
        "tidetime2": "10:42 h",
        "tideheight2": "0.9 m",
        "tidetime3": "16:47 h",
        "tideheight3": "0.1 m",
        "tidetime4": "23:12 h",
        "tideheight4": "1.0 m",
        "coefficient": "87 high"
    },
    {
        "day": "13 Tue",
        "time": "5:56 h 18:15 h",
        "tidetime1": "4:52 h",
        "tideheight1": "0.2 m",
        "tidetime2": "10:57 h",
        "tideheight2": "1.0 m",
        "tidetime3": "17:36 h",
        "tideheight3": "0.0 m",
        "tidetime4": "no record",
        "tideheight4": "no record",
        "coefficient": "84 high"
    },
    {
        "day": "14 Wed",
        "time": "5:56 h 18:15 h",
        "tidetime1": "0:02 h",
        "tideheight1": "0.9 m",
        "tidetime2": "5:01 h",
        "tideheight2": "0.3 m",
        "tidetime3": "11:15 h",
        "tideheight3": "1.1 m",
        "tidetime4": "18:24 h",
        "tideheight4": "0.0 m",
        "coefficient": "78 high"
    },
    {
        "day": "15 Thu",
        "time": "5:55 h 18:16 h",
        "tidetime1": "0:55 h",
        "tideheight1": "0.8 m",
        "tidetime2": "5:05 h",
        "tideheight2": "0.4 m",
        "tidetime3": "11:35 h",
        "tideheight3": "1.2 m",
        "tidetime4": "19:12 h",
        "tideheight4": "0.0 m",
        "coefficient": "70 high"
    },
    {
        "day": "16 Fri",
        "time": "5:55 h 18:16 h",
        "tidetime1": "2:01 h",
        "tideheight1": "0.7 m",
        "tidetime2": "4:57 h",
        "tideheight2": "0.4 m",
        "tidetime3": "11:58 h",
        "tideheight3": "1.2 m",
        "tidetime4": "20:03 h",
        "tideheight4": "-0.1 m",
        "coefficient": "61 average"
    },
    {
        "day": "17 Sat",
        "time": "5:54 h 18:16 h",
        "tidetime1": "12:25 h",
        "tideheight1": "1.2 m",
        "tidetime2": "21:01 h",
        "tideheight2": "-0.1 m",
        "tidetime3": "no record",
        "tideheight3": "no record",
        "tidetime4": "no record",
        "tideheight4": "no record",
        "coefficient": "51 average"
    },
    {
        "day": "18 Sun",
        "time": "5:54 h 18:16 h",
        "tidetime1": "12:58 h",
        "tideheight1": "1.3 m",
        "tidetime2": "22:09 h",
        "tideheight2": "-0.1 m",
        "tidetime3": "no record",
        "tideheight3": "no record",
        "tidetime4": "no record",
        "tideheight4": "no record",
        "coefficient": "41 low"
    },
    {
        "day": "19 Mon",
        "time": "5:53 h 18:16 h",
        "tidetime1": "13:40 h",
        "tideheight1": "1.3 m",
        "tidetime2": "23:27 h",
        "tideheight2": "-0.1 m",
        "tidetime3": "no record",
        "tideheight3": "no record",
        "tidetime4": "no record",
        "tideheight4": "no record",
        "coefficient": "34 low"
    },
    {
        "day": "20 Tue",
        "time": "5:53 h 18:16 h",
        "tidetime1": "14:34 h",
        "tideheight1": "1.2 m",
        "tidetime2": "no record",
        "tideheight2": "no record",
        "tidetime3": "no record",
        "tideheight3": "no record",
        "tidetime4": "no record",
        "tideheight4": "no record",
        "coefficient": "34 low"
    },
    {
        "day": "21 Wed",
        "time": "5:52 h 18:16 h",
        "tidetime1": "0:41 h",
        "tideheight1": "-0.1 m",
        "tidetime2": "15:46 h",
        "tideheight2": "1.2 m",
        "tidetime3": "no record",
        "tideheight3": "no record",
        "tidetime4": "no record",
        "tideheight4": "no record",
        "coefficient": "43 low"
    },
    {
        "day": "22 Thu",
        "time": "5:52 h 18:16 h",
        "tidetime1": "1:40 h",
        "tideheight1": "-0.1 m",
        "tidetime2": "17:14 h",
        "tideheight2": "1.2 m",
        "tidetime3": "no record",
        "tideheight3": "no record",
        "tidetime4": "no record",
        "tideheight4": "no record",
        "coefficient": "57 average"
    },
    {
        "day": "23 Fri",
        "time": "5:51 h 18:16 h",
        "tidetime1": "2:23 h",
        "tideheight1": "-0.1 m",
        "tidetime2": "18:40 h",
        "tideheight2": "1.2 m",
        "tidetime3": "no record",
        "tideheight3": "no record",
        "tidetime4": "no record",
        "tideheight4": "no record",
        "coefficient": "73 high"
    },
    {
        "day": "24 Sat",
        "time": "5:51 h 18:16 h",
        "tidetime1": "2:54 h",
        "tideheight1": "0.0 m",
        "tidetime2": "9:58 h",
        "tideheight2": "0.8 m",
        "tidetime3": "13:00 h",
        "tideheight3": "0.4 m",
        "tidetime4": "19:56 h",
        "tideheight4": "1.2 m",
        "coefficient": "89 high"
    },
    {
        "day": "25 Sun",
        "time": "5:51 h 18:16 h",
        "tidetime1": "3:18 h",
        "tideheight1": "0.0 m",
        "tidetime2": "9:45 h",
        "tideheight2": "0.8 m",
        "tidetime3": "14:32 h",
        "tideheight3": "0.3 m",
        "tidetime4": "21:06 h",
        "tideheight4": "1.1 m",
        "coefficient": "102 very high"
    },
    {
        "day": "26 Mon",
        "time": "5:50 h 18:16 h",
        "tidetime1": "3:37 h",
        "tideheight1": "0.1 m",
        "tidetime2": "9:51 h",
        "tideheight2": "1.0 m",
        "tidetime3": "15:45 h",
        "tideheight3": "0.1 m",
        "tidetime4": "22:14 h",
        "tideheight4": "1.0 m",
        "coefficient": "110 very high"
    },
    {
        "day": "27 Tue",
        "time": "5:50 h 18:16 h",
        "tidetime1": "3:50 h",
        "tideheight1": "0.2 m",
        "tidetime2": "10:05 h",
        "tideheight2": "1.1 m",
        "tidetime3": "16:51 h",
        "tideheight3": "0.0 m",
        "tidetime4": "23:24 h",
        "tideheight4": "0.9 m",
        "coefficient": "111 very high"
    },
    {
        "day": "28 Wed",
        "time": "5:49 h 18:16 h",
        "tidetime1": "3:59 h",
        "tideheight1": "0.3 m",
        "tidetime2": "10:28 h",
        "tideheight2": "1.3 m",
        "tidetime3": "17:54 h",
        "tideheight3": "-0.1 m",
        "tidetime4": "no record",
        "tideheight4": "no record",
        "coefficient": "106 very high"
    },
    {
        "day": "29 Thu",
        "time": "5:49 h 18:16 h",
        "tidetime1": "0:42 h",
        "tideheight1": "0.8 m",
        "tidetime2": "4:01 h",
        "tideheight2": "0.4 m",
        "tidetime3": "10:57 h",
        "tideheight3": "1.4 m",
        "tidetime4": "18:57 h",
        "tideheight4": "-0.2 m",
        "coefficient": "94 very high"
    },
    {
        "day": "30 Fri",
        "time": "5:49 h 18:16 h",
        "tidetime1": "2:34 h",
        "tideheight1": "0.7 m",
        "tidetime2": "3:31 h",
        "tideheight2": "0.4 m",
        "tidetime3": "11:33 h",
        "tideheight3": "1.5 m",
        "tidetime4": "20:02 h",
        "tideheight4": "-0.3 m",
        "coefficient": "79 high"
    }
]