[
    {
        "day": "1 Tue",
        "time": "6:06 h 17:42 h",
        "tidetime1": "5:54 h",
        "tideheight1": "-0.1 m",
        "tidetime2": "13:15 h",
        "tideheight2": "0.7 m",
        "tidetime3": "14:09 h",
        "tideheight3": "0.4 m",
        "tidetime4": "22:17 h",
        "tideheight4": "1.4 m",
        "coefficient": "77 high"
    },
    {
        "day": "2 Wed",
        "time": "6:06 h 17:43 h",
        "tidetime1": "6:36 h",
        "tideheight1": "-0.2 m",
        "tidetime2": "22:46 h",
        "tideheight2": "1.4 m",
        "tidetime3": "no record",
        "tideheight3": "no record",
        "tidetime4": "no record",
        "tideheight4": "no record",
        "coefficient": "74 high"
    },
    {
        "day": "3 Thu",
        "time": "6:07 h 17:43 h",
        "tidetime1": "7:20 h",
        "tideheight1": "-0.2 m",
        "tidetime2": "23:18 h",
        "tideheight2": "1.4 m",
        "tidetime3": "no record",
        "tideheight3": "no record",
        "tidetime4": "no record",
        "tideheight4": "no record",
        "coefficient": "69 average"
    },
    {
        "day": "4 Fri",
        "time": "6:07 h 17:43 h",
        "tidetime1": "8:08 h",
        "tideheight1": "-0.2 m",
        "tidetime2": "23:53 h",
        "tideheight2": "1.4 m",
        "tidetime3": "no record",
        "tideheight3": "no record",
        "tidetime4": "no record",
        "tideheight4": "no record",
        "coefficient": "62 average"
    },
    {
        "day": "5 Sat",
        "time": "6:08 h 17:43 h",
        "tidetime1": "8:59 h",
        "tideheight1": "-0.2 m",
        "tidetime2": "no record",
        "tideheight2": "no record",
        "tidetime3": "no record",
        "tideheight3": "no record",
        "tidetime4": "no record",
        "tideheight4": "no record",
        "coefficient": "56 average"
    },
    {
        "day": "6 Sun",
        "time": "6:09 h 17:44 h",
        "tidetime1": "0:31 h",
        "tideheight1": "1.4 m",
        "tidetime2": "9:50 h",
        "tideheight2": "-0.2 m",
        "tidetime3": "no record",
        "tideheight3": "no record",
        "tidetime4": "no record",
        "tideheight4": "no record",
        "coefficient": "51 average"
    },
    {
        "day": "7 Mon",
        "time": "6:09 h 17:44 h",
        "tidetime1": "1:14 h",
        "tideheight1": "1.4 m",
        "tidetime2": "10:39 h",
        "tideheight2": "-0.1 m",
        "tidetime3": "no record",
        "tideheight3": "no record",
        "tidetime4": "no record",
        "tideheight4": "no record",
        "coefficient": "50 average"
    },
    {
        "day": "8 Tue",
        "time": "6:10 h 17:45 h",
        "tidetime1": "2:05 h",
        "tideheight1": "1.3 m",
        "tidetime2": "11:21 h",
        "tideheight2": "-0.1 m",
        "tidetime3": "no record",
        "tideheight3": "no record",
        "tidetime4": "no record",
        "tideheight4": "no record",
        "coefficient": "55 average"
    },
    {
        "day": "9 Wed",
        "time": "6:10 h 17:45 h",
        "tidetime1": "3:08 h",
        "tideheight1": "1.1 m",
        "tidetime2": "11:55 h",
        "tideheight2": "0.0 m",
        "tidetime3": "20:03 h",
        "tideheight3": "0.8 m",
        "tidetime4": "22:44 h",
        "tideheight4": "0.5 m",
        "coefficient": "64 average"
    },
    {
        "day": "10 Thu",
        "time": "6:11 h 17:45 h",
        "tidetime1": "4:39 h",
        "tideheight1": "1.0 m",
        "tidetime2": "12:20 h",
        "tideheight2": "0.1 m",
        "tidetime3": "19:42 h",
        "tideheight3": "0.9 m",
        "tidetime4": "no record",
        "tideheight4": "no record",
        "coefficient": "74 high"
    },
    {
        "day": "11 Fri",
        "time": "6:11 h 17:46 h",
        "tidetime1": "1:15 h",
        "tideheight1": "0.4 m",
        "tidetime2": "6:37 h",
        "tideheight2": "0.8 m",
        "tidetime3": "12:40 h",
        "tideheight3": "0.2 m",
        "tidetime4": "19:50 h",
        "tideheight4": "1.1 m",
        "coefficient": "84 high"
    },
    {
        "day": "12 Sat",
        "time": "6:12 h 17:46 h",
        "tidetime1": "2:47 h",
        "tideheight1": "0.2 m",
        "tidetime2": "8:32 h",
        "tideheight2": "0.7 m",
        "tidetime3": "12:54 h",
        "tideheight3": "0.2 m",
        "tidetime4": "20:11 h",
        "tideheight4": "1.3 m",
        "coefficient": "92 very high"
    },
    {
        "day": "13 Sun",
        "time": "6:12 h 17:47 h",
        "tidetime1": "3:54 h",
        "tideheight1": "0.0 m",
        "tidetime2": "10:17 h",
        "tideheight2": "0.6 m",
        "tidetime3": "13:01 h",
        "tideheight3": "0.3 m",
        "tidetime4": "20:41 h",
        "tideheight4": "1.4 m",
        "coefficient": "96 very high"
    },
    {
        "day": "14 Mon",
        "time": "6:13 h 17:47 h",
        "tidetime1": "4:51 h",
        "tideheight1": "-0.2 m",
        "tidetime2": "21:16 h",
        "tideheight2": "1.6 m",
        "tidetime3": "no record",
        "tideheight3": "no record",
        "tidetime4": "no record",
        "tideheight4": "no record",
        "coefficient": "96 very high"
    },
    {
        "day": "15 Tue",
        "time": "6:13 h 17:47 h",
        "tidetime1": "5:45 h",
        "tideheight1": "-0.3 m",
        "tidetime2": "21:56 h",
        "tideheight2": "1.6 m",
        "tidetime3": "no record",
        "tideheight3": "no record",
        "tidetime4": "no record",
        "tideheight4": "no record",
        "coefficient": "93 very high"
    },
    {
        "day": "16 Wed",
        "time": "6:14 h 17:48 h",
        "tidetime1": "6:36 h",
        "tideheight1": "-0.4 m",
        "tidetime2": "22:38 h",
        "tideheight2": "1.7 m",
        "tidetime3": "no record",
        "tideheight3": "no record",
        "tidetime4": "no record",
        "tideheight4": "no record",
        "coefficient": "86 high"
    },
    {
        "day": "17 Thu",
        "time": "6:14 h 17:48 h",
        "tidetime1": "7:27 h",
        "tideheight1": "-0.4 m",
        "tidetime2": "23:21 h",
        "tideheight2": "1.6 m",
        "tidetime3": "no record",
        "tideheight3": "no record",
        "tidetime4": "no record",
        "tideheight4": "no record",
        "coefficient": "77 high"
    },
    {
        "day": "18 Fri",
        "time": "6:15 h 17:49 h",
        "tidetime1": "8:17 h",
        "tideheight1": "-0.4 m",
        "tidetime2": "no record",
        "tideheight2": "no record",
        "tidetime3": "no record",
        "tideheight3": "no record",
        "tidetime4": "no record",
        "tideheight4": "no record",
        "coefficient": "67 average"
    },
    {
        "day": "19 Sat",
        "time": "6:15 h 17:49 h",
        "tidetime1": "0:06 h",
        "tideheight1": "1.6 m",
        "tidetime2": "9:06 h",
        "tideheight2": "-0.3 m",
        "tidetime3": "no record",
        "tideheight3": "no record",
        "tidetime4": "no record",
        "tideheight4": "no record",
        "coefficient": "58 average"
    },
    {
        "day": "20 Sun",
        "time": "6:16 h 17:50 h",
        "tidetime1": "0:50 h",
        "tideheight1": "1.5 m",
        "tidetime2": "9:51 h",
        "tideheight2": "-0.2 m",
        "tidetime3": "no record",
        "tideheight3": "no record",
        "tidetime4": "no record",
        "tideheight4": "no record",
        "coefficient": "50 average"
    },
    {
        "day": "21 Mon",
        "time": "6:16 h 17:50 h",
        "tidetime1": "1:35 h",
        "tideheight1": "1.3 m",
        "tidetime2": "10:32 h",
        "tideheight2": "-0.1 m",
        "tidetime3": "no record",
        "tideheight3": "no record",
        "tidetime4": "no record",
        "tideheight4": "no record",
        "coefficient": "45 low"
    },
    {
        "day": "22 Tue",
        "time": "6:17 h 17:51 h",
        "tidetime1": "2:23 h",
        "tideheight1": "1.2 m",
        "tidetime2": "11:06 h",
        "tideheight2": "0.0 m",
        "tidetime3": "no record",
        "tideheight3": "no record",
        "tidetime4": "no record",
        "tideheight4": "no record",
        "coefficient": "43 low"
    },
    {
        "day": "23 Wed",
        "time": "6:17 h 17:51 h",
        "tidetime1": "3:17 h",
        "tideheight1": "1.0 m",
        "tidetime2": "11:33 h",
        "tideheight2": "0.1 m",
        "tidetime3": "19:17 h",
        "tideheight3": "0.8 m",
        "tidetime4": "23:37 h",
        "tideheight4": "0.4 m",
        "coefficient": "45 low"
    },
    {
        "day": "24 Thu",
        "time": "6:18 h 17:52 h",
        "tidetime1": "4:36 h",
        "tideheight1": "0.8 m",
        "tidetime2": "11:54 h",
        "tideheight2": "0.1 m",
        "tidetime3": "19:18 h",
        "tideheight3": "0.9 m",
        "tidetime4": "no record",
        "tideheight4": "no record",
        "coefficient": "49 low"
    },
    {
        "day": "25 Fri",
        "time": "6:18 h 17:52 h",
        "tidetime1": "1:45 h",
        "tideheight1": "0.3 m",
        "tidetime2": "6:32 h",
        "tideheight2": "0.7 m",
        "tidetime3": "12:10 h",
        "tideheight3": "0.2 m",
        "tidetime4": "19:32 h",
        "tideheight4": "1.0 m",
        "coefficient": "55 average"
    },
    {
        "day": "26 Sat",
        "time": "6:19 h 17:53 h",
        "tidetime1": "3:00 h",
        "tideheight1": "0.2 m",
        "tidetime2": "8:29 h",
        "tideheight2": "0.6 m",
        "tidetime3": "12:20 h",
        "tideheight3": "0.3 m",
        "tidetime4": "19:54 h",
        "tideheight4": "1.1 m",
        "coefficient": "61 average"
    },
    {
        "day": "27 Sun",
        "time": "6:19 h 17:53 h",
        "tidetime1": "3:51 h",
        "tideheight1": "0.0 m",
        "tidetime2": "10:10 h",
        "tideheight2": "0.6 m",
        "tidetime3": "12:25 h",
        "tideheight3": "0.3 m",
        "tidetime4": "20:20 h",
        "tideheight4": "1.2 m",
        "coefficient": "67 average"
    },
    {
        "day": "28 Mon",
        "time": "6:20 h 17:54 h",
        "tidetime1": "4:34 h",
        "tideheight1": "-0.1 m",
        "tidetime2": "20:51 h",
        "tideheight2": "1.3 m",
        "tidetime3": "no record",
        "tideheight3": "no record",
        "tidetime4": "no record",
        "tideheight4": "no record",
        "coefficient": "72 high"
    },
    {
        "day": "29 Tue",
        "time": "6:20 h 17:54 h",
        "tidetime1": "5:14 h",
        "tideheight1": "-0.2 m",
        "tidetime2": "21:24 h",
        "tideheight2": "1.4 m",
        "tidetime3": "no record",
        "tideheight3": "no record",
        "tidetime4": "no record",
        "tideheight4": "no record",
        "coefficient": "76 high"
    },
    {
        "day": "30 Wed",
        "time": "6:21 h 17:55 h",
        "tidetime1": "5:54 h",
        "tideheight1": "-0.2 m",
        "tidetime2": "21:59 h",
        "tideheight2": "1.4 m",
        "tidetime3": "no record",
        "tideheight3": "no record",
        "tidetime4": "no record",
        "tideheight4": "no record",
        "coefficient": "78 high"
    },
    {
        "day": "31 Thu",
        "time": "6:21 h 17:55 h",
        "tidetime1": "6:34 h",
        "tideheight1": "-0.3 m",
        "tidetime2": "22:35 h",
        "tideheight2": "1.5 m",
        "tidetime3": "no record",
        "tideheight3": "no record",
        "tidetime4": "no record",
        "tideheight4": "no record",
        "coefficient": "79 high"
    }
]