[
    {
        "day": "1 Thu",
        "time": "6:06 h 17:42 h",
        "tidetime1": "6:25 h",
        "tideheight1": "-0.1 m",
        "tidetime2": "13:32 h",
        "tideheight2": "0.7 m",
        "tidetime3": "14:52 h",
        "tideheight3": "0.4 m",
        "tidetime4": "22:50 h",
        "tideheight4": "1.4 m",
        "coefficient": "77 high"
    },
    {
        "day": "2 Fri",
        "time": "6:06 h 17:43 h",
        "tidetime1": "7:05 h",
        "tideheight1": "-0.1 m",
        "tidetime2": "23:21 h",
        "tideheight2": "1.4 m",
        "tidetime3": "no record",
        "tideheight3": "no record",
        "tidetime4": "no record",
        "tideheight4": "no record",
        "coefficient": "73 high"
    },
    {
        "day": "3 Sat",
        "time": "6:07 h 17:43 h",
        "tidetime1": "7:47 h",
        "tideheight1": "-0.1 m",
        "tidetime2": "23:54 h",
        "tideheight2": "1.4 m",
        "tidetime3": "no record",
        "tideheight3": "no record",
        "tidetime4": "no record",
        "tideheight4": "no record",
        "coefficient": "67 average"
    },
    {
        "day": "4 Sun",
        "time": "6:07 h 17:43 h",
        "tidetime1": "8:30 h",
        "tideheight1": "-0.1 m",
        "tidetime2": "no record",
        "tideheight2": "no record",
        "tidetime3": "no record",
        "tideheight3": "no record",
        "tidetime4": "no record",
        "tideheight4": "no record",
        "coefficient": "61 average"
    },
    {
        "day": "5 Mon",
        "time": "6:08 h 17:43 h",
        "tidetime1": "0:28 h",
        "tideheight1": "1.3 m",
        "tidetime2": "9:14 h",
        "tideheight2": "-0.1 m",
        "tidetime3": "no record",
        "tideheight3": "no record",
        "tidetime4": "no record",
        "tideheight4": "no record",
        "coefficient": "55 average"
    },
    {
        "day": "6 Tue",
        "time": "6:09 h 17:44 h",
        "tidetime1": "1:05 h",
        "tideheight1": "1.3 m",
        "tidetime2": "9:57 h",
        "tideheight2": "-0.1 m",
        "tidetime3": "no record",
        "tideheight3": "no record",
        "tidetime4": "no record",
        "tideheight4": "no record",
        "coefficient": "51 average"
    },
    {
        "day": "7 Wed",
        "time": "6:09 h 17:44 h",
        "tidetime1": "1:49 h",
        "tideheight1": "1.2 m",
        "tidetime2": "10:37 h",
        "tideheight2": "0.0 m",
        "tidetime3": "no record",
        "tideheight3": "no record",
        "tidetime4": "no record",
        "tideheight4": "no record",
        "coefficient": "52 average"
    },
    {
        "day": "8 Thu",
        "time": "6:10 h 17:45 h",
        "tidetime1": "2:44 h",
        "tideheight1": "1.1 m",
        "tidetime2": "11:13 h",
        "tideheight2": "0.0 m",
        "tidetime3": "19:13 h",
        "tideheight3": "0.9 m",
        "tidetime4": "22:41 h",
        "tideheight4": "0.5 m",
        "coefficient": "58 average"
    },
    {
        "day": "9 Fri",
        "time": "6:10 h 17:45 h",
        "tidetime1": "4:06 h",
        "tideheight1": "0.9 m",
        "tidetime2": "11:45 h",
        "tideheight2": "0.1 m",
        "tidetime3": "19:15 h",
        "tideheight3": "0.9 m",
        "tidetime4": "no record",
        "tideheight4": "no record",
        "coefficient": "68 average"
    },
    {
        "day": "10 Sat",
        "time": "6:11 h 17:45 h",
        "tidetime1": "0:59 h",
        "tideheight1": "0.4 m",
        "tidetime2": "6:04 h",
        "tideheight2": "0.8 m",
        "tidetime3": "12:12 h",
        "tideheight3": "0.2 m",
        "tidetime4": "19:32 h",
        "tideheight4": "1.1 m",
        "coefficient": "80 high"
    },
    {
        "day": "11 Sun",
        "time": "6:11 h 17:46 h",
        "tidetime1": "2:27 h",
        "tideheight1": "0.2 m",
        "tidetime2": "8:00 h",
        "tideheight2": "0.7 m",
        "tidetime3": "12:37 h",
        "tideheight3": "0.2 m",
        "tidetime4": "19:58 h",
        "tideheight4": "1.2 m",
        "coefficient": "90 very high"
    },
    {
        "day": "12 Mon",
        "time": "6:12 h 17:46 h",
        "tidetime1": "3:32 h",
        "tideheight1": "0.0 m",
        "tidetime2": "9:37 h",
        "tideheight2": "0.7 m",
        "tidetime3": "13:00 h",
        "tideheight3": "0.3 m",
        "tidetime4": "20:31 h",
        "tideheight4": "1.4 m",
        "coefficient": "99 very high"
    },
    {
        "day": "13 Tue",
        "time": "6:12 h 17:46 h",
        "tidetime1": "4:27 h",
        "tideheight1": "-0.1 m",
        "tidetime2": "11:02 h",
        "tideheight2": "0.6 m",
        "tidetime3": "13:21 h",
        "tideheight3": "0.3 m",
        "tidetime4": "21:08 h",
        "tideheight4": "1.5 m",
        "coefficient": "103 very high"
    },
    {
        "day": "14 Wed",
        "time": "6:13 h 17:47 h",
        "tidetime1": "5:19 h",
        "tideheight1": "-0.2 m",
        "tidetime2": "12:28 h",
        "tideheight2": "0.6 m",
        "tidetime3": "13:33 h",
        "tideheight3": "0.3 m",
        "tidetime4": "21:49 h",
        "tideheight4": "1.6 m",
        "coefficient": "103 very high"
    },
    {
        "day": "15 Thu",
        "time": "6:13 h 17:47 h",
        "tidetime1": "6:08 h",
        "tideheight1": "-0.3 m",
        "tidetime2": "22:31 h",
        "tideheight2": "1.6 m",
        "tidetime3": "no record",
        "tideheight3": "no record",
        "tidetime4": "no record",
        "tideheight4": "no record",
        "coefficient": "98 very high"
    },
    {
        "day": "16 Fri",
        "time": "6:14 h 17:48 h",
        "tidetime1": "6:57 h",
        "tideheight1": "-0.3 m",
        "tidetime2": "23:15 h",
        "tideheight2": "1.6 m",
        "tidetime3": "no record",
        "tideheight3": "no record",
        "tidetime4": "no record",
        "tideheight4": "no record",
        "coefficient": "90 very high"
    },
    {
        "day": "17 Sat",
        "time": "6:14 h 17:48 h",
        "tidetime1": "7:44 h",
        "tideheight1": "-0.3 m",
        "tidetime2": "23:59 h",
        "tideheight2": "1.5 m",
        "tidetime3": "no record",
        "tideheight3": "no record",
        "tidetime4": "no record",
        "tideheight4": "no record",
        "coefficient": "79 high"
    },
    {
        "day": "18 Sun",
        "time": "6:15 h 17:49 h",
        "tidetime1": "8:30 h",
        "tideheight1": "-0.2 m",
        "tidetime2": "no record",
        "tideheight2": "no record",
        "tidetime3": "no record",
        "tideheight3": "no record",
        "tidetime4": "no record",
        "tideheight4": "no record",
        "coefficient": "68 average"
    },
    {
        "day": "19 Mon",
        "time": "6:15 h 17:49 h",
        "tidetime1": "0:43 h",
        "tideheight1": "1.4 m",
        "tidetime2": "9:13 h",
        "tideheight2": "-0.2 m",
        "tidetime3": "no record",
        "tideheight3": "no record",
        "tidetime4": "no record",
        "tideheight4": "no record",
        "coefficient": "58 average"
    },
    {
        "day": "20 Tue",
        "time": "6:16 h 17:50 h",
        "tidetime1": "1:28 h",
        "tideheight1": "1.3 m",
        "tidetime2": "9:52 h",
        "tideheight2": "-0.1 m",
        "tidetime3": "no record",
        "tideheight3": "no record",
        "tidetime4": "no record",
        "tideheight4": "no record",
        "coefficient": "50 average"
    },
    {
        "day": "21 Wed",
        "time": "6:16 h 17:50 h",
        "tidetime1": "2:14 h",
        "tideheight1": "1.1 m",
        "tidetime2": "10:27 h",
        "tideheight2": "0.0 m",
        "tidetime3": "18:19 h",
        "tideheight3": "0.8 m",
        "tidetime4": "21:17 h",
        "tideheight4": "0.5 m",
        "coefficient": "45 low"
    },
    {
        "day": "22 Thu",
        "time": "6:17 h 17:51 h",
        "tidetime1": "3:07 h",
        "tideheight1": "0.9 m",
        "tidetime2": "10:58 h",
        "tideheight2": "0.1 m",
        "tidetime3": "18:36 h",
        "tideheight3": "0.9 m",
        "tidetime4": "23:50 h",
        "tideheight4": "0.4 m",
        "coefficient": "45 low"
    },
    {
        "day": "23 Fri",
        "time": "6:17 h 17:51 h",
        "tidetime1": "4:24 h",
        "tideheight1": "0.8 m",
        "tidetime2": "11:25 h",
        "tideheight2": "0.2 m",
        "tidetime3": "18:59 h",
        "tideheight3": "1.0 m",
        "tidetime4": "no record",
        "tideheight4": "no record",
        "coefficient": "49 low"
    },
    {
        "day": "24 Sat",
        "time": "6:18 h 17:52 h",
        "tidetime1": "1:50 h",
        "tideheight1": "0.3 m",
        "tidetime2": "6:24 h",
        "tideheight2": "0.7 m",
        "tidetime3": "11:48 h",
        "tideheight3": "0.2 m",
        "tidetime4": "19:25 h",
        "tideheight4": "1.1 m",
        "coefficient": "55 average"
    },
    {
        "day": "25 Sun",
        "time": "6:18 h 17:52 h",
        "tidetime1": "3:01 h",
        "tideheight1": "0.2 m",
        "tidetime2": "8:19 h",
        "tideheight2": "0.6 m",
        "tidetime3": "12:10 h",
        "tideheight3": "0.2 m",
        "tidetime4": "19:53 h",
        "tideheight4": "1.1 m",
        "coefficient": "61 average"
    },
    {
        "day": "26 Mon",
        "time": "6:19 h 17:53 h",
        "tidetime1": "3:49 h",
        "tideheight1": "0.1 m",
        "tidetime2": "9:47 h",
        "tideheight2": "0.6 m",
        "tidetime3": "12:32 h",
        "tideheight3": "0.3 m",
        "tidetime4": "20:23 h",
        "tideheight4": "1.2 m",
        "coefficient": "68 average"
    },
    {
        "day": "27 Tue",
        "time": "6:19 h 17:53 h",
        "tidetime1": "4:29 h",
        "tideheight1": "0.0 m",
        "tidetime2": "10:58 h",
        "tideheight2": "0.6 m",
        "tidetime3": "12:54 h",
        "tideheight3": "0.3 m",
        "tidetime4": "20:56 h",
        "tideheight4": "1.3 m",
        "coefficient": "73 high"
    },
    {
        "day": "28 Wed",
        "time": "6:20 h 17:54 h",
        "tidetime1": "5:06 h",
        "tideheight1": "-0.1 m",
        "tidetime2": "11:58 h",
        "tideheight2": "0.6 m",
        "tidetime3": "13:15 h",
        "tideheight3": "0.3 m",
        "tidetime4": "21:29 h",
        "tideheight4": "1.3 m",
        "coefficient": "78 high"
    },
    {
        "day": "29 Thu",
        "time": "6:20 h 17:54 h",
        "tidetime1": "5:43 h",
        "tideheight1": "-0.1 m",
        "tidetime2": "12:57 h",
        "tideheight2": "0.6 m",
        "tidetime3": "13:34 h",
        "tideheight3": "0.3 m",
        "tidetime4": "22:03 h",
        "tideheight4": "1.4 m",
        "coefficient": "81 high"
    },
    {
        "day": "30 Fri",
        "time": "6:21 h 17:55 h",
        "tidetime1": "6:19 h",
        "tideheight1": "-0.2 m",
        "tidetime2": "22:37 h",
        "tideheight2": "1.4 m",
        "tidetime3": "no record",
        "tideheight3": "no record",
        "tidetime4": "no record",
        "tideheight4": "no record",
        "coefficient": "82 high"
    },
    {
        "day": "31 Sat",
        "time": "6:21 h 17:55 h",
        "tidetime1": "6:55 h",
        "tideheight1": "-0.2 m",
        "tidetime2": "23:11 h",
        "tideheight2": "1.4 m",
        "tidetime3": "no record",
        "tideheight3": "no record",
        "tidetime4": "no record",
        "tideheight4": "no record",
        "coefficient": "80 high"
    }
]