[
    {
        "day": "1 Fri",
        "time": "5:43 h 18:23 h",
        "tidetime1": "11:06 h",
        "tideheight1": "1.5 m",
        "tidetime2": "19:34 h",
        "tideheight2": "-0.1 m",
        "tidetime3": "no record",
        "tideheight3": "no record",
        "tidetime4": "no record",
        "tideheight4": "no record",
        "coefficient": "68 average"
    },
    {
        "day": "2 Sat",
        "time": "5:43 h 18:23 h",
        "tidetime1": "11:39 h",
        "tideheight1": "1.5 m",
        "tidetime2": "20:17 h",
        "tideheight2": "-0.1 m",
        "tidetime3": "no record",
        "tideheight3": "no record",
        "tidetime4": "no record",
        "tideheight4": "no record",
        "coefficient": "62 average"
    },
    {
        "day": "3 Sun",
        "time": "5:43 h 18:23 h",
        "tidetime1": "12:14 h",
        "tideheight1": "1.4 m",
        "tidetime2": "21:03 h",
        "tideheight2": "0.0 m",
        "tidetime3": "no record",
        "tideheight3": "no record",
        "tidetime4": "no record",
        "tideheight4": "no record",
        "coefficient": "55 average"
    },
    {
        "day": "4 Mon",
        "time": "5:43 h 18:23 h",
        "tidetime1": "12:51 h",
        "tideheight1": "1.4 m",
        "tidetime2": "21:49 h",
        "tideheight2": "0.0 m",
        "tidetime3": "no record",
        "tideheight3": "no record",
        "tidetime4": "no record",
        "tideheight4": "no record",
        "coefficient": "48 low"
    },
    {
        "day": "5 Tue",
        "time": "5:43 h 18:24 h",
        "tidetime1": "13:31 h",
        "tideheight1": "1.3 m",
        "tidetime2": "22:34 h",
        "tideheight2": "0.0 m",
        "tidetime3": "no record",
        "tideheight3": "no record",
        "tidetime4": "no record",
        "tideheight4": "no record",
        "coefficient": "44 low"
    },
    {
        "day": "6 Wed",
        "time": "5:44 h 18:24 h",
        "tidetime1": "14:17 h",
        "tideheight1": "1.3 m",
        "tidetime2": "23:16 h",
        "tideheight2": "0.1 m",
        "tidetime3": "no record",
        "tideheight3": "no record",
        "tidetime4": "no record",
        "tideheight4": "no record",
        "coefficient": "43 low"
    },
    {
        "day": "7 Thu",
        "time": "5:44 h 18:24 h",
        "tidetime1": "15:13 h",
        "tideheight1": "1.2 m",
        "tidetime2": "23:51 h",
        "tideheight2": "0.1 m",
        "tidetime3": "no record",
        "tideheight3": "no record",
        "tidetime4": "no record",
        "tideheight4": "no record",
        "coefficient": "47 low"
    },
    {
        "day": "8 Fri",
        "time": "5:44 h 18:25 h",
        "tidetime1": "8:01 h",
        "tideheight1": "0.9 m",
        "tidetime2": "10:39 h",
        "tideheight2": "0.6 m",
        "tidetime3": "16:30 h",
        "tideheight3": "1.1 m",
        "tidetime4": "no record",
        "tideheight4": "no record",
        "coefficient": "55 average"
    },
    {
        "day": "9 Sat",
        "time": "5:44 h 18:25 h",
        "tidetime1": "0:19 h",
        "tideheight1": "0.2 m",
        "tidetime2": "7:44 h",
        "tideheight2": "1.0 m",
        "tidetime3": "12:59 h",
        "tideheight3": "0.5 m",
        "tidetime4": "18:12 h",
        "tideheight4": "1.0 m",
        "coefficient": "65 average"
    },
    {
        "day": "10 Sun",
        "time": "5:44 h 18:25 h",
        "tidetime1": "0:42 h",
        "tideheight1": "0.3 m",
        "tidetime2": "7:53 h",
        "tideheight2": "1.1 m",
        "tidetime3": "14:24 h",
        "tideheight3": "0.4 m",
        "tidetime4": "19:54 h",
        "tideheight4": "0.9 m",
        "coefficient": "75 high"
    },
    {
        "day": "11 Mon",
        "time": "5:44 h 18:25 h",
        "tidetime1": "1:02 h",
        "tideheight1": "0.3 m",
        "tidetime2": "8:11 h",
        "tideheight2": "1.2 m",
        "tidetime3": "15:26 h",
        "tideheight3": "0.2 m",
        "tidetime4": "21:27 h",
        "tideheight4": "0.8 m",
        "coefficient": "85 high"
    },
    {
        "day": "12 Tue",
        "time": "5:44 h 18:26 h",
        "tidetime1": "1:19 h",
        "tideheight1": "0.4 m",
        "tidetime2": "8:35 h",
        "tideheight2": "1.4 m",
        "tidetime3": "16:20 h",
        "tideheight3": "0.1 m",
        "tidetime4": "22:53 h",
        "tideheight4": "0.8 m",
        "coefficient": "93 very high"
    },
    {
        "day": "13 Wed",
        "time": "5:44 h 18:26 h",
        "tidetime1": "1:32 h",
        "tideheight1": "0.4 m",
        "tidetime2": "9:06 h",
        "tideheight2": "1.5 m",
        "tidetime3": "17:12 h",
        "tideheight3": "-0.1 m",
        "tidetime4": "no record",
        "tideheight4": "no record",
        "coefficient": "98 very high"
    },
    {
        "day": "14 Thu",
        "time": "5:45 h 18:26 h",
        "tidetime1": "0:29 h",
        "tideheight1": "0.8 m",
        "tidetime2": "1:31 h",
        "tideheight2": "0.4 m",
        "tidetime3": "9:41 h",
        "tideheight3": "1.6 m",
        "tidetime4": "18:02 h",
        "tideheight4": "-0.2 m",
        "coefficient": "99 very high"
    },
    {
        "day": "15 Fri",
        "time": "5:45 h 18:26 h",
        "tidetime1": "10:21 h",
        "tideheight1": "1.7 m",
        "tidetime2": "18:54 h",
        "tideheight2": "-0.2 m",
        "tidetime3": "no record",
        "tideheight3": "no record",
        "tidetime4": "no record",
        "tideheight4": "no record",
        "coefficient": "95 very high"
    },
    {
        "day": "16 Sat",
        "time": "5:45 h 18:27 h",
        "tidetime1": "11:04 h",
        "tideheight1": "1.7 m",
        "tidetime2": "19:45 h",
        "tideheight2": "-0.2 m",
        "tidetime3": "no record",
        "tideheight3": "no record",
        "tidetime4": "no record",
        "tideheight4": "no record",
        "coefficient": "89 high"
    },
    {
        "day": "17 Sun",
        "time": "5:45 h 18:27 h",
        "tidetime1": "11:50 h",
        "tideheight1": "1.7 m",
        "tidetime2": "20:36 h",
        "tideheight2": "-0.2 m",
        "tidetime3": "no record",
        "tideheight3": "no record",
        "tidetime4": "no record",
        "tideheight4": "no record",
        "coefficient": "80 high"
    },
    {
        "day": "18 Mon",
        "time": "5:45 h 18:27 h",
        "tidetime1": "12:38 h",
        "tideheight1": "1.6 m",
        "tidetime2": "21:25 h",
        "tideheight2": "-0.1 m",
        "tidetime3": "no record",
        "tideheight3": "no record",
        "tidetime4": "no record",
        "tideheight4": "no record",
        "coefficient": "71 high"
    },
    {
        "day": "19 Tue",
        "time": "5:46 h 18:27 h",
        "tidetime1": "13:29 h",
        "tideheight1": "1.5 m",
        "tidetime2": "22:09 h",
        "tideheight2": "0.0 m",
        "tidetime3": "no record",
        "tideheight3": "no record",
        "tidetime4": "no record",
        "tideheight4": "no record",
        "coefficient": "63 average"
    },
    {
        "day": "20 Wed",
        "time": "5:46 h 18:28 h",
        "tidetime1": "14:23 h",
        "tideheight1": "1.4 m",
        "tidetime2": "22:47 h",
        "tideheight2": "0.1 m",
        "tidetime3": "no record",
        "tideheight3": "no record",
        "tidetime4": "no record",
        "tideheight4": "no record",
        "coefficient": "58 average"
    },
    {
        "day": "21 Thu",
        "time": "5:46 h 18:28 h",
        "tidetime1": "6:46 h",
        "tideheight1": "0.9 m",
        "tidetime2": "8:59 h",
        "tideheight2": "0.6 m",
        "tidetime3": "15:26 h",
        "tideheight3": "1.2 m",
        "tidetime4": "23:17 h",
        "tideheight4": "0.2 m",
        "coefficient": "57 average"
    },
    {
        "day": "22 Fri",
        "time": "5:46 h 18:28 h",
        "tidetime1": "6:50 h",
        "tideheight1": "1.0 m",
        "tidetime2": "11:43 h",
        "tideheight2": "0.6 m",
        "tidetime3": "16:51 h",
        "tideheight3": "1.0 m",
        "tidetime4": "23:42 h",
        "tideheight4": "0.3 m",
        "coefficient": "59 average"
    },
    {
        "day": "23 Sat",
        "time": "5:46 h 18:28 h",
        "tidetime1": "7:11 h",
        "tideheight1": "1.2 m",
        "tidetime2": "13:51 h",
        "tideheight2": "0.4 m",
        "tidetime3": "18:46 h",
        "tideheight3": "0.8 m",
        "tidetime4": "no record",
        "tideheight4": "no record",
        "coefficient": "62 average"
    },
    {
        "day": "24 Sun",
        "time": "5:47 h 18:28 h",
        "tidetime1": "0:02 h",
        "tideheight1": "0.3 m",
        "tidetime2": "7:37 h",
        "tideheight2": "1.3 m",
        "tidetime3": "15:13 h",
        "tideheight3": "0.3 m",
        "tidetime4": "20:39 h",
        "tideheight4": "0.8 m",
        "coefficient": "66 average"
    },
    {
        "day": "25 Mon",
        "time": "5:47 h 18:29 h",
        "tidetime1": "0:19 h",
        "tideheight1": "0.4 m",
        "tidetime2": "8:06 h",
        "tideheight2": "1.4 m",
        "tidetime3": "16:08 h",
        "tideheight3": "0.2 m",
        "tidetime4": "22:17 h",
        "tideheight4": "0.7 m",
        "coefficient": "70 high"
    },
    {
        "day": "26 Tue",
        "time": "5:47 h 18:29 h",
        "tidetime1": "0:31 h",
        "tideheight1": "0.4 m",
        "tidetime2": "8:37 h",
        "tideheight2": "1.5 m",
        "tidetime3": "16:51 h",
        "tideheight3": "0.1 m",
        "tidetime4": "no record",
        "tideheight4": "no record",
        "coefficient": "73 high"
    },
    {
        "day": "27 Wed",
        "time": "5:47 h 18:29 h",
        "tidetime1": "0:02 h",
        "tideheight1": "0.7 m",
        "tidetime2": "0:23 h",
        "tideheight2": "0.4 m",
        "tidetime3": "9:09 h",
        "tideheight3": "1.5 m",
        "tidetime4": "17:30 h",
        "tideheight4": "0.0 m",
        "coefficient": "75 high"
    },
    {
        "day": "28 Thu",
        "time": "5:48 h 18:29 h",
        "tidetime1": "9:42 h",
        "tideheight1": "1.6 m",
        "tidetime2": "18:08 h",
        "tideheight2": "0.0 m",
        "tidetime3": "no record",
        "tideheight3": "no record",
        "tidetime4": "no record",
        "tideheight4": "no record",
        "coefficient": "75 high"
    },
    {
        "day": "29 Fri",
        "time": "5:48 h 18:29 h",
        "tidetime1": "10:16 h",
        "tideheight1": "1.6 m",
        "tidetime2": "18:45 h",
        "tideheight2": "0.0 m",
        "tidetime3": "no record",
        "tideheight3": "no record",
        "tidetime4": "no record",
        "tideheight4": "no record",
        "coefficient": "74 high"
    },
    {
        "day": "30 Sat",
        "time": "5:48 h 18:29 h",
        "tidetime1": "10:51 h",
        "tideheight1": "1.6 m",
        "tidetime2": "19:22 h",
        "tideheight2": "0.0 m",
        "tidetime3": "no record",
        "tideheight3": "no record",
        "tidetime4": "no record",
        "tideheight4": "no record",
        "coefficient": "71 high"
    }
]