[
    {
        "day": "1 Fri",
        "time": "6:20 h 18:16 h",
        "tidetime1": "2:33 h",
        "tideheight1": "-0.1 m",
        "tidetime2": "18:10 h",
        "tideheight2": "1.2 m",
        "tidetime3": "no record",
        "tideheight3": "no record",
        "tidetime4": "no record",
        "tideheight4": "no record",
        "coefficient": "47 low"
    },
    {
        "day": "2 Sat",
        "time": "6:19 h 18:16 h",
        "tidetime1": "3:28 h",
        "tideheight1": "-0.1 m",
        "tidetime2": "19:15 h",
        "tideheight2": "1.2 m",
        "tidetime3": "no record",
        "tideheight3": "no record",
        "tidetime4": "no record",
        "tideheight4": "no record",
        "coefficient": "56 average"
    },
    {
        "day": "3 Sun",
        "time": "6:19 h 18:16 h",
        "tidetime1": "4:08 h",
        "tideheight1": "-0.1 m",
        "tidetime2": "20:12 h",
        "tideheight2": "1.2 m",
        "tidetime3": "no record",
        "tideheight3": "no record",
        "tidetime4": "no record",
        "tideheight4": "no record",
        "coefficient": "65 average"
    },
    {
        "day": "4 Mon",
        "time": "6:18 h 18:16 h",
        "tidetime1": "4:42 h",
        "tideheight1": "-0.1 m",
        "tidetime2": "21:02 h",
        "tideheight2": "1.2 m",
        "tidetime3": "no record",
        "tideheight3": "no record",
        "tidetime4": "no record",
        "tideheight4": "no record",
        "coefficient": "74 high"
    },
    {
        "day": "5 Tue",
        "time": "6:18 h 18:16 h",
        "tidetime1": "5:11 h",
        "tideheight1": "-0.1 m",
        "tidetime2": "11:41 h",
        "tideheight2": "0.6 m",
        "tidetime3": "14:01 h",
        "tideheight3": "0.2 m",
        "tidetime4": "21:46 h",
        "tideheight4": "1.2 m",
        "coefficient": "80 high"
    },
    {
        "day": "6 Wed",
        "time": "6:17 h 18:16 h",
        "tidetime1": "5:38 h",
        "tideheight1": "-0.1 m",
        "tidetime2": "11:43 h",
        "tideheight2": "0.6 m",
        "tidetime3": "15:04 h",
        "tideheight3": "0.2 m",
        "tidetime4": "22:26 h",
        "tideheight4": "1.2 m",
        "coefficient": "85 high"
    },
    {
        "day": "7 Thu",
        "time": "6:17 h 18:16 h",
        "tidetime1": "6:02 h",
        "tideheight1": "-0.1 m",
        "tidetime2": "11:54 h",
        "tideheight2": "0.6 m",
        "tidetime3": "15:57 h",
        "tideheight3": "0.2 m",
        "tidetime4": "23:05 h",
        "tideheight4": "1.2 m",
        "coefficient": "87 high"
    },
    {
        "day": "8 Fri",
        "time": "6:16 h 18:16 h",
        "tidetime1": "6:23 h",
        "tideheight1": "0.0 m",
        "tidetime2": "12:11 h",
        "tideheight2": "0.7 m",
        "tidetime3": "16:48 h",
        "tideheight3": "0.2 m",
        "tidetime4": "23:43 h",
        "tideheight4": "1.1 m",
        "coefficient": "86 high"
    },
    {
        "day": "9 Sat",
        "time": "6:16 h 18:16 h",
        "tidetime1": "6:42 h",
        "tideheight1": "0.1 m",
        "tidetime2": "12:29 h",
        "tideheight2": "0.7 m",
        "tidetime3": "17:38 h",
        "tideheight3": "0.1 m",
        "tidetime4": "no record",
        "tideheight4": "no record",
        "coefficient": "83 high"
    },
    {
        "day": "10 Sun",
        "time": "6:15 h 18:16 h",
        "tidetime1": "0:22 h",
        "tideheight1": "1.0 m",
        "tidetime2": "6:57 h",
        "tideheight2": "0.1 m",
        "tidetime3": "12:48 h",
        "tideheight3": "0.8 m",
        "tidetime4": "18:32 h",
        "tideheight4": "0.1 m",
        "coefficient": "78 high"
    },
    {
        "day": "11 Mon",
        "time": "6:15 h 18:16 h",
        "tidetime1": "1:04 h",
        "tideheight1": "0.9 m",
        "tidetime2": "7:08 h",
        "tideheight2": "0.2 m",
        "tidetime3": "13:09 h",
        "tideheight3": "0.9 m",
        "tidetime4": "19:31 h",
        "tideheight4": "0.1 m",
        "coefficient": "69 average"
    },
    {
        "day": "12 Tue",
        "time": "6:14 h 18:16 h",
        "tidetime1": "1:54 h",
        "tideheight1": "0.8 m",
        "tidetime2": "7:13 h",
        "tideheight2": "0.2 m",
        "tidetime3": "13:33 h",
        "tideheight3": "1.0 m",
        "tidetime4": "20:41 h",
        "tideheight4": "0.1 m",
        "coefficient": "60 average"
    },
    {
        "day": "13 Wed",
        "time": "6:14 h 18:16 h",
        "tidetime1": "3:03 h",
        "tideheight1": "0.7 m",
        "tidetime2": "7:08 h",
        "tideheight2": "0.3 m",
        "tidetime3": "14:04 h",
        "tideheight3": "1.0 m",
        "tidetime4": "22:07 h",
        "tideheight4": "0.0 m",
        "coefficient": "50 average"
    },
    {
        "day": "14 Thu",
        "time": "6:13 h 18:16 h",
        "tidetime1": "14:46 h",
        "tideheight1": "1.1 m",
        "tidetime2": "23:49 h",
        "tideheight2": "0.0 m",
        "tidetime3": "no record",
        "tideheight3": "no record",
        "tidetime4": "no record",
        "tideheight4": "no record",
        "coefficient": "44 low"
    },
    {
        "day": "15 Fri",
        "time": "6:13 h 18:16 h",
        "tidetime1": "15:45 h",
        "tideheight1": "1.2 m",
        "tidetime2": "no record",
        "tideheight2": "no record",
        "tidetime3": "no record",
        "tideheight3": "no record",
        "tidetime4": "no record",
        "tideheight4": "no record",
        "coefficient": "45 low"
    },
    {
        "day": "16 Sat",
        "time": "6:12 h 18:16 h",
        "tidetime1": "1:25 h",
        "tideheight1": "-0.1 m",
        "tidetime2": "16:59 h",
        "tideheight2": "1.2 m",
        "tidetime3": "no record",
        "tideheight3": "no record",
        "tidetime4": "no record",
        "tideheight4": "no record",
        "coefficient": "55 average"
    },
    {
        "day": "17 Sun",
        "time": "6:11 h 18:16 h",
        "tidetime1": "2:35 h",
        "tideheight1": "-0.2 m",
        "tidetime2": "18:20 h",
        "tideheight2": "1.3 m",
        "tidetime3": "no record",
        "tideheight3": "no record",
        "tidetime4": "no record",
        "tideheight4": "no record",
        "coefficient": "71 high"
    },
    {
        "day": "18 Mon",
        "time": "6:11 h 18:16 h",
        "tidetime1": "3:26 h",
        "tideheight1": "-0.2 m",
        "tidetime2": "19:34 h",
        "tideheight2": "1.3 m",
        "tidetime3": "no record",
        "tideheight3": "no record",
        "tidetime4": "no record",
        "tideheight4": "no record",
        "coefficient": "87 high"
    },
    {
        "day": "19 Tue",
        "time": "6:10 h 18:16 h",
        "tidetime1": "4:08 h",
        "tideheight1": "-0.2 m",
        "tidetime2": "11:53 h",
        "tideheight2": "0.6 m",
        "tidetime3": "12:09 h",
        "tideheight3": "0.3 m",
        "tidetime4": "20:41 h",
        "tideheight4": "1.4 m",
        "coefficient": "101 very high"
    },
    {
        "day": "20 Wed",
        "time": "6:10 h 18:16 h",
        "tidetime1": "4:43 h",
        "tideheight1": "-0.2 m",
        "tidetime2": "11:12 h",
        "tideheight2": "0.6 m",
        "tidetime3": "14:18 h",
        "tideheight3": "0.2 m",
        "tidetime4": "21:40 h",
        "tideheight4": "1.3 m",
        "coefficient": "111 very high"
    },
    {
        "day": "21 Thu",
        "time": "6:09 h 18:16 h",
        "tidetime1": "5:12 h",
        "tideheight1": "-0.1 m",
        "tidetime2": "11:19 h",
        "tideheight2": "0.7 m",
        "tidetime3": "15:37 h",
        "tideheight3": "0.2 m",
        "tidetime4": "22:37 h",
        "tideheight4": "1.2 m",
        "coefficient": "113 very high"
    },
    {
        "day": "22 Fri",
        "time": "6:09 h 18:16 h",
        "tidetime1": "5:36 h",
        "tideheight1": "0.0 m",
        "tidetime2": "11:34 h",
        "tideheight2": "0.8 m",
        "tidetime3": "16:47 h",
        "tideheight3": "0.1 m",
        "tidetime4": "23:32 h",
        "tideheight4": "1.1 m",
        "coefficient": "110 very high"
    },
    {
        "day": "23 Sat",
        "time": "6:08 h 18:16 h",
        "tidetime1": "5:56 h",
        "tideheight1": "0.1 m",
        "tidetime2": "11:55 h",
        "tideheight2": "0.9 m",
        "tidetime3": "17:54 h",
        "tideheight3": "0.0 m",
        "tidetime4": "no record",
        "tideheight4": "no record",
        "coefficient": "100 very high"
    },
    {
        "day": "24 Sun",
        "time": "6:08 h 18:16 h",
        "tidetime1": "0:27 h",
        "tideheight1": "1.0 m",
        "tidetime2": "6:12 h",
        "tideheight2": "0.2 m",
        "tidetime3": "12:21 h",
        "tideheight3": "1.0 m",
        "tidetime4": "19:01 h",
        "tideheight4": "0.0 m",
        "coefficient": "86 high"
    },
    {
        "day": "25 Mon",
        "time": "6:07 h 18:16 h",
        "tidetime1": "1:27 h",
        "tideheight1": "0.8 m",
        "tidetime2": "6:24 h",
        "tideheight2": "0.2 m",
        "tidetime3": "12:51 h",
        "tideheight3": "1.1 m",
        "tidetime4": "20:11 h",
        "tideheight4": "0.0 m",
        "coefficient": "70 high"
    },
    {
        "day": "26 Tue",
        "time": "6:06 h 18:16 h",
        "tidetime1": "2:37 h",
        "tideheight1": "0.7 m",
        "tidetime2": "6:26 h",
        "tideheight2": "0.3 m",
        "tidetime3": "13:25 h",
        "tideheight3": "1.2 m",
        "tidetime4": "21:26 h",
        "tideheight4": "0.0 m",
        "coefficient": "54 average"
    },
    {
        "day": "27 Wed",
        "time": "6:06 h 18:16 h",
        "tidetime1": "4:47 h",
        "tideheight1": "0.6 m",
        "tidetime2": "5:41 h",
        "tideheight2": "0.3 m",
        "tidetime3": "14:05 h",
        "tideheight3": "1.2 m",
        "tidetime4": "22:50 h",
        "tideheight4": "0.0 m",
        "coefficient": "41 low"
    },
    {
        "day": "28 Thu",
        "time": "6:05 h 18:16 h",
        "tidetime1": "14:53 h",
        "tideheight1": "1.2 m",
        "tidetime2": "no record",
        "tideheight2": "no record",
        "tidetime3": "no record",
        "tideheight3": "no record",
        "tidetime4": "no record",
        "tideheight4": "no record",
        "coefficient": "33 low"
    },
    {
        "day": "29 Fri",
        "time": "6:05 h 18:16 h",
        "tidetime1": "0:20 h",
        "tideheight1": "0.0 m",
        "tidetime2": "15:55 h",
        "tideheight2": "1.2 m",
        "tidetime3": "no record",
        "tideheight3": "no record",
        "tidetime4": "no record",
        "tideheight4": "no record",
        "coefficient": "35 low"
    },
    {
        "day": "30 Sat",
        "time": "6:04 h 18:16 h",
        "tidetime1": "1:38 h",
        "tideheight1": "0.0 m",
        "tidetime2": "17:13 h",
        "tideheight2": "1.1 m",
        "tidetime3": "no record",
        "tideheight3": "no record",
        "tidetime4": "no record",
        "tideheight4": "no record",
        "coefficient": "43 low"
    },
    {
        "day": "31 Sun",
        "time": "6:04 h 18:16 h",
        "tidetime1": "2:35 h",
        "tideheight1": "0.0 m",
        "tidetime2": "18:35 h",
        "tideheight2": "1.1 m",
        "tidetime3": "no record",
        "tideheight3": "no record",
        "tidetime4": "no record",
        "tideheight4": "no record",
        "coefficient": "53 average"
    }
]