[
    {
        "day": "1 Tue",
        "time": "6:21 h 17:56 h",
        "tidetime1": "1:20 h",
        "tideheight1": "0.3 m",
        "tidetime2": "6:12 h",
        "tideheight2": "0.7 m",
        "tidetime3": "11:30 h",
        "tideheight3": "0.2 m",
        "tidetime4": "19:11 h",
        "tideheight4": "1.1 m",
        "coefficient": "62 average"
    },
    {
        "day": "2 Wed",
        "time": "6:22 h 17:56 h",
        "tidetime1": "3:00 h",
        "tideheight1": "0.1 m",
        "tidetime2": "8:20 h",
        "tideheight2": "0.6 m",
        "tidetime3": "11:42 h",
        "tideheight3": "0.2 m",
        "tidetime4": "19:43 h",
        "tideheight4": "1.2 m",
        "coefficient": "67 average"
    },
    {
        "day": "3 Thu",
        "time": "6:22 h 17:57 h",
        "tidetime1": "4:00 h",
        "tideheight1": "0.0 m",
        "tidetime2": "10:25 h",
        "tideheight2": "0.5 m",
        "tidetime3": "11:41 h",
        "tideheight3": "0.2 m",
        "tidetime4": "20:17 h",
        "tideheight4": "1.3 m",
        "coefficient": "71 high"
    },
    {
        "day": "4 Fri",
        "time": "6:22 h 17:57 h",
        "tidetime1": "4:45 h",
        "tideheight1": "-0.1 m",
        "tidetime2": "20:52 h",
        "tideheight2": "1.4 m",
        "tidetime3": "no record",
        "tideheight3": "no record",
        "tidetime4": "no record",
        "tideheight4": "no record",
        "coefficient": "75 high"
    },
    {
        "day": "5 Sat",
        "time": "6:23 h 17:58 h",
        "tidetime1": "5:24 h",
        "tideheight1": "-0.2 m",
        "tidetime2": "21:28 h",
        "tideheight2": "1.4 m",
        "tidetime3": "no record",
        "tideheight3": "no record",
        "tidetime4": "no record",
        "tideheight4": "no record",
        "coefficient": "77 high"
    },
    {
        "day": "6 Sun",
        "time": "6:23 h 17:58 h",
        "tidetime1": "6:01 h",
        "tideheight1": "-0.2 m",
        "tidetime2": "22:04 h",
        "tideheight2": "1.4 m",
        "tidetime3": "no record",
        "tideheight3": "no record",
        "tidetime4": "no record",
        "tideheight4": "no record",
        "coefficient": "78 high"
    },
    {
        "day": "7 Mon",
        "time": "6:23 h 17:59 h",
        "tidetime1": "6:37 h",
        "tideheight1": "-0.2 m",
        "tidetime2": "22:41 h",
        "tideheight2": "1.4 m",
        "tidetime3": "no record",
        "tideheight3": "no record",
        "tidetime4": "no record",
        "tideheight4": "no record",
        "coefficient": "76 high"
    },
    {
        "day": "8 Tue",
        "time": "6:24 h 17:59 h",
        "tidetime1": "7:13 h",
        "tideheight1": "-0.2 m",
        "tidetime2": "23:17 h",
        "tideheight2": "1.4 m",
        "tidetime3": "no record",
        "tideheight3": "no record",
        "tidetime4": "no record",
        "tideheight4": "no record",
        "coefficient": "73 high"
    },
    {
        "day": "9 Wed",
        "time": "6:24 h 18:00 h",
        "tidetime1": "7:49 h",
        "tideheight1": "-0.2 m",
        "tidetime2": "23:53 h",
        "tideheight2": "1.4 m",
        "tidetime3": "no record",
        "tideheight3": "no record",
        "tidetime4": "no record",
        "tideheight4": "no record",
        "coefficient": "69 average"
    },
    {
        "day": "10 Thu",
        "time": "6:24 h 18:01 h",
        "tidetime1": "8:24 h",
        "tideheight1": "-0.2 m",
        "tidetime2": "no record",
        "tideheight2": "no record",
        "tidetime3": "no record",
        "tideheight3": "no record",
        "tidetime4": "no record",
        "tideheight4": "no record",
        "coefficient": "64 average"
    },
    {
        "day": "11 Fri",
        "time": "6:25 h 18:01 h",
        "tidetime1": "0:29 h",
        "tideheight1": "1.3 m",
        "tidetime2": "8:58 h",
        "tideheight2": "-0.1 m",
        "tidetime3": "no record",
        "tideheight3": "no record",
        "tidetime4": "no record",
        "tideheight4": "no record",
        "coefficient": "58 average"
    },
    {
        "day": "12 Sat",
        "time": "6:25 h 18:02 h",
        "tidetime1": "1:05 h",
        "tideheight1": "1.2 m",
        "tidetime2": "9:28 h",
        "tideheight2": "-0.1 m",
        "tidetime3": "no record",
        "tideheight3": "no record",
        "tidetime4": "no record",
        "tideheight4": "no record",
        "coefficient": "52 average"
    },
    {
        "day": "13 Sun",
        "time": "6:25 h 18:02 h",
        "tidetime1": "1:43 h",
        "tideheight1": "1.1 m",
        "tidetime2": "9:54 h",
        "tideheight2": "0.0 m",
        "tidetime3": "17:25 h",
        "tideheight3": "0.7 m",
        "tidetime4": "19:37 h",
        "tideheight4": "0.4 m",
        "coefficient": "48 low"
    },
    {
        "day": "14 Mon",
        "time": "6:25 h 18:03 h",
        "tidetime1": "2:27 h",
        "tideheight1": "0.9 m",
        "tidetime2": "10:15 h",
        "tideheight2": "0.1 m",
        "tidetime3": "17:32 h",
        "tideheight3": "0.8 m",
        "tidetime4": "22:10 h",
        "tideheight4": "0.4 m",
        "coefficient": "46 low"
    },
    {
        "day": "15 Tue",
        "time": "6:26 h 18:03 h",
        "tidetime1": "3:28 h",
        "tideheight1": "0.8 m",
        "tidetime2": "10:30 h",
        "tideheight2": "0.2 m",
        "tidetime3": "17:52 h",
        "tideheight3": "0.9 m",
        "tidetime4": "no record",
        "tideheight4": "no record",
        "coefficient": "48 low"
    },
    {
        "day": "16 Wed",
        "time": "6:26 h 18:04 h",
        "tidetime1": "0:35 h",
        "tideheight1": "0.3 m",
        "tidetime2": "5:26 h",
        "tideheight2": "0.7 m",
        "tidetime3": "10:41 h",
        "tideheight3": "0.2 m",
        "tidetime4": "18:18 h",
        "tideheight4": "1.0 m",
        "coefficient": "54 average"
    },
    {
        "day": "17 Thu",
        "time": "6:26 h 18:04 h",
        "tidetime1": "2:16 h",
        "tideheight1": "0.1 m",
        "tidetime2": "8:15 h",
        "tideheight2": "0.6 m",
        "tidetime3": "10:41 h",
        "tideheight3": "0.3 m",
        "tidetime4": "18:52 h",
        "tideheight4": "1.1 m",
        "coefficient": "64 average"
    },
    {
        "day": "18 Fri",
        "time": "6:26 h 18:04 h",
        "tidetime1": "3:19 h",
        "tideheight1": "0.0 m",
        "tidetime2": "19:31 h",
        "tideheight2": "1.3 m",
        "tidetime3": "no record",
        "tideheight3": "no record",
        "tidetime4": "no record",
        "tideheight4": "no record",
        "coefficient": "75 high"
    },
    {
        "day": "19 Sat",
        "time": "6:27 h 18:05 h",
        "tidetime1": "4:10 h",
        "tideheight1": "-0.2 m",
        "tidetime2": "20:15 h",
        "tideheight2": "1.4 m",
        "tidetime3": "no record",
        "tideheight3": "no record",
        "tidetime4": "no record",
        "tideheight4": "no record",
        "coefficient": "87 high"
    },
    {
        "day": "20 Sun",
        "time": "6:27 h 18:05 h",
        "tidetime1": "4:57 h",
        "tideheight1": "-0.3 m",
        "tidetime2": "21:01 h",
        "tideheight2": "1.5 m",
        "tidetime3": "no record",
        "tideheight3": "no record",
        "tidetime4": "no record",
        "tideheight4": "no record",
        "coefficient": "96 very high"
    },
    {
        "day": "21 Mon",
        "time": "6:27 h 18:06 h",
        "tidetime1": "5:42 h",
        "tideheight1": "-0.4 m",
        "tidetime2": "21:49 h",
        "tideheight2": "1.6 m",
        "tidetime3": "no record",
        "tideheight3": "no record",
        "tidetime4": "no record",
        "tideheight4": "no record",
        "coefficient": "102 very high"
    },
    {
        "day": "22 Tue",
        "time": "6:27 h 18:06 h",
        "tidetime1": "6:27 h",
        "tideheight1": "-0.4 m",
        "tidetime2": "22:37 h",
        "tideheight2": "1.6 m",
        "tidetime3": "no record",
        "tideheight3": "no record",
        "tidetime4": "no record",
        "tideheight4": "no record",
        "coefficient": "104 very high"
    },
    {
        "day": "23 Wed",
        "time": "6:27 h 18:07 h",
        "tidetime1": "7:09 h",
        "tideheight1": "-0.4 m",
        "tidetime2": "23:26 h",
        "tideheight2": "1.5 m",
        "tidetime3": "no record",
        "tideheight3": "no record",
        "tidetime4": "no record",
        "tideheight4": "no record",
        "coefficient": "100 very high"
    },
    {
        "day": "24 Thu",
        "time": "6:27 h 18:07 h",
        "tidetime1": "7:48 h",
        "tideheight1": "-0.3 m",
        "tidetime2": "15:11 h",
        "tideheight2": "0.5 m",
        "tidetime3": "15:48 h",
        "tideheight3": "0.2 m",
        "tidetime4": "no record",
        "tideheight4": "no record",
        "coefficient": "93 very high"
    },
    {
        "day": "25 Fri",
        "time": "6:27 h 18:08 h",
        "tidetime1": "0:14 h",
        "tideheight1": "1.4 m",
        "tidetime2": "8:22 h",
        "tideheight2": "-0.2 m",
        "tidetime3": "15:11 h",
        "tideheight3": "0.6 m",
        "tidetime4": "17:33 h",
        "tideheight4": "0.2 m",
        "coefficient": "82 high"
    },
    {
        "day": "26 Sat",
        "time": "6:27 h 18:08 h",
        "tidetime1": "1:03 h",
        "tideheight1": "1.3 m",
        "tidetime2": "8:51 h",
        "tideheight2": "-0.1 m",
        "tidetime3": "15:33 h",
        "tideheight3": "0.7 m",
        "tidetime4": "19:11 h",
        "tideheight4": "0.3 m",
        "coefficient": "69 average"
    },
    {
        "day": "27 Sun",
        "time": "6:27 h 18:08 h",
        "tidetime1": "1:53 h",
        "tideheight1": "1.1 m",
        "tidetime2": "9:14 h",
        "tideheight2": "0.0 m",
        "tidetime3": "16:03 h",
        "tideheight3": "0.8 m",
        "tidetime4": "21:03 h",
        "tideheight4": "0.3 m",
        "coefficient": "58 average"
    },
    {
        "day": "28 Mon",
        "time": "6:27 h 18:09 h",
        "tidetime1": "2:49 h",
        "tideheight1": "0.8 m",
        "tidetime2": "9:32 h",
        "tideheight2": "0.1 m",
        "tidetime3": "16:41 h",
        "tideheight3": "0.9 m",
        "tidetime4": "23:16 h",
        "tideheight4": "0.2 m",
        "coefficient": "49 low"
    },
    {
        "day": "29 Tue",
        "time": "6:27 h 18:09 h",
        "tidetime1": "4:12 h",
        "tideheight1": "0.6 m",
        "tidetime2": "9:42 h",
        "tideheight2": "0.2 m",
        "tidetime3": "17:24 h",
        "tideheight3": "1.0 m",
        "tidetime4": "no record",
        "tideheight4": "no record",
        "coefficient": "46 low"
    },
    {
        "day": "30 Wed",
        "time": "6:27 h 18:10 h",
        "tidetime1": "1:36 h",
        "tideheight1": "0.1 m",
        "tidetime2": "7:04 h",
        "tideheight2": "0.5 m",
        "tidetime3": "9:34 h",
        "tideheight3": "0.2 m",
        "tidetime4": "18:10 h",
        "tideheight4": "1.1 m",
        "coefficient": "49 low"
    },
    {
        "day": "31 Thu",
        "time": "6:27 h 18:10 h",
        "tidetime1": "3:05 h",
        "tideheight1": "0.0 m",
        "tidetime2": "18:58 h",
        "tideheight2": "1.2 m",
        "tidetime3": "no record",
        "tideheight3": "no record",
        "tidetime4": "no record",
        "tideheight4": "no record",
        "coefficient": "55 average"
    }
]