[
    {
        "day": "1 Thu",
        "time": "5:55 h 18:28 h",
        "tidetime1": "9:29 h",
        "tideheight1": "1.7 m",
        "tidetime2": "18:05 h",
        "tideheight2": "-0.1 m",
        "tidetime3": "no record",
        "tideheight3": "no record",
        "tidetime4": "no record",
        "tideheight4": "no record",
        "coefficient": "99 very high"
    },
    {
        "day": "2 Fri",
        "time": "5:55 h 18:28 h",
        "tidetime1": "10:18 h",
        "tideheight1": "1.8 m",
        "tidetime2": "18:46 h",
        "tideheight2": "-0.1 m",
        "tidetime3": "no record",
        "tideheight3": "no record",
        "tidetime4": "no record",
        "tideheight4": "no record",
        "coefficient": "102 very high"
    },
    {
        "day": "3 Sat",
        "time": "5:55 h 18:27 h",
        "tidetime1": "11:06 h",
        "tideheight1": "1.7 m",
        "tidetime2": "19:24 h",
        "tideheight2": "-0.1 m",
        "tidetime3": "no record",
        "tideheight3": "no record",
        "tidetime4": "no record",
        "tideheight4": "no record",
        "coefficient": "99 very high"
    },
    {
        "day": "4 Sun",
        "time": "5:55 h 18:27 h",
        "tidetime1": "2:15 h",
        "tideheight1": "0.8 m",
        "tidetime2": "3:53 h",
        "tideheight2": "0.4 m",
        "tidetime3": "11:55 h",
        "tideheight3": "1.7 m",
        "tidetime4": "19:56 h",
        "tideheight4": "0.0 m",
        "coefficient": "93 very high"
    },
    {
        "day": "5 Mon",
        "time": "5:55 h 18:27 h",
        "tidetime1": "2:27 h",
        "tideheight1": "0.8 m",
        "tidetime2": "5:22 h",
        "tideheight2": "0.5 m",
        "tidetime3": "12:45 h",
        "tideheight3": "1.5 m",
        "tidetime4": "20:24 h",
        "tideheight4": "0.1 m",
        "coefficient": "82 high"
    },
    {
        "day": "6 Tue",
        "time": "5:56 h 18:26 h",
        "tidetime1": "2:50 h",
        "tideheight1": "0.9 m",
        "tidetime2": "6:53 h",
        "tideheight2": "0.5 m",
        "tidetime3": "13:37 h",
        "tideheight3": "1.3 m",
        "tidetime4": "20:46 h",
        "tideheight4": "0.3 m",
        "coefficient": "70 high"
    },
    {
        "day": "7 Wed",
        "time": "5:56 h 18:26 h",
        "tidetime1": "3:20 h",
        "tideheight1": "1.0 m",
        "tidetime2": "8:35 h",
        "tideheight2": "0.5 m",
        "tidetime3": "14:37 h",
        "tideheight3": "1.1 m",
        "tidetime4": "21:02 h",
        "tideheight4": "0.4 m",
        "coefficient": "59 average"
    },
    {
        "day": "8 Thu",
        "time": "5:56 h 18:26 h",
        "tidetime1": "3:57 h",
        "tideheight1": "1.2 m",
        "tidetime2": "10:34 h",
        "tideheight2": "0.4 m",
        "tidetime3": "16:00 h",
        "tideheight3": "0.9 m",
        "tidetime4": "21:11 h",
        "tideheight4": "0.4 m",
        "coefficient": "51 average"
    },
    {
        "day": "9 Fri",
        "time": "5:56 h 18:25 h",
        "tidetime1": "4:41 h",
        "tideheight1": "1.3 m",
        "tidetime2": "12:46 h",
        "tideheight2": "0.3 m",
        "tidetime3": "18:41 h",
        "tideheight3": "0.8 m",
        "tidetime4": "21:00 h",
        "tideheight4": "0.4 m",
        "coefficient": "48 low"
    },
    {
        "day": "10 Sat",
        "time": "5:56 h 18:25 h",
        "tidetime1": "5:32 h",
        "tideheight1": "1.4 m",
        "tidetime2": "14:27 h",
        "tideheight2": "0.2 m",
        "tidetime3": "no record",
        "tideheight3": "no record",
        "tidetime4": "no record",
        "tideheight4": "no record",
        "coefficient": "51 average"
    },
    {
        "day": "11 Sun",
        "time": "5:56 h 18:25 h",
        "tidetime1": "6:25 h",
        "tideheight1": "1.5 m",
        "tidetime2": "15:29 h",
        "tideheight2": "0.1 m",
        "tidetime3": "no record",
        "tideheight3": "no record",
        "tidetime4": "no record",
        "tideheight4": "no record",
        "coefficient": "57 average"
    },
    {
        "day": "12 Mon",
        "time": "5:56 h 18:24 h",
        "tidetime1": "7:18 h",
        "tideheight1": "1.5 m",
        "tidetime2": "16:15 h",
        "tideheight2": "0.1 m",
        "tidetime3": "no record",
        "tideheight3": "no record",
        "tidetime4": "no record",
        "tideheight4": "no record",
        "coefficient": "64 average"
    },
    {
        "day": "13 Tue",
        "time": "5:56 h 18:24 h",
        "tidetime1": "8:09 h",
        "tideheight1": "1.6 m",
        "tidetime2": "16:53 h",
        "tideheight2": "0.0 m",
        "tidetime3": "no record",
        "tideheight3": "no record",
        "tidetime4": "no record",
        "tideheight4": "no record",
        "coefficient": "71 high"
    },
    {
        "day": "14 Wed",
        "time": "5:56 h 18:23 h",
        "tidetime1": "8:56 h",
        "tideheight1": "1.6 m",
        "tidetime2": "17:27 h",
        "tideheight2": "0.0 m",
        "tidetime3": "no record",
        "tideheight3": "no record",
        "tidetime4": "no record",
        "tideheight4": "no record",
        "coefficient": "76 high"
    },
    {
        "day": "15 Thu",
        "time": "5:56 h 18:23 h",
        "tidetime1": "9:40 h",
        "tideheight1": "1.6 m",
        "tidetime2": "17:58 h",
        "tideheight2": "0.1 m",
        "tidetime3": "no record",
        "tideheight3": "no record",
        "tidetime4": "no record",
        "tideheight4": "no record",
        "coefficient": "79 high"
    },
    {
        "day": "16 Fri",
        "time": "5:56 h 18:23 h",
        "tidetime1": "0:50 h",
        "tideheight1": "0.8 m",
        "tidetime2": "2:04 h",
        "tideheight2": "0.5 m",
        "tidetime3": "10:21 h",
        "tideheight3": "1.6 m",
        "tidetime4": "18:27 h",
        "tideheight4": "0.1 m",
        "coefficient": "80 high"
    },
    {
        "day": "17 Sat",
        "time": "5:56 h 18:22 h",
        "tidetime1": "0:51 h",
        "tideheight1": "0.8 m",
        "tidetime2": "3:11 h",
        "tideheight2": "0.5 m",
        "tidetime3": "10:59 h",
        "tideheight3": "1.5 m",
        "tidetime4": "18:55 h",
        "tideheight4": "0.1 m",
        "coefficient": "79 high"
    },
    {
        "day": "18 Sun",
        "time": "5:56 h 18:22 h",
        "tidetime1": "1:04 h",
        "tideheight1": "0.8 m",
        "tidetime2": "4:06 h",
        "tideheight2": "0.5 m",
        "tidetime3": "11:36 h",
        "tideheight3": "1.5 m",
        "tidetime4": "19:20 h",
        "tideheight4": "0.2 m",
        "coefficient": "77 high"
    },
    {
        "day": "19 Mon",
        "time": "5:56 h 18:21 h",
        "tidetime1": "1:20 h",
        "tideheight1": "0.8 m",
        "tidetime2": "5:00 h",
        "tideheight2": "0.5 m",
        "tidetime3": "12:13 h",
        "tideheight3": "1.4 m",
        "tidetime4": "19:43 h",
        "tideheight4": "0.2 m",
        "coefficient": "72 high"
    },
    {
        "day": "20 Tue",
        "time": "5:56 h 18:21 h",
        "tidetime1": "1:40 h",
        "tideheight1": "0.9 m",
        "tidetime2": "5:56 h",
        "tideheight2": "0.5 m",
        "tidetime3": "12:51 h",
        "tideheight3": "1.3 m",
        "tidetime4": "20:01 h",
        "tideheight4": "0.3 m",
        "coefficient": "66 average"
    },
    {
        "day": "21 Wed",
        "time": "5:56 h 18:20 h",
        "tidetime1": "2:02 h",
        "tideheight1": "1.0 m",
        "tidetime2": "6:59 h",
        "tideheight2": "0.5 m",
        "tidetime3": "13:32 h",
        "tideheight3": "1.2 m",
        "tidetime4": "20:15 h",
        "tideheight4": "0.4 m",
        "coefficient": "58 average"
    },
    {
        "day": "22 Thu",
        "time": "5:56 h 18:20 h",
        "tidetime1": "2:27 h",
        "tideheight1": "1.0 m",
        "tidetime2": "8:15 h",
        "tideheight2": "0.5 m",
        "tidetime3": "14:22 h",
        "tideheight3": "1.0 m",
        "tidetime4": "20:24 h",
        "tideheight4": "0.5 m",
        "coefficient": "51 average"
    },
    {
        "day": "23 Fri",
        "time": "5:56 h 18:19 h",
        "tidetime1": "2:57 h",
        "tideheight1": "1.1 m",
        "tidetime2": "9:48 h",
        "tideheight2": "0.4 m",
        "tidetime3": "15:37 h",
        "tideheight3": "0.9 m",
        "tidetime4": "20:22 h",
        "tideheight4": "0.5 m",
        "coefficient": "45 low"
    },
    {
        "day": "24 Sat",
        "time": "5:56 h 18:19 h",
        "tidetime1": "3:35 h",
        "tideheight1": "1.2 m",
        "tidetime2": "11:40 h",
        "tideheight2": "0.4 m",
        "tidetime3": "18:54 h",
        "tideheight3": "0.8 m",
        "tidetime4": "19:22 h",
        "tideheight4": "0.5 m",
        "coefficient": "43 low"
    },
    {
        "day": "25 Sun",
        "time": "5:56 h 18:18 h",
        "tidetime1": "4:24 h",
        "tideheight1": "1.3 m",
        "tidetime2": "13:24 h",
        "tideheight2": "0.3 m",
        "tidetime3": "no record",
        "tideheight3": "no record",
        "tidetime4": "no record",
        "tideheight4": "no record",
        "coefficient": "47 low"
    },
    {
        "day": "26 Mon",
        "time": "5:56 h 18:18 h",
        "tidetime1": "5:23 h",
        "tideheight1": "1.4 m",
        "tidetime2": "14:36 h",
        "tideheight2": "0.1 m",
        "tidetime3": "no record",
        "tideheight3": "no record",
        "tidetime4": "no record",
        "tideheight4": "no record",
        "coefficient": "58 average"
    },
    {
        "day": "27 Tue",
        "time": "5:56 h 18:17 h",
        "tidetime1": "6:26 h",
        "tideheight1": "1.5 m",
        "tidetime2": "15:29 h",
        "tideheight2": "0.0 m",
        "tidetime3": "no record",
        "tideheight3": "no record",
        "tidetime4": "no record",
        "tideheight4": "no record",
        "coefficient": "72 high"
    },
    {
        "day": "28 Wed",
        "time": "5:56 h 18:17 h",
        "tidetime1": "7:27 h",
        "tideheight1": "1.6 m",
        "tidetime2": "16:15 h",
        "tideheight2": "0.0 m",
        "tidetime3": "no record",
        "tideheight3": "no record",
        "tidetime4": "no record",
        "tideheight4": "no record",
        "coefficient": "87 high"
    },
    {
        "day": "29 Thu",
        "time": "5:56 h 18:16 h",
        "tidetime1": "8:25 h",
        "tideheight1": "1.6 m",
        "tidetime2": "16:55 h",
        "tideheight2": "0.0 m",
        "tidetime3": "no record",
        "tideheight3": "no record",
        "tidetime4": "no record",
        "tideheight4": "no record",
        "coefficient": "100 very high"
    },
    {
        "day": "30 Fri",
        "time": "5:56 h 18:15 h",
        "tidetime1": "9:21 h",
        "tideheight1": "1.7 m",
        "tidetime2": "17:32 h",
        "tideheight2": "0.0 m",
        "tidetime3": "no record",
        "tideheight3": "no record",
        "tidetime4": "no record",
        "tideheight4": "no record",
        "coefficient": "108 very high"
    },
    {
        "day": "31 Sat",
        "time": "5:56 h 18:15 h",
        "tidetime1": "0:05 h",
        "tideheight1": "0.8 m",
        "tidetime2": "2:28 h",
        "tideheight2": "0.4 m",
        "tidetime3": "10:14 h",
        "tideheight3": "1.7 m",
        "tidetime4": "18:04 h",
        "tideheight4": "0.0 m",
        "coefficient": "111 very high"
    }
]