[
    {
        "day": "1 Mon",
        "time": "6:03 h 18:16 h",
        "tidetime1": "3:17 h",
        "tideheight1": "0.0 m",
        "tidetime2": "19:44 h",
        "tideheight2": "1.1 m",
        "tidetime3": "no record",
        "tideheight3": "no record",
        "tidetime4": "no record",
        "tideheight4": "no record",
        "coefficient": "63 average"
    },
    {
        "day": "2 Tue",
        "time": "6:02 h 18:16 h",
        "tidetime1": "3:50 h",
        "tideheight1": "0.0 m",
        "tidetime2": "10:32 h",
        "tideheight2": "0.7 m",
        "tidetime3": "13:24 h",
        "tideheight3": "0.3 m",
        "tidetime4": "20:40 h",
        "tideheight4": "1.1 m",
        "coefficient": "73 high"
    },
    {
        "day": "3 Wed",
        "time": "6:02 h 18:16 h",
        "tidetime1": "4:17 h",
        "tideheight1": "0.0 m",
        "tidetime2": "10:28 h",
        "tideheight2": "0.7 m",
        "tidetime3": "14:35 h",
        "tideheight3": "0.3 m",
        "tidetime4": "21:29 h",
        "tideheight4": "1.1 m",
        "coefficient": "81 high"
    },
    {
        "day": "4 Thu",
        "time": "6:01 h 18:16 h",
        "tidetime1": "4:39 h",
        "tideheight1": "0.1 m",
        "tidetime2": "10:37 h",
        "tideheight2": "0.8 m",
        "tidetime3": "15:32 h",
        "tideheight3": "0.2 m",
        "tidetime4": "22:15 h",
        "tideheight4": "1.1 m",
        "coefficient": "87 high"
    },
    {
        "day": "5 Fri",
        "time": "6:01 h 18:16 h",
        "tidetime1": "4:58 h",
        "tideheight1": "0.1 m",
        "tidetime2": "10:50 h",
        "tideheight2": "0.8 m",
        "tidetime3": "16:23 h",
        "tideheight3": "0.1 m",
        "tidetime4": "22:59 h",
        "tideheight4": "1.0 m",
        "coefficient": "90 very high"
    },
    {
        "day": "6 Sat",
        "time": "6:00 h 18:16 h",
        "tidetime1": "5:14 h",
        "tideheight1": "0.2 m",
        "tidetime2": "11:08 h",
        "tideheight2": "0.9 m",
        "tidetime3": "17:12 h",
        "tideheight3": "0.1 m",
        "tidetime4": "23:44 h",
        "tideheight4": "1.0 m",
        "coefficient": "90 very high"
    },
    {
        "day": "7 Sun",
        "time": "6:00 h 18:16 h",
        "tidetime1": "5:27 h",
        "tideheight1": "0.2 m",
        "tidetime2": "11:27 h",
        "tideheight2": "1.0 m",
        "tidetime3": "18:01 h",
        "tideheight3": "0.0 m",
        "tidetime4": "no record",
        "tideheight4": "no record",
        "coefficient": "87 high"
    },
    {
        "day": "8 Mon",
        "time": "5:59 h 18:15 h",
        "tidetime1": "0:33 h",
        "tideheight1": "0.9 m",
        "tidetime2": "5:36 h",
        "tideheight2": "0.3 m",
        "tidetime3": "11:47 h",
        "tideheight3": "1.1 m",
        "tidetime4": "18:52 h",
        "tideheight4": "0.0 m",
        "coefficient": "81 high"
    },
    {
        "day": "9 Tue",
        "time": "5:59 h 18:15 h",
        "tidetime1": "1:30 h",
        "tideheight1": "0.8 m",
        "tidetime2": "5:40 h",
        "tideheight2": "0.3 m",
        "tidetime3": "12:11 h",
        "tideheight3": "1.1 m",
        "tidetime4": "19:48 h",
        "tideheight4": "0.0 m",
        "coefficient": "73 high"
    },
    {
        "day": "10 Wed",
        "time": "5:58 h 18:15 h",
        "tidetime1": "2:47 h",
        "tideheight1": "0.7 m",
        "tidetime2": "5:30 h",
        "tideheight2": "0.4 m",
        "tidetime3": "12:39 h",
        "tideheight3": "1.2 m",
        "tidetime4": "20:53 h",
        "tideheight4": "-0.1 m",
        "coefficient": "62 average"
    },
    {
        "day": "11 Thu",
        "time": "5:57 h 18:15 h",
        "tidetime1": "13:14 h",
        "tideheight1": "1.3 m",
        "tidetime2": "22:08 h",
        "tideheight2": "-0.1 m",
        "tidetime3": "no record",
        "tideheight3": "no record",
        "tidetime4": "no record",
        "tideheight4": "no record",
        "coefficient": "52 average"
    },
    {
        "day": "12 Fri",
        "time": "5:57 h 18:15 h",
        "tidetime1": "14:01 h",
        "tideheight1": "1.3 m",
        "tidetime2": "23:32 h",
        "tideheight2": "-0.1 m",
        "tidetime3": "no record",
        "tideheight3": "no record",
        "tidetime4": "no record",
        "tideheight4": "no record",
        "coefficient": "45 low"
    },
    {
        "day": "13 Sat",
        "time": "5:56 h 18:15 h",
        "tidetime1": "15:02 h",
        "tideheight1": "1.3 m",
        "tidetime2": "no record",
        "tideheight2": "no record",
        "tidetime3": "no record",
        "tideheight3": "no record",
        "tidetime4": "no record",
        "tideheight4": "no record",
        "coefficient": "48 low"
    },
    {
        "day": "14 Sun",
        "time": "5:56 h 18:15 h",
        "tidetime1": "0:50 h",
        "tideheight1": "-0.1 m",
        "tidetime2": "16:21 h",
        "tideheight2": "1.3 m",
        "tidetime3": "no record",
        "tideheight3": "no record",
        "tidetime4": "no record",
        "tideheight4": "no record",
        "coefficient": "58 average"
    },
    {
        "day": "15 Mon",
        "time": "5:55 h 18:15 h",
        "tidetime1": "1:51 h",
        "tideheight1": "-0.1 m",
        "tidetime2": "17:52 h",
        "tideheight2": "1.3 m",
        "tidetime3": "no record",
        "tideheight3": "no record",
        "tidetime4": "no record",
        "tideheight4": "no record",
        "coefficient": "73 high"
    },
    {
        "day": "16 Tue",
        "time": "5:55 h 18:16 h",
        "tidetime1": "2:38 h",
        "tideheight1": "-0.1 m",
        "tidetime2": "10:49 h",
        "tideheight2": "0.7 m",
        "tidetime3": "11:14 h",
        "tideheight3": "0.4 m",
        "tidetime4": "19:18 h",
        "tideheight4": "1.2 m",
        "coefficient": "88 high"
    },
    {
        "day": "17 Wed",
        "time": "5:54 h 18:16 h",
        "tidetime1": "3:13 h",
        "tideheight1": "-0.1 m",
        "tidetime2": "9:59 h",
        "tideheight2": "0.8 m",
        "tidetime3": "13:43 h",
        "tideheight3": "0.3 m",
        "tidetime4": "20:33 h",
        "tideheight4": "1.2 m",
        "coefficient": "100 very high"
    },
    {
        "day": "18 Thu",
        "time": "5:54 h 18:16 h",
        "tidetime1": "3:41 h",
        "tideheight1": "0.0 m",
        "tidetime2": "10:03 h",
        "tideheight2": "0.9 m",
        "tidetime3": "15:06 h",
        "tideheight3": "0.2 m",
        "tidetime4": "21:40 h",
        "tideheight4": "1.1 m",
        "coefficient": "106 very high"
    },
    {
        "day": "19 Fri",
        "time": "5:53 h 18:16 h",
        "tidetime1": "4:03 h",
        "tideheight1": "0.1 m",
        "tidetime2": "10:18 h",
        "tideheight2": "1.0 m",
        "tidetime3": "16:16 h",
        "tideheight3": "0.1 m",
        "tidetime4": "22:43 h",
        "tideheight4": "1.0 m",
        "coefficient": "107 very high"
    },
    {
        "day": "20 Sat",
        "time": "5:53 h 18:16 h",
        "tidetime1": "4:21 h",
        "tideheight1": "0.2 m",
        "tidetime2": "10:39 h",
        "tideheight2": "1.1 m",
        "tidetime3": "17:19 h",
        "tideheight3": "0.0 m",
        "tidetime4": "23:46 h",
        "tideheight4": "0.9 m",
        "coefficient": "103 very high"
    },
    {
        "day": "21 Sun",
        "time": "5:52 h 18:16 h",
        "tidetime1": "4:37 h",
        "tideheight1": "0.3 m",
        "tidetime2": "11:04 h",
        "tideheight2": "1.2 m",
        "tidetime3": "18:18 h",
        "tideheight3": "-0.1 m",
        "tidetime4": "no record",
        "tideheight4": "no record",
        "coefficient": "93 very high"
    },
    {
        "day": "22 Mon",
        "time": "5:52 h 18:16 h",
        "tidetime1": "0:52 h",
        "tideheight1": "0.8 m",
        "tidetime2": "4:47 h",
        "tideheight2": "0.3 m",
        "tidetime3": "11:33 h",
        "tideheight3": "1.3 m",
        "tidetime4": "19:16 h",
        "tideheight4": "-0.1 m",
        "coefficient": "81 high"
    },
    {
        "day": "23 Tue",
        "time": "5:52 h 18:16 h",
        "tidetime1": "2:09 h",
        "tideheight1": "0.7 m",
        "tidetime2": "4:47 h",
        "tideheight2": "0.4 m",
        "tidetime3": "12:05 h",
        "tideheight3": "1.4 m",
        "tidetime4": "20:15 h",
        "tideheight4": "-0.1 m",
        "coefficient": "67 average"
    },
    {
        "day": "24 Wed",
        "time": "5:51 h 18:16 h",
        "tidetime1": "12:39 h",
        "tideheight1": "1.4 m",
        "tidetime2": "21:17 h",
        "tideheight2": "-0.1 m",
        "tidetime3": "no record",
        "tideheight3": "no record",
        "tidetime4": "no record",
        "tideheight4": "no record",
        "coefficient": "53 average"
    },
    {
        "day": "25 Thu",
        "time": "5:51 h 18:16 h",
        "tidetime1": "13:18 h",
        "tideheight1": "1.3 m",
        "tidetime2": "22:23 h",
        "tideheight2": "-0.1 m",
        "tidetime3": "no record",
        "tideheight3": "no record",
        "tidetime4": "no record",
        "tideheight4": "no record",
        "coefficient": "42 low"
    },
    {
        "day": "26 Fri",
        "time": "5:50 h 18:16 h",
        "tidetime1": "14:03 h",
        "tideheight1": "1.3 m",
        "tidetime2": "23:32 h",
        "tideheight2": "0.0 m",
        "tidetime3": "no record",
        "tideheight3": "no record",
        "tidetime4": "no record",
        "tideheight4": "no record",
        "coefficient": "35 low"
    },
    {
        "day": "27 Sat",
        "time": "5:50 h 18:16 h",
        "tidetime1": "14:59 h",
        "tideheight1": "1.2 m",
        "tidetime2": "no record",
        "tideheight2": "no record",
        "tidetime3": "no record",
        "tideheight3": "no record",
        "tidetime4": "no record",
        "tideheight4": "no record",
        "coefficient": "35 low"
    },
    {
        "day": "28 Sun",
        "time": "5:50 h 18:16 h",
        "tidetime1": "0:36 h",
        "tideheight1": "0.0 m",
        "tidetime2": "16:12 h",
        "tideheight2": "1.2 m",
        "tidetime3": "no record",
        "tideheight3": "no record",
        "tidetime4": "no record",
        "tideheight4": "no record",
        "coefficient": "41 low"
    },
    {
        "day": "29 Mon",
        "time": "5:49 h 18:16 h",
        "tidetime1": "1:29 h",
        "tideheight1": "0.0 m",
        "tidetime2": "17:39 h",
        "tideheight2": "1.1 m",
        "tidetime3": "no record",
        "tideheight3": "no record",
        "tidetime4": "no record",
        "tideheight4": "no record",
        "coefficient": "50 average"
    },
    {
        "day": "30 Tue",
        "time": "5:49 h 18:16 h",
        "tidetime1": "2:10 h",
        "tideheight1": "0.1 m",
        "tidetime2": "9:45 h",
        "tideheight2": "0.8 m",
        "tidetime3": "12:10 h",
        "tideheight3": "0.5 m",
        "tidetime4": "19:01 h",
        "tideheight4": "1.1 m",
        "coefficient": "61 average"
    }
]