[
    {
        "day": "1 Sat",
        "time": "6:06 h 17:42 h",
        "tidetime1": "3:04 h",
        "tideheight1": "1.2 m",
        "tidetime2": "11:51 h",
        "tideheight2": "0.0 m",
        "tidetime3": "20:16 h",
        "tideheight3": "0.8 m",
        "tidetime4": "21:46 h",
        "tideheight4": "0.5 m",
        "coefficient": "61 average"
    },
    {
        "day": "2 Sun",
        "time": "6:06 h 17:42 h",
        "tidetime1": "4:28 h",
        "tideheight1": "1.1 m",
        "tidetime2": "12:26 h",
        "tideheight2": "0.0 m",
        "tidetime3": "19:53 h",
        "tideheight3": "0.9 m",
        "tidetime4": "no record",
        "tideheight4": "no record",
        "coefficient": "69 average"
    },
    {
        "day": "3 Mon",
        "time": "6:07 h 17:43 h",
        "tidetime1": "0:40 h",
        "tideheight1": "0.4 m",
        "tidetime2": "6:12 h",
        "tideheight2": "0.9 m",
        "tidetime3": "12:53 h",
        "tideheight3": "0.1 m",
        "tidetime4": "20:04 h",
        "tideheight4": "1.0 m",
        "coefficient": "75 high"
    },
    {
        "day": "4 Tue",
        "time": "6:07 h 17:43 h",
        "tidetime1": "2:24 h",
        "tideheight1": "0.3 m",
        "tidetime2": "7:54 h",
        "tideheight2": "0.8 m",
        "tidetime3": "13:15 h",
        "tideheight3": "0.2 m",
        "tidetime4": "20:25 h",
        "tideheight4": "1.2 m",
        "coefficient": "81 high"
    },
    {
        "day": "5 Wed",
        "time": "6:08 h 17:43 h",
        "tidetime1": "3:34 h",
        "tideheight1": "0.1 m",
        "tidetime2": "9:22 h",
        "tideheight2": "0.7 m",
        "tidetime3": "13:34 h",
        "tideheight3": "0.3 m",
        "tidetime4": "20:50 h",
        "tideheight4": "1.3 m",
        "coefficient": "84 high"
    },
    {
        "day": "6 Thu",
        "time": "6:08 h 17:44 h",
        "tidetime1": "4:28 h",
        "tideheight1": "0.0 m",
        "tidetime2": "10:40 h",
        "tideheight2": "0.7 m",
        "tidetime3": "13:50 h",
        "tideheight3": "0.3 m",
        "tidetime4": "21:18 h",
        "tideheight4": "1.4 m",
        "coefficient": "85 high"
    },
    {
        "day": "7 Fri",
        "time": "6:09 h 17:44 h",
        "tidetime1": "5:15 h",
        "tideheight1": "-0.1 m",
        "tidetime2": "11:55 h",
        "tideheight2": "0.6 m",
        "tidetime3": "14:02 h",
        "tideheight3": "0.3 m",
        "tidetime4": "21:48 h",
        "tideheight4": "1.4 m",
        "coefficient": "84 high"
    },
    {
        "day": "8 Sat",
        "time": "6:09 h 17:44 h",
        "tidetime1": "5:58 h",
        "tideheight1": "-0.2 m",
        "tidetime2": "13:32 h",
        "tideheight2": "0.6 m",
        "tidetime3": "13:46 h",
        "tideheight3": "0.3 m",
        "tidetime4": "22:19 h",
        "tideheight4": "1.5 m",
        "coefficient": "80 high"
    },
    {
        "day": "9 Sun",
        "time": "6:10 h 17:45 h",
        "tidetime1": "6:40 h",
        "tideheight1": "-0.2 m",
        "tidetime2": "22:52 h",
        "tideheight2": "1.5 m",
        "tidetime3": "no record",
        "tideheight3": "no record",
        "tidetime4": "no record",
        "tideheight4": "no record",
        "coefficient": "75 high"
    },
    {
        "day": "10 Mon",
        "time": "6:10 h 17:45 h",
        "tidetime1": "7:21 h",
        "tideheight1": "-0.2 m",
        "tidetime2": "23:25 h",
        "tideheight2": "1.4 m",
        "tidetime3": "no record",
        "tideheight3": "no record",
        "tidetime4": "no record",
        "tideheight4": "no record",
        "coefficient": "68 average"
    },
    {
        "day": "11 Tue",
        "time": "6:11 h 17:45 h",
        "tidetime1": "8:03 h",
        "tideheight1": "-0.2 m",
        "tidetime2": "no record",
        "tideheight2": "no record",
        "tidetime3": "no record",
        "tideheight3": "no record",
        "tidetime4": "no record",
        "tideheight4": "no record",
        "coefficient": "60 average"
    },
    {
        "day": "12 Wed",
        "time": "6:11 h 17:46 h",
        "tidetime1": "0:00 h",
        "tideheight1": "1.4 m",
        "tidetime2": "8:47 h",
        "tideheight2": "-0.1 m",
        "tidetime3": "no record",
        "tideheight3": "no record",
        "tidetime4": "no record",
        "tideheight4": "no record",
        "coefficient": "53 average"
    },
    {
        "day": "13 Thu",
        "time": "6:12 h 17:46 h",
        "tidetime1": "0:37 h",
        "tideheight1": "1.3 m",
        "tidetime2": "9:31 h",
        "tideheight2": "-0.1 m",
        "tidetime3": "no record",
        "tideheight3": "no record",
        "tidetime4": "no record",
        "tideheight4": "no record",
        "coefficient": "46 low"
    },
    {
        "day": "14 Fri",
        "time": "6:12 h 17:47 h",
        "tidetime1": "1:16 h",
        "tideheight1": "1.2 m",
        "tidetime2": "10:14 h",
        "tideheight2": "-0.1 m",
        "tidetime3": "no record",
        "tideheight3": "no record",
        "tidetime4": "no record",
        "tideheight4": "no record",
        "coefficient": "42 low"
    },
    {
        "day": "15 Sat",
        "time": "6:13 h 17:47 h",
        "tidetime1": "1:58 h",
        "tideheight1": "1.2 m",
        "tidetime2": "10:53 h",
        "tideheight2": "0.0 m",
        "tidetime3": "no record",
        "tideheight3": "no record",
        "tidetime4": "no record",
        "tideheight4": "no record",
        "coefficient": "42 low"
    },
    {
        "day": "16 Sun",
        "time": "6:13 h 17:48 h",
        "tidetime1": "2:48 h",
        "tideheight1": "1.0 m",
        "tidetime2": "11:27 h",
        "tideheight2": "0.1 m",
        "tidetime3": "19:43 h",
        "tideheight3": "0.8 m",
        "tidetime4": "22:23 h",
        "tideheight4": "0.5 m",
        "coefficient": "46 low"
    },
    {
        "day": "17 Mon",
        "time": "6:14 h 17:48 h",
        "tidetime1": "3:59 h",
        "tideheight1": "0.9 m",
        "tidetime2": "11:55 h",
        "tideheight2": "0.1 m",
        "tidetime3": "19:27 h",
        "tideheight3": "0.9 m",
        "tidetime4": "no record",
        "tideheight4": "no record",
        "coefficient": "53 average"
    },
    {
        "day": "18 Tue",
        "time": "6:14 h 17:49 h",
        "tidetime1": "0:56 h",
        "tideheight1": "0.4 m",
        "tidetime2": "5:43 h",
        "tideheight2": "0.8 m",
        "tidetime3": "12:17 h",
        "tideheight3": "0.2 m",
        "tidetime4": "19:36 h",
        "tideheight4": "1.0 m",
        "coefficient": "63 average"
    },
    {
        "day": "19 Wed",
        "time": "6:15 h 17:49 h",
        "tidetime1": "2:23 h",
        "tideheight1": "0.3 m",
        "tidetime2": "7:35 h",
        "tideheight2": "0.7 m",
        "tidetime3": "12:36 h",
        "tideheight3": "0.2 m",
        "tidetime4": "19:55 h",
        "tideheight4": "1.1 m",
        "coefficient": "73 high"
    },
    {
        "day": "20 Thu",
        "time": "6:16 h 17:49 h",
        "tidetime1": "3:22 h",
        "tideheight1": "0.1 m",
        "tidetime2": "9:13 h",
        "tideheight2": "0.7 m",
        "tidetime3": "12:53 h",
        "tideheight3": "0.3 m",
        "tidetime4": "20:20 h",
        "tideheight4": "1.2 m",
        "coefficient": "83 high"
    },
    {
        "day": "21 Fri",
        "time": "6:16 h 17:50 h",
        "tidetime1": "4:11 h",
        "tideheight1": "0.0 m",
        "tidetime2": "10:40 h",
        "tideheight2": "0.6 m",
        "tidetime3": "13:06 h",
        "tideheight3": "0.3 m",
        "tidetime4": "20:50 h",
        "tideheight4": "1.3 m",
        "coefficient": "91 very high"
    },
    {
        "day": "22 Sat",
        "time": "6:17 h 17:50 h",
        "tidetime1": "4:58 h",
        "tideheight1": "-0.2 m",
        "tidetime2": "12:12 h",
        "tideheight2": "0.6 m",
        "tidetime3": "13:06 h",
        "tideheight3": "0.3 m",
        "tidetime4": "21:25 h",
        "tideheight4": "1.5 m",
        "coefficient": "96 very high"
    },
    {
        "day": "23 Sun",
        "time": "6:17 h 17:51 h",
        "tidetime1": "5:45 h",
        "tideheight1": "-0.3 m",
        "tidetime2": "22:03 h",
        "tideheight2": "1.5 m",
        "tidetime3": "no record",
        "tideheight3": "no record",
        "tidetime4": "no record",
        "tideheight4": "no record",
        "coefficient": "98 very high"
    },
    {
        "day": "24 Mon",
        "time": "6:18 h 17:52 h",
        "tidetime1": "6:33 h",
        "tideheight1": "-0.3 m",
        "tidetime2": "22:45 h",
        "tideheight2": "1.6 m",
        "tidetime3": "no record",
        "tideheight3": "no record",
        "tidetime4": "no record",
        "tideheight4": "no record",
        "coefficient": "95 very high"
    },
    {
        "day": "25 Tue",
        "time": "6:18 h 17:52 h",
        "tidetime1": "7:22 h",
        "tideheight1": "-0.4 m",
        "tidetime2": "23:29 h",
        "tideheight2": "1.6 m",
        "tidetime3": "no record",
        "tideheight3": "no record",
        "tidetime4": "no record",
        "tideheight4": "no record",
        "coefficient": "89 high"
    },
    {
        "day": "26 Wed",
        "time": "6:18 h 17:53 h",
        "tidetime1": "8:10 h",
        "tideheight1": "-0.3 m",
        "tidetime2": "no record",
        "tideheight2": "no record",
        "tidetime3": "no record",
        "tideheight3": "no record",
        "tidetime4": "no record",
        "tideheight4": "no record",
        "coefficient": "81 high"
    },
    {
        "day": "27 Thu",
        "time": "6:19 h 17:53 h",
        "tidetime1": "0:15 h",
        "tideheight1": "1.5 m",
        "tidetime2": "8:56 h",
        "tideheight2": "-0.3 m",
        "tidetime3": "no record",
        "tideheight3": "no record",
        "tidetime4": "no record",
        "tideheight4": "no record",
        "coefficient": "72 high"
    },
    {
        "day": "28 Fri",
        "time": "6:19 h 17:54 h",
        "tidetime1": "1:04 h",
        "tideheight1": "1.4 m",
        "tidetime2": "9:38 h",
        "tideheight2": "-0.2 m",
        "tidetime3": "no record",
        "tideheight3": "no record",
        "tidetime4": "no record",
        "tideheight4": "no record",
        "coefficient": "64 average"
    },
    {
        "day": "29 Sat",
        "time": "6:20 h 17:54 h",
        "tidetime1": "1:55 h",
        "tideheight1": "1.2 m",
        "tidetime2": "10:15 h",
        "tideheight2": "-0.1 m",
        "tidetime3": "18:06 h",
        "tideheight3": "0.7 m",
        "tidetime4": "20:08 h",
        "tideheight4": "0.4 m",
        "coefficient": "58 average"
    },
    {
        "day": "30 Sun",
        "time": "6:20 h 17:55 h",
        "tidetime1": "2:53 h",
        "tideheight1": "1.0 m",
        "tidetime2": "10:45 h",
        "tideheight2": "0.0 m",
        "tidetime3": "18:14 h",
        "tideheight3": "0.8 m",
        "tidetime4": "22:53 h",
        "tideheight4": "0.4 m",
        "coefficient": "56 average"
    },
    {
        "day": "31 Mon",
        "time": "6:21 h 17:55 h",
        "tidetime1": "4:10 h",
        "tideheight1": "0.8 m",
        "tidetime2": "11:10 h",
        "tideheight2": "0.1 m",
        "tidetime3": "18:39 h",
        "tideheight3": "1.0 m",
        "tidetime4": "no record",
        "tideheight4": "no record",
        "coefficient": "58 average"
    }
]