[
    {
        "day": "1 Wed",
        "time": "6:21 h 17:56 h",
        "tidetime1": "0:58 h",
        "tideheight1": "1.3 m",
        "tidetime2": "9:46 h",
        "tideheight2": "-0.1 m",
        "tidetime3": "no record",
        "tideheight3": "no record",
        "tidetime4": "no record",
        "tideheight4": "no record",
        "coefficient": "48 low"
    },
    {
        "day": "2 Thu",
        "time": "6:21 h 17:56 h",
        "tidetime1": "1:41 h",
        "tideheight1": "1.2 m",
        "tidetime2": "10:19 h",
        "tideheight2": "0.0 m",
        "tidetime3": "no record",
        "tideheight3": "no record",
        "tidetime4": "no record",
        "tideheight4": "no record",
        "coefficient": "43 low"
    },
    {
        "day": "3 Fri",
        "time": "6:22 h 17:57 h",
        "tidetime1": "2:25 h",
        "tideheight1": "1.0 m",
        "tidetime2": "10:45 h",
        "tideheight2": "0.1 m",
        "tidetime3": "18:35 h",
        "tideheight3": "0.7 m",
        "tidetime4": "21:24 h",
        "tideheight4": "0.4 m",
        "coefficient": "42 low"
    },
    {
        "day": "4 Sat",
        "time": "6:22 h 17:57 h",
        "tidetime1": "3:22 h",
        "tideheight1": "0.9 m",
        "tidetime2": "11:06 h",
        "tideheight2": "0.1 m",
        "tidetime3": "18:29 h",
        "tideheight3": "0.8 m",
        "tidetime4": "no record",
        "tideheight4": "no record",
        "coefficient": "43 low"
    },
    {
        "day": "5 Sun",
        "time": "6:23 h 17:58 h",
        "tidetime1": "0:11 h",
        "tideheight1": "0.4 m",
        "tidetime2": "4:54 h",
        "tideheight2": "0.7 m",
        "tidetime3": "11:20 h",
        "tideheight3": "0.2 m",
        "tidetime4": "18:43 h",
        "tideheight4": "0.9 m",
        "coefficient": "48 low"
    },
    {
        "day": "6 Mon",
        "time": "6:23 h 17:58 h",
        "tidetime1": "2:03 h",
        "tideheight1": "0.2 m",
        "tidetime2": "7:12 h",
        "tideheight2": "0.6 m",
        "tidetime3": "11:27 h",
        "tideheight3": "0.3 m",
        "tidetime4": "19:06 h",
        "tideheight4": "1.1 m",
        "coefficient": "56 average"
    },
    {
        "day": "7 Tue",
        "time": "6:23 h 17:59 h",
        "tidetime1": "3:10 h",
        "tideheight1": "0.1 m",
        "tidetime2": "9:30 h",
        "tideheight2": "0.6 m",
        "tidetime3": "11:22 h",
        "tideheight3": "0.3 m",
        "tidetime4": "19:36 h",
        "tideheight4": "1.2 m",
        "coefficient": "65 average"
    },
    {
        "day": "8 Wed",
        "time": "6:24 h 17:59 h",
        "tidetime1": "3:59 h",
        "tideheight1": "-0.1 m",
        "tidetime2": "20:09 h",
        "tideheight2": "1.3 m",
        "tidetime3": "no record",
        "tideheight3": "no record",
        "tidetime4": "no record",
        "tideheight4": "no record",
        "coefficient": "74 high"
    },
    {
        "day": "9 Thu",
        "time": "6:24 h 18:00 h",
        "tidetime1": "4:43 h",
        "tideheight1": "-0.2 m",
        "tidetime2": "20:47 h",
        "tideheight2": "1.4 m",
        "tidetime3": "no record",
        "tideheight3": "no record",
        "tidetime4": "no record",
        "tideheight4": "no record",
        "coefficient": "82 high"
    },
    {
        "day": "10 Fri",
        "time": "6:24 h 18:00 h",
        "tidetime1": "5:26 h",
        "tideheight1": "-0.3 m",
        "tidetime2": "21:26 h",
        "tideheight2": "1.5 m",
        "tidetime3": "no record",
        "tideheight3": "no record",
        "tidetime4": "no record",
        "tideheight4": "no record",
        "coefficient": "88 high"
    },
    {
        "day": "11 Sat",
        "time": "6:25 h 18:01 h",
        "tidetime1": "6:08 h",
        "tideheight1": "-0.3 m",
        "tidetime2": "22:08 h",
        "tideheight2": "1.5 m",
        "tidetime3": "no record",
        "tideheight3": "no record",
        "tidetime4": "no record",
        "tideheight4": "no record",
        "coefficient": "92 very high"
    },
    {
        "day": "12 Sun",
        "time": "6:25 h 18:01 h",
        "tidetime1": "6:52 h",
        "tideheight1": "-0.4 m",
        "tidetime2": "22:51 h",
        "tideheight2": "1.6 m",
        "tidetime3": "no record",
        "tideheight3": "no record",
        "tidetime4": "no record",
        "tideheight4": "no record",
        "coefficient": "92 very high"
    },
    {
        "day": "13 Mon",
        "time": "6:25 h 18:02 h",
        "tidetime1": "7:34 h",
        "tideheight1": "-0.4 m",
        "tidetime2": "23:35 h",
        "tideheight2": "1.5 m",
        "tidetime3": "no record",
        "tideheight3": "no record",
        "tidetime4": "no record",
        "tideheight4": "no record",
        "coefficient": "90 very high"
    },
    {
        "day": "14 Tue",
        "time": "6:25 h 18:02 h",
        "tidetime1": "8:15 h",
        "tideheight1": "-0.3 m",
        "tidetime2": "no record",
        "tideheight2": "no record",
        "tidetime3": "no record",
        "tideheight3": "no record",
        "tidetime4": "no record",
        "tideheight4": "no record",
        "coefficient": "84 high"
    },
    {
        "day": "15 Wed",
        "time": "6:26 h 18:03 h",
        "tidetime1": "0:20 h",
        "tideheight1": "1.5 m",
        "tidetime2": "8:51 h",
        "tideheight2": "-0.3 m",
        "tidetime3": "no record",
        "tideheight3": "no record",
        "tidetime4": "no record",
        "tideheight4": "no record",
        "coefficient": "77 high"
    },
    {
        "day": "16 Thu",
        "time": "6:26 h 18:03 h",
        "tidetime1": "1:07 h",
        "tideheight1": "1.3 m",
        "tidetime2": "9:22 h",
        "tideheight2": "-0.2 m",
        "tidetime3": "16:46 h",
        "tideheight3": "0.6 m",
        "tidetime4": "18:41 h",
        "tideheight4": "0.3 m",
        "coefficient": "68 average"
    },
    {
        "day": "17 Fri",
        "time": "6:26 h 18:04 h",
        "tidetime1": "1:57 h",
        "tideheight1": "1.1 m",
        "tidetime2": "9:46 h",
        "tideheight2": "0.0 m",
        "tidetime3": "16:54 h",
        "tideheight3": "0.8 m",
        "tidetime4": "21:04 h",
        "tideheight4": "0.3 m",
        "coefficient": "61 average"
    },
    {
        "day": "18 Sat",
        "time": "6:26 h 18:04 h",
        "tidetime1": "2:55 h",
        "tideheight1": "0.9 m",
        "tidetime2": "10:03 h",
        "tideheight2": "0.1 m",
        "tidetime3": "17:19 h",
        "tideheight3": "0.9 m",
        "tidetime4": "23:37 h",
        "tideheight4": "0.3 m",
        "coefficient": "57 average"
    },
    {
        "day": "19 Sun",
        "time": "6:26 h 18:05 h",
        "tidetime1": "4:27 h",
        "tideheight1": "0.7 m",
        "tidetime2": "10:13 h",
        "tideheight2": "0.2 m",
        "tidetime3": "17:53 h",
        "tideheight3": "1.1 m",
        "tidetime4": "no record",
        "tideheight4": "no record",
        "coefficient": "56 average"
    },
    {
        "day": "20 Mon",
        "time": "6:27 h 18:05 h",
        "tidetime1": "1:58 h",
        "tideheight1": "0.1 m",
        "tidetime2": "7:25 h",
        "tideheight2": "0.5 m",
        "tidetime3": "10:06 h",
        "tideheight3": "0.2 m",
        "tidetime4": "18:33 h",
        "tideheight4": "1.2 m",
        "coefficient": "60 average"
    },
    {
        "day": "21 Tue",
        "time": "6:27 h 18:06 h",
        "tidetime1": "3:21 h",
        "tideheight1": "-0.1 m",
        "tidetime2": "19:17 h",
        "tideheight2": "1.3 m",
        "tidetime3": "no record",
        "tideheight3": "no record",
        "tidetime4": "no record",
        "tideheight4": "no record",
        "coefficient": "66 average"
    },
    {
        "day": "22 Wed",
        "time": "6:27 h 18:06 h",
        "tidetime1": "4:15 h",
        "tideheight1": "-0.2 m",
        "tidetime2": "20:03 h",
        "tideheight2": "1.4 m",
        "tidetime3": "no record",
        "tideheight3": "no record",
        "tidetime4": "no record",
        "tideheight4": "no record",
        "coefficient": "72 high"
    },
    {
        "day": "23 Thu",
        "time": "6:27 h 18:07 h",
        "tidetime1": "4:59 h",
        "tideheight1": "-0.3 m",
        "tidetime2": "20:49 h",
        "tideheight2": "1.4 m",
        "tidetime3": "no record",
        "tideheight3": "no record",
        "tidetime4": "no record",
        "tideheight4": "no record",
        "coefficient": "77 high"
    },
    {
        "day": "24 Fri",
        "time": "6:27 h 18:07 h",
        "tidetime1": "5:39 h",
        "tideheight1": "-0.3 m",
        "tidetime2": "21:34 h",
        "tideheight2": "1.5 m",
        "tidetime3": "no record",
        "tideheight3": "no record",
        "tidetime4": "no record",
        "tideheight4": "no record",
        "coefficient": "81 high"
    },
    {
        "day": "25 Sat",
        "time": "6:27 h 18:07 h",
        "tidetime1": "6:15 h",
        "tideheight1": "-0.3 m",
        "tidetime2": "22:17 h",
        "tideheight2": "1.5 m",
        "tidetime3": "no record",
        "tideheight3": "no record",
        "tidetime4": "no record",
        "tideheight4": "no record",
        "coefficient": "82 high"
    },
    {
        "day": "26 Sun",
        "time": "6:27 h 18:08 h",
        "tidetime1": "6:50 h",
        "tideheight1": "-0.3 m",
        "tidetime2": "22:58 h",
        "tideheight2": "1.4 m",
        "tidetime3": "no record",
        "tideheight3": "no record",
        "tidetime4": "no record",
        "tideheight4": "no record",
        "coefficient": "80 high"
    },
    {
        "day": "27 Mon",
        "time": "6:27 h 18:08 h",
        "tidetime1": "7:22 h",
        "tideheight1": "-0.2 m",
        "tidetime2": "23:36 h",
        "tideheight2": "1.4 m",
        "tidetime3": "no record",
        "tideheight3": "no record",
        "tidetime4": "no record",
        "tideheight4": "no record",
        "coefficient": "77 high"
    },
    {
        "day": "28 Tue",
        "time": "6:27 h 18:09 h",
        "tidetime1": "7:53 h",
        "tideheight1": "-0.2 m",
        "tidetime2": "14:54 h",
        "tideheight2": "0.5 m",
        "tidetime3": "15:52 h",
        "tideheight3": "0.2 m",
        "tidetime4": "no record",
        "tideheight4": "no record",
        "coefficient": "72 high"
    },
    {
        "day": "29 Wed",
        "time": "6:27 h 18:09 h",
        "tidetime1": "0:13 h",
        "tideheight1": "1.3 m",
        "tidetime2": "8:21 h",
        "tideheight2": "-0.1 m",
        "tidetime3": "14:58 h",
        "tideheight3": "0.6 m",
        "tidetime4": "17:06 h",
        "tideheight4": "0.2 m",
        "coefficient": "66 average"
    },
    {
        "day": "30 Thu",
        "time": "6:27 h 18:09 h",
        "tidetime1": "0:50 h",
        "tideheight1": "1.2 m",
        "tidetime2": "8:46 h",
        "tideheight2": "0.0 m",
        "tidetime3": "15:12 h",
        "tideheight3": "0.6 m",
        "tidetime4": "18:19 h",
        "tideheight4": "0.3 m",
        "coefficient": "58 average"
    },
    {
        "day": "31 Fri",
        "time": "6:27 h 18:10 h",
        "tidetime1": "1:29 h",
        "tideheight1": "1.0 m",
        "tidetime2": "9:06 h",
        "tideheight2": "0.1 m",
        "tidetime3": "15:32 h",
        "tideheight3": "0.7 m",
        "tidetime4": "19:45 h",
        "tideheight4": "0.3 m",
        "coefficient": "51 average"
    }
]