[
    {
        "day": "1 Mon",
        "time": "6:27 h 18:10 h",
        "tidetime1": "8:01 h",
        "tideheight1": "-0.2 m",
        "tidetime2": "14:51 h",
        "tideheight2": "0.5 m",
        "tidetime3": "16:41 h",
        "tideheight3": "0.2 m",
        "tidetime4": "no record",
        "tideheight4": "no record",
        "coefficient": "86 high"
    },
    {
        "day": "2 Tue",
        "time": "6:27 h 18:11 h",
        "tidetime1": "0:31 h",
        "tideheight1": "1.3 m",
        "tidetime2": "8:25 h",
        "tideheight2": "-0.1 m",
        "tidetime3": "14:56 h",
        "tideheight3": "0.6 m",
        "tidetime4": "18:14 h",
        "tideheight4": "0.2 m",
        "coefficient": "79 high"
    },
    {
        "day": "3 Wed",
        "time": "6:27 h 18:11 h",
        "tidetime1": "1:16 h",
        "tideheight1": "1.1 m",
        "tidetime2": "8:42 h",
        "tideheight2": "0.0 m",
        "tidetime3": "15:13 h",
        "tideheight3": "0.7 m",
        "tidetime4": "19:55 h",
        "tideheight4": "0.2 m",
        "coefficient": "69 average"
    },
    {
        "day": "4 Thu",
        "time": "6:27 h 18:11 h",
        "tidetime1": "2:08 h",
        "tideheight1": "0.9 m",
        "tidetime2": "8:53 h",
        "tideheight2": "0.1 m",
        "tidetime3": "15:38 h",
        "tideheight3": "0.9 m",
        "tidetime4": "21:54 h",
        "tideheight4": "0.2 m",
        "coefficient": "60 average"
    },
    {
        "day": "5 Fri",
        "time": "6:27 h 18:12 h",
        "tidetime1": "3:20 h",
        "tideheight1": "0.7 m",
        "tidetime2": "8:54 h",
        "tideheight2": "0.2 m",
        "tidetime3": "16:13 h",
        "tideheight3": "1.0 m",
        "tidetime4": "no record",
        "tideheight4": "no record",
        "coefficient": "53 average"
    },
    {
        "day": "6 Sat",
        "time": "6:27 h 18:12 h",
        "tidetime1": "0:13 h",
        "tideheight1": "0.1 m",
        "tidetime2": "6:14 h",
        "tideheight2": "0.5 m",
        "tidetime3": "8:18 h",
        "tideheight3": "0.2 m",
        "tidetime4": "17:00 h",
        "tideheight4": "1.2 m",
        "coefficient": "52 average"
    },
    {
        "day": "7 Sun",
        "time": "6:26 h 18:12 h",
        "tidetime1": "2:14 h",
        "tideheight1": "-0.1 m",
        "tidetime2": "17:55 h",
        "tideheight2": "1.3 m",
        "tidetime3": "no record",
        "tideheight3": "no record",
        "tidetime4": "no record",
        "tideheight4": "no record",
        "coefficient": "57 average"
    },
    {
        "day": "8 Mon",
        "time": "6:26 h 18:12 h",
        "tidetime1": "3:26 h",
        "tideheight1": "-0.2 m",
        "tidetime2": "18:55 h",
        "tideheight2": "1.4 m",
        "tidetime3": "no record",
        "tideheight3": "no record",
        "tidetime4": "no record",
        "tideheight4": "no record",
        "coefficient": "66 average"
    },
    {
        "day": "9 Tue",
        "time": "6:26 h 18:13 h",
        "tidetime1": "4:18 h",
        "tideheight1": "-0.3 m",
        "tidetime2": "19:55 h",
        "tideheight2": "1.5 m",
        "tidetime3": "no record",
        "tideheight3": "no record",
        "tidetime4": "no record",
        "tideheight4": "no record",
        "coefficient": "76 high"
    },
    {
        "day": "10 Wed",
        "time": "6:26 h 18:13 h",
        "tidetime1": "5:03 h",
        "tideheight1": "-0.3 m",
        "tidetime2": "20:51 h",
        "tideheight2": "1.5 m",
        "tidetime3": "no record",
        "tideheight3": "no record",
        "tidetime4": "no record",
        "tideheight4": "no record",
        "coefficient": "83 high"
    },
    {
        "day": "11 Thu",
        "time": "6:26 h 18:13 h",
        "tidetime1": "5:42 h",
        "tideheight1": "-0.3 m",
        "tidetime2": "21:43 h",
        "tideheight2": "1.5 m",
        "tidetime3": "no record",
        "tideheight3": "no record",
        "tidetime4": "no record",
        "tideheight4": "no record",
        "coefficient": "88 high"
    },
    {
        "day": "12 Fri",
        "time": "6:25 h 18:13 h",
        "tidetime1": "6:16 h",
        "tideheight1": "-0.3 m",
        "tidetime2": "22:31 h",
        "tideheight2": "1.4 m",
        "tidetime3": "no record",
        "tideheight3": "no record",
        "tidetime4": "no record",
        "tideheight4": "no record",
        "coefficient": "90 very high"
    },
    {
        "day": "13 Sat",
        "time": "6:25 h 18:14 h",
        "tidetime1": "6:47 h",
        "tideheight1": "-0.2 m",
        "tidetime2": "13:23 h",
        "tideheight2": "0.5 m",
        "tidetime3": "15:13 h",
        "tideheight3": "0.2 m",
        "tidetime4": "23:14 h",
        "tideheight4": "1.4 m",
        "coefficient": "88 high"
    },
    {
        "day": "14 Sun",
        "time": "6:25 h 18:14 h",
        "tidetime1": "7:13 h",
        "tideheight1": "-0.2 m",
        "tidetime2": "13:26 h",
        "tideheight2": "0.5 m",
        "tidetime3": "16:27 h",
        "tideheight3": "0.2 m",
        "tidetime4": "23:55 h",
        "tideheight4": "1.3 m",
        "coefficient": "84 high"
    },
    {
        "day": "15 Mon",
        "time": "6:25 h 18:14 h",
        "tidetime1": "7:35 h",
        "tideheight1": "-0.1 m",
        "tidetime2": "13:37 h",
        "tideheight2": "0.6 m",
        "tidetime3": "17:32 h",
        "tideheight3": "0.2 m",
        "tidetime4": "no record",
        "tideheight4": "no record",
        "coefficient": "77 high"
    },
    {
        "day": "16 Tue",
        "time": "6:24 h 18:14 h",
        "tidetime1": "0:35 h",
        "tideheight1": "1.1 m",
        "tidetime2": "7:54 h",
        "tideheight2": "0.0 m",
        "tidetime3": "13:53 h",
        "tideheight3": "0.7 m",
        "tidetime4": "18:38 h",
        "tideheight4": "0.2 m",
        "coefficient": "67 average"
    },
    {
        "day": "17 Wed",
        "time": "6:24 h 18:14 h",
        "tidetime1": "1:15 h",
        "tideheight1": "1.0 m",
        "tidetime2": "8:08 h",
        "tideheight2": "0.1 m",
        "tidetime3": "14:13 h",
        "tideheight3": "0.8 m",
        "tidetime4": "19:50 h",
        "tideheight4": "0.2 m",
        "coefficient": "57 average"
    },
    {
        "day": "18 Thu",
        "time": "6:24 h 18:15 h",
        "tidetime1": "2:00 h",
        "tideheight1": "0.8 m",
        "tidetime2": "8:16 h",
        "tideheight2": "0.2 m",
        "tidetime3": "14:37 h",
        "tideheight3": "0.9 m",
        "tidetime4": "21:14 h",
        "tideheight4": "0.2 m",
        "coefficient": "47 low"
    },
    {
        "day": "19 Fri",
        "time": "6:23 h 18:15 h",
        "tidetime1": "2:57 h",
        "tideheight1": "0.7 m",
        "tidetime2": "8:12 h",
        "tideheight2": "0.2 m",
        "tidetime3": "15:08 h",
        "tideheight3": "0.9 m",
        "tidetime4": "22:57 h",
        "tideheight4": "0.1 m",
        "coefficient": "38 low"
    },
    {
        "day": "20 Sat",
        "time": "6:23 h 18:15 h",
        "tidetime1": "4:50 h",
        "tideheight1": "0.6 m",
        "tidetime2": "7:30 h",
        "tideheight2": "0.3 m",
        "tidetime3": "15:49 h",
        "tideheight3": "1.0 m",
        "tidetime4": "no record",
        "tideheight4": "no record",
        "coefficient": "32 low"
    },
    {
        "day": "21 Sun",
        "time": "6:23 h 18:15 h",
        "tidetime1": "0:54 h",
        "tideheight1": "0.1 m",
        "tidetime2": "16:43 h",
        "tideheight2": "1.1 m",
        "tidetime3": "no record",
        "tideheight3": "no record",
        "tidetime4": "no record",
        "tideheight4": "no record",
        "coefficient": "34 low"
    },
    {
        "day": "22 Mon",
        "time": "6:22 h 18:15 h",
        "tidetime1": "2:22 h",
        "tideheight1": "0.0 m",
        "tidetime2": "17:48 h",
        "tideheight2": "1.1 m",
        "tidetime3": "no record",
        "tideheight3": "no record",
        "tidetime4": "no record",
        "tideheight4": "no record",
        "coefficient": "42 low"
    },
    {
        "day": "23 Tue",
        "time": "6:22 h 18:15 h",
        "tidetime1": "3:21 h",
        "tideheight1": "-0.1 m",
        "tidetime2": "18:53 h",
        "tideheight2": "1.2 m",
        "tidetime3": "no record",
        "tideheight3": "no record",
        "tidetime4": "no record",
        "tideheight4": "no record",
        "coefficient": "54 average"
    },
    {
        "day": "24 Wed",
        "time": "6:22 h 18:15 h",
        "tidetime1": "4:06 h",
        "tideheight1": "-0.2 m",
        "tidetime2": "19:52 h",
        "tideheight2": "1.3 m",
        "tidetime3": "no record",
        "tideheight3": "no record",
        "tidetime4": "no record",
        "tideheight4": "no record",
        "coefficient": "67 average"
    },
    {
        "day": "25 Thu",
        "time": "6:21 h 18:15 h",
        "tidetime1": "4:45 h",
        "tideheight1": "-0.2 m",
        "tidetime2": "20:44 h",
        "tideheight2": "1.3 m",
        "tidetime3": "no record",
        "tideheight3": "no record",
        "tidetime4": "no record",
        "tideheight4": "no record",
        "coefficient": "81 high"
    },
    {
        "day": "26 Fri",
        "time": "6:21 h 18:16 h",
        "tidetime1": "5:20 h",
        "tideheight1": "-0.3 m",
        "tidetime2": "21:32 h",
        "tideheight2": "1.4 m",
        "tidetime3": "no record",
        "tideheight3": "no record",
        "tidetime4": "no record",
        "tideheight4": "no record",
        "coefficient": "92 very high"
    },
    {
        "day": "27 Sat",
        "time": "6:20 h 18:16 h",
        "tidetime1": "5:51 h",
        "tideheight1": "-0.2 m",
        "tidetime2": "12:38 h",
        "tideheight2": "0.5 m",
        "tidetime3": "14:12 h",
        "tideheight3": "0.2 m",
        "tidetime4": "22:19 h",
        "tideheight4": "1.4 m",
        "coefficient": "101 very high"
    },
    {
        "day": "28 Sun",
        "time": "6:20 h 18:16 h",
        "tidetime1": "6:18 h",
        "tideheight1": "-0.2 m",
        "tidetime2": "12:33 h",
        "tideheight2": "0.6 m",
        "tidetime3": "15:33 h",
        "tideheight3": "0.2 m",
        "tidetime4": "23:04 h",
        "tideheight4": "1.3 m",
        "coefficient": "105 very high"
    }
]