[
    {
        "day": "1 Thu",
        "time": "6:27 h 18:10 h",
        "tidetime1": "6:05 h",
        "tideheight1": "-0.4 m",
        "tidetime2": "22:28 h",
        "tideheight2": "1.5 m",
        "tidetime3": "no record",
        "tideheight3": "no record",
        "tidetime4": "no record",
        "tideheight4": "no record",
        "coefficient": "105 very high"
    },
    {
        "day": "2 Fri",
        "time": "6:27 h 18:11 h",
        "tidetime1": "6:44 h",
        "tideheight1": "-0.3 m",
        "tidetime2": "13:34 h",
        "tideheight2": "0.5 m",
        "tidetime3": "15:17 h",
        "tideheight3": "0.2 m",
        "tidetime4": "23:17 h",
        "tideheight4": "1.5 m",
        "coefficient": "101 very high"
    },
    {
        "day": "3 Sat",
        "time": "6:27 h 18:11 h",
        "tidetime1": "7:19 h",
        "tideheight1": "-0.3 m",
        "tidetime2": "13:48 h",
        "tideheight2": "0.5 m",
        "tidetime3": "16:34 h",
        "tideheight3": "0.2 m",
        "tidetime4": "no record",
        "tideheight4": "no record",
        "coefficient": "93 very high"
    },
    {
        "day": "4 Sun",
        "time": "6:27 h 18:11 h",
        "tidetime1": "0:04 h",
        "tideheight1": "1.3 m",
        "tidetime2": "7:50 h",
        "tideheight2": "-0.2 m",
        "tidetime3": "14:11 h",
        "tideheight3": "0.6 m",
        "tidetime4": "17:48 h",
        "tideheight4": "0.2 m",
        "coefficient": "82 high"
    },
    {
        "day": "5 Mon",
        "time": "6:27 h 18:12 h",
        "tidetime1": "0:50 h",
        "tideheight1": "1.2 m",
        "tidetime2": "8:17 h",
        "tideheight2": "-0.1 m",
        "tidetime3": "14:39 h",
        "tideheight3": "0.7 m",
        "tidetime4": "19:06 h",
        "tideheight4": "0.2 m",
        "coefficient": "69 average"
    },
    {
        "day": "6 Tue",
        "time": "6:27 h 18:12 h",
        "tidetime1": "1:36 h",
        "tideheight1": "1.0 m",
        "tidetime2": "8:39 h",
        "tideheight2": "0.0 m",
        "tidetime3": "15:11 h",
        "tideheight3": "0.8 m",
        "tidetime4": "20:34 h",
        "tideheight4": "0.2 m",
        "coefficient": "56 average"
    },
    {
        "day": "7 Wed",
        "time": "6:26 h 18:12 h",
        "tidetime1": "2:25 h",
        "tideheight1": "0.8 m",
        "tidetime2": "8:56 h",
        "tideheight2": "0.1 m",
        "tidetime3": "15:49 h",
        "tideheight3": "0.9 m",
        "tidetime4": "22:19 h",
        "tideheight4": "0.2 m",
        "coefficient": "45 low"
    },
    {
        "day": "8 Thu",
        "time": "6:26 h 18:12 h",
        "tidetime1": "3:27 h",
        "tideheight1": "0.7 m",
        "tidetime2": "9:08 h",
        "tideheight2": "0.2 m",
        "tidetime3": "16:33 h",
        "tideheight3": "1.0 m",
        "tidetime4": "no record",
        "tideheight4": "no record",
        "coefficient": "39 low"
    },
    {
        "day": "9 Fri",
        "time": "6:26 h 18:13 h",
        "tidetime1": "0:24 h",
        "tideheight1": "0.2 m",
        "tidetime2": "5:37 h",
        "tideheight2": "0.5 m",
        "tidetime3": "9:05 h",
        "tideheight3": "0.2 m",
        "tidetime4": "17:22 h",
        "tideheight4": "1.0 m",
        "coefficient": "39 low"
    },
    {
        "day": "10 Sat",
        "time": "6:26 h 18:13 h",
        "tidetime1": "2:12 h",
        "tideheight1": "0.1 m",
        "tidetime2": "18:15 h",
        "tideheight2": "1.1 m",
        "tidetime3": "no record",
        "tideheight3": "no record",
        "tidetime4": "no record",
        "tideheight4": "no record",
        "coefficient": "44 low"
    },
    {
        "day": "11 Sun",
        "time": "6:26 h 18:13 h",
        "tidetime1": "3:15 h",
        "tideheight1": "0.0 m",
        "tidetime2": "19:08 h",
        "tideheight2": "1.2 m",
        "tidetime3": "no record",
        "tideheight3": "no record",
        "tidetime4": "no record",
        "tideheight4": "no record",
        "coefficient": "52 average"
    },
    {
        "day": "12 Mon",
        "time": "6:25 h 18:13 h",
        "tidetime1": "3:58 h",
        "tideheight1": "-0.1 m",
        "tidetime2": "19:57 h",
        "tideheight2": "1.2 m",
        "tidetime3": "no record",
        "tideheight3": "no record",
        "tidetime4": "no record",
        "tideheight4": "no record",
        "coefficient": "61 average"
    },
    {
        "day": "13 Tue",
        "time": "6:25 h 18:14 h",
        "tidetime1": "4:34 h",
        "tideheight1": "-0.1 m",
        "tidetime2": "20:44 h",
        "tideheight2": "1.2 m",
        "tidetime3": "no record",
        "tideheight3": "no record",
        "tidetime4": "no record",
        "tideheight4": "no record",
        "coefficient": "70 high"
    },
    {
        "day": "14 Wed",
        "time": "6:25 h 18:14 h",
        "tidetime1": "5:08 h",
        "tideheight1": "-0.1 m",
        "tidetime2": "21:27 h",
        "tideheight2": "1.3 m",
        "tidetime3": "no record",
        "tideheight3": "no record",
        "tidetime4": "no record",
        "tideheight4": "no record",
        "coefficient": "77 high"
    },
    {
        "day": "15 Thu",
        "time": "6:25 h 18:14 h",
        "tidetime1": "5:39 h",
        "tideheight1": "-0.2 m",
        "tidetime2": "12:15 h",
        "tideheight2": "0.5 m",
        "tidetime3": "14:07 h",
        "tideheight3": "0.2 m",
        "tidetime4": "22:06 h",
        "tideheight4": "1.3 m",
        "coefficient": "83 high"
    },
    {
        "day": "16 Fri",
        "time": "6:24 h 18:14 h",
        "tidetime1": "6:08 h",
        "tideheight1": "-0.2 m",
        "tidetime2": "12:27 h",
        "tideheight2": "0.6 m",
        "tidetime3": "15:05 h",
        "tideheight3": "0.2 m",
        "tidetime4": "22:44 h",
        "tideheight4": "1.3 m",
        "coefficient": "87 high"
    },
    {
        "day": "17 Sat",
        "time": "6:24 h 18:14 h",
        "tidetime1": "6:36 h",
        "tideheight1": "-0.1 m",
        "tidetime2": "12:44 h",
        "tideheight2": "0.6 m",
        "tidetime3": "15:57 h",
        "tideheight3": "0.2 m",
        "tidetime4": "23:21 h",
        "tideheight4": "1.2 m",
        "coefficient": "88 high"
    },
    {
        "day": "18 Sun",
        "time": "6:24 h 18:15 h",
        "tidetime1": "7:00 h",
        "tideheight1": "-0.1 m",
        "tidetime2": "13:05 h",
        "tideheight2": "0.6 m",
        "tidetime3": "16:49 h",
        "tideheight3": "0.2 m",
        "tidetime4": "23:58 h",
        "tideheight4": "1.2 m",
        "coefficient": "87 high"
    },
    {
        "day": "19 Mon",
        "time": "6:23 h 18:15 h",
        "tidetime1": "7:23 h",
        "tideheight1": "0.0 m",
        "tidetime2": "13:26 h",
        "tideheight2": "0.7 m",
        "tidetime3": "17:45 h",
        "tideheight3": "0.2 m",
        "tidetime4": "no record",
        "tideheight4": "no record",
        "coefficient": "83 high"
    },
    {
        "day": "20 Tue",
        "time": "6:23 h 18:15 h",
        "tidetime1": "0:37 h",
        "tideheight1": "1.1 m",
        "tidetime2": "7:41 h",
        "tideheight2": "0.0 m",
        "tidetime3": "13:48 h",
        "tideheight3": "0.7 m",
        "tidetime4": "18:48 h",
        "tideheight4": "0.2 m",
        "coefficient": "76 high"
    },
    {
        "day": "21 Wed",
        "time": "6:23 h 18:15 h",
        "tidetime1": "1:19 h",
        "tideheight1": "1.0 m",
        "tidetime2": "7:57 h",
        "tideheight2": "0.1 m",
        "tidetime3": "14:12 h",
        "tideheight3": "0.8 m",
        "tidetime4": "20:02 h",
        "tideheight4": "0.2 m",
        "coefficient": "67 average"
    },
    {
        "day": "22 Thu",
        "time": "6:22 h 18:15 h",
        "tidetime1": "2:10 h",
        "tideheight1": "0.8 m",
        "tidetime2": "8:08 h",
        "tideheight2": "0.2 m",
        "tidetime3": "14:42 h",
        "tideheight3": "0.9 m",
        "tidetime4": "21:33 h",
        "tideheight4": "0.1 m",
        "coefficient": "58 average"
    },
    {
        "day": "23 Fri",
        "time": "6:22 h 18:15 h",
        "tidetime1": "3:24 h",
        "tideheight1": "0.7 m",
        "tidetime2": "8:12 h",
        "tideheight2": "0.2 m",
        "tidetime3": "15:23 h",
        "tideheight3": "1.0 m",
        "tidetime4": "23:25 h",
        "tideheight4": "0.1 m",
        "coefficient": "51 average"
    },
    {
        "day": "24 Sat",
        "time": "6:22 h 18:15 h",
        "tidetime1": "6:22 h",
        "tideheight1": "0.5 m",
        "tidetime2": "7:32 h",
        "tideheight2": "0.2 m",
        "tidetime3": "16:16 h",
        "tideheight3": "1.1 m",
        "tidetime4": "no record",
        "tideheight4": "no record",
        "coefficient": "50 average"
    },
    {
        "day": "25 Sun",
        "time": "6:21 h 18:15 h",
        "tidetime1": "1:18 h",
        "tideheight1": "0.0 m",
        "tidetime2": "17:20 h",
        "tideheight2": "1.2 m",
        "tidetime3": "no record",
        "tideheight3": "no record",
        "tidetime4": "no record",
        "tideheight4": "no record",
        "coefficient": "58 average"
    },
    {
        "day": "26 Mon",
        "time": "6:21 h 18:16 h",
        "tidetime1": "2:38 h",
        "tideheight1": "-0.1 m",
        "tidetime2": "18:30 h",
        "tideheight2": "1.3 m",
        "tidetime3": "no record",
        "tideheight3": "no record",
        "tidetime4": "no record",
        "tideheight4": "no record",
        "coefficient": "70 high"
    },
    {
        "day": "27 Tue",
        "time": "6:20 h 18:16 h",
        "tidetime1": "3:34 h",
        "tideheight1": "-0.2 m",
        "tidetime2": "19:37 h",
        "tideheight2": "1.4 m",
        "tidetime3": "no record",
        "tideheight3": "no record",
        "tidetime4": "no record",
        "tideheight4": "no record",
        "coefficient": "84 high"
    },
    {
        "day": "28 Wed",
        "time": "6:20 h 18:16 h",
        "tidetime1": "4:20 h",
        "tideheight1": "-0.3 m",
        "tidetime2": "20:38 h",
        "tideheight2": "1.4 m",
        "tidetime3": "no record",
        "tideheight3": "no record",
        "tidetime4": "no record",
        "tideheight4": "no record",
        "coefficient": "96 very high"
    }
]