[
    {
        "day": "1 Wed",
        "time": "5:48 h 18:16 h",
        "tidetime1": "2:40 h",
        "tideheight1": "0.1 m",
        "tidetime2": "9:24 h",
        "tideheight2": "0.8 m",
        "tidetime3": "13:49 h",
        "tideheight3": "0.4 m",
        "tidetime4": "20:09 h",
        "tideheight4": "1.0 m",
        "coefficient": "70 high"
    },
    {
        "day": "2 Thu",
        "time": "5:48 h 18:17 h",
        "tidetime1": "3:04 h",
        "tideheight1": "0.2 m",
        "tidetime2": "9:27 h",
        "tideheight2": "0.9 m",
        "tidetime3": "14:55 h",
        "tideheight3": "0.3 m",
        "tidetime4": "21:09 h",
        "tideheight4": "1.0 m",
        "coefficient": "79 high"
    },
    {
        "day": "3 Fri",
        "time": "5:48 h 18:17 h",
        "tidetime1": "3:23 h",
        "tideheight1": "0.2 m",
        "tidetime2": "9:39 h",
        "tideheight2": "1.0 m",
        "tidetime3": "15:49 h",
        "tideheight3": "0.2 m",
        "tidetime4": "22:05 h",
        "tideheight4": "0.9 m",
        "coefficient": "86 high"
    },
    {
        "day": "4 Sat",
        "time": "5:47 h 18:17 h",
        "tidetime1": "3:38 h",
        "tideheight1": "0.3 m",
        "tidetime2": "9:56 h",
        "tideheight2": "1.1 m",
        "tidetime3": "16:39 h",
        "tideheight3": "0.1 m",
        "tidetime4": "23:01 h",
        "tideheight4": "0.9 m",
        "coefficient": "90 very high"
    },
    {
        "day": "5 Sun",
        "time": "5:47 h 18:17 h",
        "tidetime1": "3:50 h",
        "tideheight1": "0.3 m",
        "tidetime2": "10:16 h",
        "tideheight2": "1.2 m",
        "tidetime3": "17:27 h",
        "tideheight3": "0.0 m",
        "tidetime4": "no record",
        "tideheight4": "no record",
        "coefficient": "91 very high"
    },
    {
        "day": "6 Mon",
        "time": "5:47 h 18:17 h",
        "tidetime1": "0:00 h",
        "tideheight1": "0.8 m",
        "tidetime2": "3:59 h",
        "tideheight2": "0.4 m",
        "tidetime3": "10:39 h",
        "tideheight3": "1.3 m",
        "tidetime4": "18:15 h",
        "tideheight4": "-0.1 m",
        "coefficient": "88 high"
    },
    {
        "day": "7 Tue",
        "time": "5:46 h 18:17 h",
        "tidetime1": "1:07 h",
        "tideheight1": "0.8 m",
        "tidetime2": "4:02 h",
        "tideheight2": "0.4 m",
        "tidetime3": "11:05 h",
        "tideheight3": "1.3 m",
        "tidetime4": "19:05 h",
        "tideheight4": "-0.1 m",
        "coefficient": "83 high"
    },
    {
        "day": "8 Wed",
        "time": "5:46 h 18:17 h",
        "tidetime1": "2:51 h",
        "tideheight1": "0.7 m",
        "tidetime2": "3:32 h",
        "tideheight2": "0.4 m",
        "tidetime3": "11:34 h",
        "tideheight3": "1.4 m",
        "tidetime4": "20:00 h",
        "tideheight4": "-0.2 m",
        "coefficient": "74 high"
    },
    {
        "day": "9 Thu",
        "time": "5:46 h 18:18 h",
        "tidetime1": "12:09 h",
        "tideheight1": "1.5 m",
        "tidetime2": "21:00 h",
        "tideheight2": "-0.2 m",
        "tidetime3": "no record",
        "tideheight3": "no record",
        "tidetime4": "no record",
        "tideheight4": "no record",
        "coefficient": "65 average"
    },
    {
        "day": "10 Fri",
        "time": "5:46 h 18:18 h",
        "tidetime1": "12:50 h",
        "tideheight1": "1.5 m",
        "tidetime2": "22:04 h",
        "tideheight2": "-0.2 m",
        "tidetime3": "no record",
        "tideheight3": "no record",
        "tidetime4": "no record",
        "tideheight4": "no record",
        "coefficient": "56 average"
    },
    {
        "day": "11 Sat",
        "time": "5:45 h 18:18 h",
        "tidetime1": "13:39 h",
        "tideheight1": "1.4 m",
        "tidetime2": "23:10 h",
        "tideheight2": "-0.1 m",
        "tidetime3": "no record",
        "tideheight3": "no record",
        "tidetime4": "no record",
        "tideheight4": "no record",
        "coefficient": "52 average"
    },
    {
        "day": "12 Sun",
        "time": "5:45 h 18:18 h",
        "tidetime1": "14:40 h",
        "tideheight1": "1.4 m",
        "tidetime2": "no record",
        "tideheight2": "no record",
        "tidetime3": "no record",
        "tideheight3": "no record",
        "tidetime4": "no record",
        "tideheight4": "no record",
        "coefficient": "54 average"
    },
    {
        "day": "13 Mon",
        "time": "5:45 h 18:18 h",
        "tidetime1": "0:09 h",
        "tideheight1": "-0.1 m",
        "tidetime2": "15:55 h",
        "tideheight2": "1.3 m",
        "tidetime3": "no record",
        "tideheight3": "no record",
        "tidetime4": "no record",
        "tideheight4": "no record",
        "coefficient": "63 average"
    },
    {
        "day": "14 Tue",
        "time": "5:45 h 18:18 h",
        "tidetime1": "0:56 h",
        "tideheight1": "0.0 m",
        "tidetime2": "17:28 h",
        "tideheight2": "1.2 m",
        "tidetime3": "no record",
        "tideheight3": "no record",
        "tidetime4": "no record",
        "tideheight4": "no record",
        "coefficient": "74 high"
    },
    {
        "day": "15 Wed",
        "time": "5:45 h 18:19 h",
        "tidetime1": "1:33 h",
        "tideheight1": "0.0 m",
        "tidetime2": "8:50 h",
        "tideheight2": "0.9 m",
        "tidetime3": "12:55 h",
        "tideheight3": "0.5 m",
        "tidetime4": "19:05 h",
        "tideheight4": "1.1 m",
        "coefficient": "84 high"
    },
    {
        "day": "16 Thu",
        "time": "5:44 h 18:19 h",
        "tidetime1": "2:00 h",
        "tideheight1": "0.1 m",
        "tidetime2": "8:53 h",
        "tideheight2": "1.0 m",
        "tidetime3": "14:33 h",
        "tideheight3": "0.3 m",
        "tidetime4": "20:32 h",
        "tideheight4": "1.0 m",
        "coefficient": "92 very high"
    },
    {
        "day": "17 Fri",
        "time": "5:44 h 18:19 h",
        "tidetime1": "2:22 h",
        "tideheight1": "0.2 m",
        "tidetime2": "9:08 h",
        "tideheight2": "1.1 m",
        "tidetime3": "15:46 h",
        "tideheight3": "0.2 m",
        "tidetime4": "21:51 h",
        "tideheight4": "0.9 m",
        "coefficient": "96 very high"
    },
    {
        "day": "18 Sat",
        "time": "5:44 h 18:19 h",
        "tidetime1": "2:40 h",
        "tideheight1": "0.3 m",
        "tidetime2": "9:31 h",
        "tideheight2": "1.3 m",
        "tidetime3": "16:47 h",
        "tideheight3": "0.0 m",
        "tidetime4": "23:06 h",
        "tideheight4": "0.8 m",
        "coefficient": "96 very high"
    },
    {
        "day": "19 Sun",
        "time": "5:44 h 18:19 h",
        "tidetime1": "2:54 h",
        "tideheight1": "0.4 m",
        "tidetime2": "9:57 h",
        "tideheight2": "1.4 m",
        "tidetime3": "17:41 h",
        "tideheight3": "-0.1 m",
        "tidetime4": "no record",
        "tideheight4": "no record",
        "coefficient": "92 very high"
    },
    {
        "day": "20 Mon",
        "time": "5:44 h 18:20 h",
        "tidetime1": "0:23 h",
        "tideheight1": "0.7 m",
        "tidetime2": "3:03 h",
        "tideheight2": "0.4 m",
        "tidetime3": "10:27 h",
        "tideheight3": "1.5 m",
        "tidetime4": "18:32 h",
        "tideheight4": "-0.1 m",
        "coefficient": "85 high"
    },
    {
        "day": "21 Tue",
        "time": "5:44 h 18:20 h",
        "tidetime1": "2:04 h",
        "tideheight1": "0.7 m",
        "tidetime2": "2:44 h",
        "tideheight2": "0.4 m",
        "tidetime3": "11:00 h",
        "tideheight3": "1.5 m",
        "tidetime4": "19:22 h",
        "tideheight4": "-0.2 m",
        "coefficient": "76 high"
    },
    {
        "day": "22 Wed",
        "time": "5:44 h 18:20 h",
        "tidetime1": "11:33 h",
        "tideheight1": "1.5 m",
        "tidetime2": "20:12 h",
        "tideheight2": "-0.1 m",
        "tidetime3": "no record",
        "tideheight3": "no record",
        "tidetime4": "no record",
        "tideheight4": "no record",
        "coefficient": "66 average"
    },
    {
        "day": "23 Thu",
        "time": "5:43 h 18:20 h",
        "tidetime1": "12:10 h",
        "tideheight1": "1.5 m",
        "tidetime2": "21:02 h",
        "tideheight2": "-0.1 m",
        "tidetime3": "no record",
        "tideheight3": "no record",
        "tidetime4": "no record",
        "tideheight4": "no record",
        "coefficient": "55 average"
    },
    {
        "day": "24 Fri",
        "time": "5:43 h 18:21 h",
        "tidetime1": "12:48 h",
        "tideheight1": "1.4 m",
        "tidetime2": "21:55 h",
        "tideheight2": "-0.1 m",
        "tidetime3": "no record",
        "tideheight3": "no record",
        "tidetime4": "no record",
        "tideheight4": "no record",
        "coefficient": "46 low"
    },
    {
        "day": "25 Sat",
        "time": "5:43 h 18:21 h",
        "tidetime1": "13:31 h",
        "tideheight1": "1.4 m",
        "tidetime2": "22:48 h",
        "tideheight2": "0.0 m",
        "tidetime3": "no record",
        "tideheight3": "no record",
        "tidetime4": "no record",
        "tideheight4": "no record",
        "coefficient": "40 low"
    },
    {
        "day": "26 Sun",
        "time": "5:43 h 18:21 h",
        "tidetime1": "14:20 h",
        "tideheight1": "1.3 m",
        "tidetime2": "23:37 h",
        "tideheight2": "0.0 m",
        "tidetime3": "no record",
        "tideheight3": "no record",
        "tidetime4": "no record",
        "tideheight4": "no record",
        "coefficient": "38 low"
    },
    {
        "day": "27 Mon",
        "time": "5:43 h 18:21 h",
        "tidetime1": "15:19 h",
        "tideheight1": "1.2 m",
        "tidetime2": "no record",
        "tideheight2": "no record",
        "tidetime3": "no record",
        "tideheight3": "no record",
        "tidetime4": "no record",
        "tideheight4": "no record",
        "coefficient": "41 low"
    },
    {
        "day": "28 Tue",
        "time": "5:43 h 18:22 h",
        "tidetime1": "0:19 h",
        "tideheight1": "0.1 m",
        "tidetime2": "16:35 h",
        "tideheight2": "1.1 m",
        "tidetime3": "no record",
        "tideheight3": "no record",
        "tidetime4": "no record",
        "tideheight4": "no record",
        "coefficient": "48 low"
    },
    {
        "day": "29 Wed",
        "time": "5:43 h 18:22 h",
        "tidetime1": "0:53 h",
        "tideheight1": "0.2 m",
        "tidetime2": "8:25 h",
        "tideheight2": "0.9 m",
        "tidetime3": "12:25 h",
        "tideheight3": "0.5 m",
        "tidetime4": "18:05 h",
        "tideheight4": "1.0 m",
        "coefficient": "57 average"
    },
    {
        "day": "30 Thu",
        "time": "5:43 h 18:22 h",
        "tidetime1": "1:18 h",
        "tideheight1": "0.2 m",
        "tidetime2": "8:20 h",
        "tideheight2": "1.0 m",
        "tidetime3": "14:02 h",
        "tideheight3": "0.4 m",
        "tidetime4": "19:34 h",
        "tideheight4": "0.9 m",
        "coefficient": "66 average"
    },
    {
        "day": "31 Fri",
        "time": "5:43 h 18:22 h",
        "tidetime1": "1:38 h",
        "tideheight1": "0.3 m",
        "tidetime2": "8:29 h",
        "tideheight2": "1.1 m",
        "tidetime3": "15:07 h",
        "tideheight3": "0.3 m",
        "tidetime4": "20:54 h",
        "tideheight4": "0.9 m",
        "coefficient": "74 high"
    }
]