[
    {
        "day": "1 Sat",
        "time": "5:43 h 18:23 h",
        "tidetime1": "1:54 h",
        "tideheight1": "0.4 m",
        "tidetime2": "8:46 h",
        "tideheight2": "1.2 m",
        "tidetime3": "16:00 h",
        "tideheight3": "0.2 m",
        "tidetime4": "22:09 h",
        "tideheight4": "0.8 m",
        "coefficient": "82 high"
    },
    {
        "day": "2 Sun",
        "time": "5:43 h 18:23 h",
        "tidetime1": "2:06 h",
        "tideheight1": "0.4 m",
        "tidetime2": "9:09 h",
        "tideheight2": "1.3 m",
        "tidetime3": "16:48 h",
        "tideheight3": "0.0 m",
        "tidetime4": "23:23 h",
        "tideheight4": "0.8 m",
        "coefficient": "87 high"
    },
    {
        "day": "3 Mon",
        "time": "5:43 h 18:23 h",
        "tidetime1": "2:15 h",
        "tideheight1": "0.4 m",
        "tidetime2": "9:35 h",
        "tideheight2": "1.4 m",
        "tidetime3": "17:35 h",
        "tideheight3": "-0.1 m",
        "tidetime4": "no record",
        "tideheight4": "no record",
        "coefficient": "89 high"
    },
    {
        "day": "4 Tue",
        "time": "5:43 h 18:23 h",
        "tidetime1": "0:49 h",
        "tideheight1": "0.8 m",
        "tidetime2": "2:10 h",
        "tideheight2": "0.5 m",
        "tidetime3": "10:05 h",
        "tideheight3": "1.5 m",
        "tidetime4": "18:22 h",
        "tideheight4": "-0.1 m",
        "coefficient": "89 high"
    },
    {
        "day": "5 Wed",
        "time": "5:43 h 18:24 h",
        "tidetime1": "10:38 h",
        "tideheight1": "1.6 m",
        "tidetime2": "19:12 h",
        "tideheight2": "-0.2 m",
        "tidetime3": "no record",
        "tideheight3": "no record",
        "tidetime4": "no record",
        "tideheight4": "no record",
        "coefficient": "85 high"
    },
    {
        "day": "6 Thu",
        "time": "5:44 h 18:24 h",
        "tidetime1": "11:16 h",
        "tideheight1": "1.6 m",
        "tidetime2": "20:03 h",
        "tideheight2": "-0.2 m",
        "tidetime3": "no record",
        "tideheight3": "no record",
        "tidetime4": "no record",
        "tideheight4": "no record",
        "coefficient": "79 high"
    },
    {
        "day": "7 Fri",
        "time": "5:44 h 18:24 h",
        "tidetime1": "11:57 h",
        "tideheight1": "1.6 m",
        "tidetime2": "20:57 h",
        "tideheight2": "-0.2 m",
        "tidetime3": "no record",
        "tideheight3": "no record",
        "tidetime4": "no record",
        "tideheight4": "no record",
        "coefficient": "72 high"
    },
    {
        "day": "8 Sat",
        "time": "5:44 h 18:24 h",
        "tidetime1": "12:42 h",
        "tideheight1": "1.6 m",
        "tidetime2": "21:49 h",
        "tideheight2": "-0.2 m",
        "tidetime3": "no record",
        "tideheight3": "no record",
        "tidetime4": "no record",
        "tideheight4": "no record",
        "coefficient": "65 average"
    },
    {
        "day": "9 Sun",
        "time": "5:44 h 18:25 h",
        "tidetime1": "13:33 h",
        "tideheight1": "1.5 m",
        "tidetime2": "22:37 h",
        "tideheight2": "-0.1 m",
        "tidetime3": "no record",
        "tideheight3": "no record",
        "tidetime4": "no record",
        "tideheight4": "no record",
        "coefficient": "61 average"
    },
    {
        "day": "10 Mon",
        "time": "5:44 h 18:25 h",
        "tidetime1": "14:29 h",
        "tideheight1": "1.4 m",
        "tidetime2": "23:19 h",
        "tideheight2": "0.0 m",
        "tidetime3": "no record",
        "tideheight3": "no record",
        "tidetime4": "no record",
        "tideheight4": "no record",
        "coefficient": "60 average"
    },
    {
        "day": "11 Tue",
        "time": "5:44 h 18:25 h",
        "tidetime1": "15:38 h",
        "tideheight1": "1.2 m",
        "tidetime2": "23:52 h",
        "tideheight2": "0.1 m",
        "tidetime3": "no record",
        "tideheight3": "no record",
        "tidetime4": "no record",
        "tideheight4": "no record",
        "coefficient": "64 average"
    },
    {
        "day": "12 Wed",
        "time": "5:44 h 18:26 h",
        "tidetime1": "7:31 h",
        "tideheight1": "1.0 m",
        "tidetime2": "11:41 h",
        "tideheight2": "0.6 m",
        "tidetime3": "17:11 h",
        "tideheight3": "1.0 m",
        "tidetime4": "no record",
        "tideheight4": "no record",
        "coefficient": "69 average"
    },
    {
        "day": "13 Thu",
        "time": "5:44 h 18:26 h",
        "tidetime1": "0:17 h",
        "tideheight1": "0.2 m",
        "tidetime2": "7:38 h",
        "tideheight2": "1.1 m",
        "tidetime3": "13:50 h",
        "tideheight3": "0.4 m",
        "tidetime4": "19:05 h",
        "tideheight4": "0.9 m",
        "coefficient": "75 high"
    },
    {
        "day": "14 Fri",
        "time": "5:45 h 18:26 h",
        "tidetime1": "0:37 h",
        "tideheight1": "0.3 m",
        "tidetime2": "7:58 h",
        "tideheight2": "1.3 m",
        "tidetime3": "15:15 h",
        "tideheight3": "0.2 m",
        "tidetime4": "20:53 h",
        "tideheight4": "0.8 m",
        "coefficient": "79 high"
    },
    {
        "day": "15 Sat",
        "time": "5:45 h 18:26 h",
        "tidetime1": "0:53 h",
        "tideheight1": "0.4 m",
        "tidetime2": "8:24 h",
        "tideheight2": "1.4 m",
        "tidetime3": "16:16 h",
        "tideheight3": "0.1 m",
        "tidetime4": "22:32 h",
        "tideheight4": "0.7 m",
        "coefficient": "82 high"
    },
    {
        "day": "16 Sun",
        "time": "5:45 h 18:27 h",
        "tidetime1": "1:03 h",
        "tideheight1": "0.4 m",
        "tidetime2": "8:55 h",
        "tideheight2": "1.5 m",
        "tidetime3": "17:07 h",
        "tideheight3": "0.0 m",
        "tidetime4": "no record",
        "tideheight4": "no record",
        "coefficient": "83 high"
    },
    {
        "day": "17 Mon",
        "time": "5:45 h 18:27 h",
        "tidetime1": "9:28 h",
        "tideheight1": "1.6 m",
        "tidetime2": "17:53 h",
        "tideheight2": "-0.1 m",
        "tidetime3": "no record",
        "tideheight3": "no record",
        "tidetime4": "no record",
        "tideheight4": "no record",
        "coefficient": "82 high"
    },
    {
        "day": "18 Tue",
        "time": "5:45 h 18:27 h",
        "tidetime1": "10:03 h",
        "tideheight1": "1.6 m",
        "tidetime2": "18:36 h",
        "tideheight2": "-0.1 m",
        "tidetime3": "no record",
        "tideheight3": "no record",
        "tidetime4": "no record",
        "tideheight4": "no record",
        "coefficient": "79 high"
    },
    {
        "day": "19 Wed",
        "time": "5:45 h 18:27 h",
        "tidetime1": "10:39 h",
        "tideheight1": "1.6 m",
        "tidetime2": "19:18 h",
        "tideheight2": "-0.1 m",
        "tidetime3": "no record",
        "tideheight3": "no record",
        "tidetime4": "no record",
        "tideheight4": "no record",
        "coefficient": "74 high"
    },
    {
        "day": "20 Thu",
        "time": "5:46 h 18:27 h",
        "tidetime1": "11:16 h",
        "tideheight1": "1.6 m",
        "tidetime2": "20:00 h",
        "tideheight2": "-0.1 m",
        "tidetime3": "no record",
        "tideheight3": "no record",
        "tidetime4": "no record",
        "tideheight4": "no record",
        "coefficient": "68 average"
    },
    {
        "day": "21 Fri",
        "time": "5:46 h 18:28 h",
        "tidetime1": "11:53 h",
        "tideheight1": "1.6 m",
        "tidetime2": "20:42 h",
        "tideheight2": "-0.1 m",
        "tidetime3": "no record",
        "tideheight3": "no record",
        "tidetime4": "no record",
        "tideheight4": "no record",
        "coefficient": "61 average"
    },
    {
        "day": "22 Sat",
        "time": "5:46 h 18:28 h",
        "tidetime1": "12:31 h",
        "tideheight1": "1.5 m",
        "tidetime2": "21:23 h",
        "tideheight2": "0.0 m",
        "tidetime3": "no record",
        "tideheight3": "no record",
        "tidetime4": "no record",
        "tideheight4": "no record",
        "coefficient": "54 average"
    },
    {
        "day": "23 Sun",
        "time": "5:46 h 18:28 h",
        "tidetime1": "13:11 h",
        "tideheight1": "1.4 m",
        "tidetime2": "22:02 h",
        "tideheight2": "0.1 m",
        "tidetime3": "no record",
        "tideheight3": "no record",
        "tidetime4": "no record",
        "tideheight4": "no record",
        "coefficient": "48 low"
    },
    {
        "day": "24 Mon",
        "time": "5:47 h 18:28 h",
        "tidetime1": "13:53 h",
        "tideheight1": "1.3 m",
        "tidetime2": "22:38 h",
        "tideheight2": "0.1 m",
        "tidetime3": "no record",
        "tideheight3": "no record",
        "tidetime4": "no record",
        "tideheight4": "no record",
        "coefficient": "45 low"
    },
    {
        "day": "25 Tue",
        "time": "5:47 h 18:29 h",
        "tidetime1": "14:41 h",
        "tideheight1": "1.2 m",
        "tidetime2": "23:08 h",
        "tideheight2": "0.2 m",
        "tidetime3": "no record",
        "tideheight3": "no record",
        "tidetime4": "no record",
        "tideheight4": "no record",
        "coefficient": "44 low"
    },
    {
        "day": "26 Wed",
        "time": "5:47 h 18:29 h",
        "tidetime1": "7:12 h",
        "tideheight1": "0.9 m",
        "tidetime2": "9:44 h",
        "tideheight2": "0.6 m",
        "tidetime3": "15:42 h",
        "tideheight3": "1.1 m",
        "tidetime4": "23:32 h",
        "tideheight4": "0.3 m",
        "coefficient": "47 low"
    },
    {
        "day": "27 Thu",
        "time": "5:47 h 18:29 h",
        "tidetime1": "6:59 h",
        "tideheight1": "1.0 m",
        "tidetime2": "12:22 h",
        "tideheight2": "0.6 m",
        "tidetime3": "17:14 h",
        "tideheight3": "0.9 m",
        "tidetime4": "23:50 h",
        "tideheight4": "0.3 m",
        "coefficient": "52 average"
    },
    {
        "day": "28 Fri",
        "time": "5:47 h 18:29 h",
        "tidetime1": "7:10 h",
        "tideheight1": "1.1 m",
        "tidetime2": "14:04 h",
        "tideheight2": "0.4 m",
        "tidetime3": "19:12 h",
        "tideheight3": "0.9 m",
        "tidetime4": "no record",
        "tideheight4": "no record",
        "coefficient": "60 average"
    },
    {
        "day": "29 Sat",
        "time": "5:48 h 18:29 h",
        "tidetime1": "0:05 h",
        "tideheight1": "0.4 m",
        "tidetime2": "7:30 h",
        "tideheight2": "1.2 m",
        "tidetime3": "15:10 h",
        "tideheight3": "0.3 m",
        "tidetime4": "21:04 h",
        "tideheight4": "0.8 m",
        "coefficient": "68 average"
    },
    {
        "day": "30 Sun",
        "time": "5:48 h 18:29 h",
        "tidetime1": "0:14 h",
        "tideheight1": "0.4 m",
        "tidetime2": "7:56 h",
        "tideheight2": "1.4 m",
        "tidetime3": "16:02 h",
        "tideheight3": "0.1 m",
        "tidetime4": "22:52 h",
        "tideheight4": "0.8 m",
        "coefficient": "76 high"
    }
]