[
    {
        "day": "1 Mon",
        "time": "5:54 h 17:56 h",
        "tidetime1": "1:06 h",
        "tideheight1": "1.3 m",
        "tidetime2": "9:19 h",
        "tideheight2": "0.1 m",
        "tidetime3": "no record",
        "tideheight3": "no record",
        "tidetime4": "no record",
        "tideheight4": "no record",
        "coefficient": "53 average"
    },
    {
        "day": "2 Tue",
        "time": "5:54 h 17:55 h",
        "tidetime1": "1:48 h",
        "tideheight1": "1.4 m",
        "tidetime2": "10:46 h",
        "tideheight2": "0.1 m",
        "tidetime3": "no record",
        "tideheight3": "no record",
        "tidetime4": "no record",
        "tideheight4": "no record",
        "coefficient": "47 low"
    },
    {
        "day": "3 Wed",
        "time": "5:54 h 17:55 h",
        "tidetime1": "2:44 h",
        "tideheight1": "1.4 m",
        "tidetime2": "12:15 h",
        "tideheight2": "0.1 m",
        "tidetime3": "no record",
        "tideheight3": "no record",
        "tidetime4": "no record",
        "tideheight4": "no record",
        "coefficient": "50 average"
    },
    {
        "day": "4 Thu",
        "time": "5:53 h 17:54 h",
        "tidetime1": "3:56 h",
        "tideheight1": "1.4 m",
        "tidetime2": "13:28 h",
        "tideheight2": "0.0 m",
        "tidetime3": "no record",
        "tideheight3": "no record",
        "tidetime4": "no record",
        "tideheight4": "no record",
        "coefficient": "61 average"
    },
    {
        "day": "5 Fri",
        "time": "5:53 h 17:54 h",
        "tidetime1": "5:21 h",
        "tideheight1": "1.4 m",
        "tidetime2": "14:22 h",
        "tideheight2": "0.0 m",
        "tidetime3": "no record",
        "tideheight3": "no record",
        "tidetime4": "no record",
        "tideheight4": "no record",
        "coefficient": "75 high"
    },
    {
        "day": "6 Sat",
        "time": "5:53 h 17:53 h",
        "tidetime1": "6:46 h",
        "tideheight1": "1.4 m",
        "tidetime2": "15:04 h",
        "tideheight2": "0.0 m",
        "tidetime3": "22:09 h",
        "tideheight3": "0.8 m",
        "tidetime4": "no record",
        "tideheight4": "no record",
        "coefficient": "89 high"
    },
    {
        "day": "7 Sun",
        "time": "5:53 h 17:52 h",
        "tidetime1": "0:38 h",
        "tideheight1": "0.5 m",
        "tidetime2": "7:59 h",
        "tideheight2": "1.4 m",
        "tidetime3": "15:38 h",
        "tideheight3": "0.1 m",
        "tidetime4": "22:06 h",
        "tideheight4": "0.9 m",
        "coefficient": "100 very high"
    },
    {
        "day": "8 Mon",
        "time": "5:53 h 17:52 h",
        "tidetime1": "2:13 h",
        "tideheight1": "0.4 m",
        "tidetime2": "9:04 h",
        "tideheight2": "1.3 m",
        "tidetime3": "16:05 h",
        "tideheight3": "0.2 m",
        "tidetime4": "22:17 h",
        "tideheight4": "1.0 m",
        "coefficient": "105 very high"
    },
    {
        "day": "9 Tue",
        "time": "5:53 h 17:51 h",
        "tidetime1": "3:25 h",
        "tideheight1": "0.3 m",
        "tidetime2": "10:03 h",
        "tideheight2": "1.3 m",
        "tidetime3": "16:28 h",
        "tideheight3": "0.2 m",
        "tidetime4": "22:35 h",
        "tideheight4": "1.1 m",
        "coefficient": "106 very high"
    },
    {
        "day": "10 Wed",
        "time": "5:53 h 17:51 h",
        "tidetime1": "4:30 h",
        "tideheight1": "0.2 m",
        "tidetime2": "11:00 h",
        "tideheight2": "1.2 m",
        "tidetime3": "16:48 h",
        "tideheight3": "0.3 m",
        "tidetime4": "22:58 h",
        "tideheight4": "1.2 m",
        "coefficient": "101 very high"
    },
    {
        "day": "11 Thu",
        "time": "5:53 h 17:50 h",
        "tidetime1": "5:29 h",
        "tideheight1": "0.1 m",
        "tidetime2": "11:57 h",
        "tideheight2": "1.0 m",
        "tidetime3": "17:04 h",
        "tideheight3": "0.4 m",
        "tidetime4": "23:23 h",
        "tideheight4": "1.3 m",
        "coefficient": "91 very high"
    },
    {
        "day": "12 Fri",
        "time": "5:53 h 17:50 h",
        "tidetime1": "6:27 h",
        "tideheight1": "0.1 m",
        "tidetime2": "12:56 h",
        "tideheight2": "0.9 m",
        "tidetime3": "17:17 h",
        "tideheight3": "0.4 m",
        "tidetime4": "23:51 h",
        "tideheight4": "1.3 m",
        "coefficient": "79 high"
    },
    {
        "day": "13 Sat",
        "time": "5:53 h 17:49 h",
        "tidetime1": "7:25 h",
        "tideheight1": "0.1 m",
        "tidetime2": "14:06 h",
        "tideheight2": "0.8 m",
        "tidetime3": "17:20 h",
        "tideheight3": "0.5 m",
        "tidetime4": "no record",
        "tideheight4": "no record",
        "coefficient": "66 average"
    },
    {
        "day": "14 Sun",
        "time": "5:53 h 17:49 h",
        "tidetime1": "0:21 h",
        "tideheight1": "1.4 m",
        "tidetime2": "8:25 h",
        "tideheight2": "0.1 m",
        "tidetime3": "no record",
        "tideheight3": "no record",
        "tidetime4": "no record",
        "tideheight4": "no record",
        "coefficient": "52 average"
    },
    {
        "day": "15 Mon",
        "time": "5:53 h 17:48 h",
        "tidetime1": "0:55 h",
        "tideheight1": "1.4 m",
        "tidetime2": "9:30 h",
        "tideheight2": "0.1 m",
        "tidetime3": "no record",
        "tideheight3": "no record",
        "tidetime4": "no record",
        "tideheight4": "no record",
        "coefficient": "40 low"
    },
    {
        "day": "16 Tue",
        "time": "5:53 h 17:48 h",
        "tidetime1": "1:34 h",
        "tideheight1": "1.4 m",
        "tidetime2": "10:41 h",
        "tideheight2": "0.1 m",
        "tidetime3": "no record",
        "tideheight3": "no record",
        "tidetime4": "no record",
        "tideheight4": "no record",
        "coefficient": "33 low"
    },
    {
        "day": "17 Wed",
        "time": "5:53 h 17:47 h",
        "tidetime1": "2:23 h",
        "tideheight1": "1.3 m",
        "tidetime2": "11:54 h",
        "tideheight2": "0.1 m",
        "tidetime3": "no record",
        "tideheight3": "no record",
        "tidetime4": "no record",
        "tideheight4": "no record",
        "coefficient": "33 low"
    },
    {
        "day": "18 Thu",
        "time": "5:53 h 17:47 h",
        "tidetime1": "3:26 h",
        "tideheight1": "1.3 m",
        "tidetime2": "12:59 h",
        "tideheight2": "0.1 m",
        "tidetime3": "no record",
        "tideheight3": "no record",
        "tidetime4": "no record",
        "tideheight4": "no record",
        "coefficient": "40 low"
    },
    {
        "day": "19 Fri",
        "time": "5:54 h 17:47 h",
        "tidetime1": "4:50 h",
        "tideheight1": "1.2 m",
        "tidetime2": "13:49 h",
        "tideheight2": "0.1 m",
        "tidetime3": "no record",
        "tideheight3": "no record",
        "tidetime4": "no record",
        "tideheight4": "no record",
        "coefficient": "50 average"
    },
    {
        "day": "20 Sat",
        "time": "5:54 h 17:46 h",
        "tidetime1": "6:14 h",
        "tideheight1": "1.2 m",
        "tidetime2": "14:27 h",
        "tideheight2": "0.1 m",
        "tidetime3": "21:38 h",
        "tideheight3": "0.9 m",
        "tidetime4": "no record",
        "tideheight4": "no record",
        "coefficient": "62 average"
    },
    {
        "day": "21 Sun",
        "time": "5:54 h 17:46 h",
        "tidetime1": "0:45 h",
        "tideheight1": "0.5 m",
        "tidetime2": "7:26 h",
        "tideheight2": "1.2 m",
        "tidetime3": "14:57 h",
        "tideheight3": "0.2 m",
        "tidetime4": "21:32 h",
        "tideheight4": "0.9 m",
        "coefficient": "73 high"
    },
    {
        "day": "22 Mon",
        "time": "5:54 h 17:45 h",
        "tidetime1": "2:01 h",
        "tideheight1": "0.5 m",
        "tidetime2": "8:26 h",
        "tideheight2": "1.2 m",
        "tidetime3": "15:21 h",
        "tideheight3": "0.2 m",
        "tidetime4": "21:40 h",
        "tideheight4": "1.0 m",
        "coefficient": "83 high"
    },
    {
        "day": "23 Tue",
        "time": "5:54 h 17:45 h",
        "tidetime1": "3:00 h",
        "tideheight1": "0.4 m",
        "tidetime2": "9:20 h",
        "tideheight2": "1.1 m",
        "tidetime3": "15:41 h",
        "tideheight3": "0.3 m",
        "tidetime4": "21:54 h",
        "tideheight4": "1.0 m",
        "coefficient": "91 very high"
    },
    {
        "day": "24 Wed",
        "time": "5:54 h 17:45 h",
        "tidetime1": "3:51 h",
        "tideheight1": "0.3 m",
        "tidetime2": "10:11 h",
        "tideheight2": "1.1 m",
        "tidetime3": "15:58 h",
        "tideheight3": "0.3 m",
        "tidetime4": "22:12 h",
        "tideheight4": "1.1 m",
        "coefficient": "95 very high"
    },
    {
        "day": "25 Thu",
        "time": "5:54 h 17:44 h",
        "tidetime1": "4:40 h",
        "tideheight1": "0.2 m",
        "tidetime2": "11:03 h",
        "tideheight2": "1.0 m",
        "tidetime3": "16:13 h",
        "tideheight3": "0.4 m",
        "tidetime4": "22:33 h",
        "tideheight4": "1.2 m",
        "coefficient": "97 very high"
    },
    {
        "day": "26 Fri",
        "time": "5:54 h 17:44 h",
        "tidetime1": "5:30 h",
        "tideheight1": "0.1 m",
        "tidetime2": "11:59 h",
        "tideheight2": "0.9 m",
        "tidetime3": "16:25 h",
        "tideheight3": "0.4 m",
        "tidetime4": "22:56 h",
        "tideheight4": "1.3 m",
        "coefficient": "94 very high"
    },
    {
        "day": "27 Sat",
        "time": "5:54 h 17:44 h",
        "tidetime1": "6:21 h",
        "tideheight1": "0.0 m",
        "tidetime2": "13:03 h",
        "tideheight2": "0.9 m",
        "tidetime3": "16:31 h",
        "tideheight3": "0.5 m",
        "tidetime4": "23:23 h",
        "tideheight4": "1.4 m",
        "coefficient": "87 high"
    },
    {
        "day": "28 Sun",
        "time": "5:54 h 17:43 h",
        "tidetime1": "7:16 h",
        "tideheight1": "0.0 m",
        "tidetime2": "14:30 h",
        "tideheight2": "0.8 m",
        "tidetime3": "16:21 h",
        "tideheight3": "0.5 m",
        "tidetime4": "23:55 h",
        "tideheight4": "1.4 m",
        "coefficient": "76 high"
    },
    {
        "day": "29 Mon",
        "time": "5:55 h 17:43 h",
        "tidetime1": "8:16 h",
        "tideheight1": "-0.1 m",
        "tidetime2": "no record",
        "tideheight2": "no record",
        "tidetime3": "no record",
        "tideheight3": "no record",
        "tidetime4": "no record",
        "tideheight4": "no record",
        "coefficient": "65 average"
    },
    {
        "day": "30 Tue",
        "time": "5:55 h 17:43 h",
        "tidetime1": "0:32 h",
        "tideheight1": "1.5 m",
        "tidetime2": "9:24 h",
        "tideheight2": "-0.1 m",
        "tidetime3": "no record",
        "tideheight3": "no record",
        "tidetime4": "no record",
        "tideheight4": "no record",
        "coefficient": "54 average"
    },
    {
        "day": "31 Wed",
        "time": "5:55 h 17:42 h",
        "tidetime1": "1:18 h",
        "tideheight1": "1.5 m",
        "tidetime2": "10:36 h",
        "tideheight2": "-0.1 m",
        "tidetime3": "no record",
        "tideheight3": "no record",
        "tidetime4": "no record",
        "tideheight4": "no record",
        "coefficient": "49 low"
    }
]