[
    {
        "day": "1 Sun",
        "time": "6:19 h 18:16 h",
        "tidetime1": "2:19 h",
        "tideheight1": "0.8 m",
        "tidetime2": "7:46 h",
        "tideheight2": "0.2 m",
        "tidetime3": "14:13 h",
        "tideheight3": "0.9 m",
        "tidetime4": "21:27 h",
        "tideheight4": "0.1 m",
        "coefficient": "48 low"
    },
    {
        "day": "2 Mon",
        "time": "6:19 h 18:16 h",
        "tidetime1": "3:33 h",
        "tideheight1": "0.7 m",
        "tidetime2": "7:33 h",
        "tideheight2": "0.3 m",
        "tidetime3": "14:47 h",
        "tideheight3": "1.0 m",
        "tidetime4": "23:07 h",
        "tideheight4": "0.1 m",
        "coefficient": "40 low"
    },
    {
        "day": "3 Tue",
        "time": "6:18 h 18:16 h",
        "tidetime1": "15:33 h",
        "tideheight1": "1.1 m",
        "tidetime2": "no record",
        "tideheight2": "no record",
        "tidetime3": "no record",
        "tideheight3": "no record",
        "tidetime4": "no record",
        "tideheight4": "no record",
        "coefficient": "36 low"
    },
    {
        "day": "4 Wed",
        "time": "6:18 h 18:16 h",
        "tidetime1": "0:57 h",
        "tideheight1": "0.0 m",
        "tidetime2": "16:34 h",
        "tideheight2": "1.1 m",
        "tidetime3": "no record",
        "tideheight3": "no record",
        "tidetime4": "no record",
        "tideheight4": "no record",
        "coefficient": "41 low"
    },
    {
        "day": "5 Thu",
        "time": "6:17 h 18:16 h",
        "tidetime1": "2:19 h",
        "tideheight1": "-0.1 m",
        "tidetime2": "17:46 h",
        "tideheight2": "1.2 m",
        "tidetime3": "no record",
        "tideheight3": "no record",
        "tidetime4": "no record",
        "tideheight4": "no record",
        "coefficient": "53 average"
    },
    {
        "day": "6 Fri",
        "time": "6:17 h 18:16 h",
        "tidetime1": "3:16 h",
        "tideheight1": "-0.2 m",
        "tidetime2": "18:58 h",
        "tideheight2": "1.3 m",
        "tidetime3": "no record",
        "tideheight3": "no record",
        "tidetime4": "no record",
        "tideheight4": "no record",
        "coefficient": "69 average"
    },
    {
        "day": "7 Sat",
        "time": "6:16 h 18:16 h",
        "tidetime1": "4:02 h",
        "tideheight1": "-0.2 m",
        "tidetime2": "20:02 h",
        "tideheight2": "1.3 m",
        "tidetime3": "no record",
        "tideheight3": "no record",
        "tidetime4": "no record",
        "tideheight4": "no record",
        "coefficient": "85 high"
    },
    {
        "day": "8 Sun",
        "time": "6:16 h 18:16 h",
        "tidetime1": "4:41 h",
        "tideheight1": "-0.3 m",
        "tidetime2": "21:00 h",
        "tideheight2": "1.4 m",
        "tidetime3": "no record",
        "tideheight3": "no record",
        "tidetime4": "no record",
        "tideheight4": "no record",
        "coefficient": "100 very high"
    },
    {
        "day": "9 Mon",
        "time": "6:15 h 18:16 h",
        "tidetime1": "5:15 h",
        "tideheight1": "-0.3 m",
        "tidetime2": "11:56 h",
        "tideheight2": "0.6 m",
        "tidetime3": "14:08 h",
        "tideheight3": "0.2 m",
        "tidetime4": "21:55 h",
        "tideheight4": "1.4 m",
        "coefficient": "110 very high"
    },
    {
        "day": "10 Tue",
        "time": "6:15 h 18:16 h",
        "tidetime1": "5:44 h",
        "tideheight1": "-0.2 m",
        "tidetime2": "11:54 h",
        "tideheight2": "0.6 m",
        "tidetime3": "15:31 h",
        "tideheight3": "0.2 m",
        "tidetime4": "22:48 h",
        "tideheight4": "1.3 m",
        "coefficient": "115 very high"
    },
    {
        "day": "11 Wed",
        "time": "6:14 h 18:16 h",
        "tidetime1": "6:09 h",
        "tideheight1": "-0.1 m",
        "tidetime2": "12:05 h",
        "tideheight2": "0.7 m",
        "tidetime3": "16:45 h",
        "tideheight3": "0.1 m",
        "tidetime4": "23:41 h",
        "tideheight4": "1.2 m",
        "coefficient": "112 very high"
    },
    {
        "day": "12 Thu",
        "time": "6:14 h 18:16 h",
        "tidetime1": "6:29 h",
        "tideheight1": "0.0 m",
        "tidetime2": "12:23 h",
        "tideheight2": "0.8 m",
        "tidetime3": "17:57 h",
        "tideheight3": "0.0 m",
        "tidetime4": "no record",
        "tideheight4": "no record",
        "coefficient": "103 very high"
    },
    {
        "day": "13 Fri",
        "time": "6:13 h 18:16 h",
        "tidetime1": "0:36 h",
        "tideheight1": "1.0 m",
        "tidetime2": "6:43 h",
        "tideheight2": "0.1 m",
        "tidetime3": "12:47 h",
        "tideheight3": "1.0 m",
        "tidetime4": "19:12 h",
        "tideheight4": "0.0 m",
        "coefficient": "88 high"
    },
    {
        "day": "14 Sat",
        "time": "6:13 h 18:16 h",
        "tidetime1": "1:37 h",
        "tideheight1": "0.9 m",
        "tidetime2": "6:52 h",
        "tideheight2": "0.2 m",
        "tidetime3": "13:18 h",
        "tideheight3": "1.1 m",
        "tidetime4": "20:32 h",
        "tideheight4": "0.0 m",
        "coefficient": "71 high"
    },
    {
        "day": "15 Sun",
        "time": "6:12 h 18:16 h",
        "tidetime1": "2:54 h",
        "tideheight1": "0.7 m",
        "tidetime2": "6:50 h",
        "tideheight2": "0.3 m",
        "tidetime3": "13:55 h",
        "tideheight3": "1.2 m",
        "tidetime4": "22:03 h",
        "tideheight4": "-0.1 m",
        "coefficient": "54 average"
    },
    {
        "day": "16 Mon",
        "time": "6:12 h 18:16 h",
        "tidetime1": "14:41 h",
        "tideheight1": "1.2 m",
        "tidetime2": "23:47 h",
        "tideheight2": "-0.1 m",
        "tidetime3": "no record",
        "tideheight3": "no record",
        "tidetime4": "no record",
        "tideheight4": "no record",
        "coefficient": "41 low"
    },
    {
        "day": "17 Tue",
        "time": "6:11 h 18:16 h",
        "tidetime1": "15:38 h",
        "tideheight1": "1.3 m",
        "tidetime2": "no record",
        "tideheight2": "no record",
        "tidetime3": "no record",
        "tideheight3": "no record",
        "tidetime4": "no record",
        "tideheight4": "no record",
        "coefficient": "38 low"
    },
    {
        "day": "18 Wed",
        "time": "6:10 h 18:16 h",
        "tidetime1": "1:27 h",
        "tideheight1": "-0.1 m",
        "tidetime2": "16:50 h",
        "tideheight2": "1.2 m",
        "tidetime3": "no record",
        "tideheight3": "no record",
        "tidetime4": "no record",
        "tideheight4": "no record",
        "coefficient": "43 low"
    },
    {
        "day": "19 Thu",
        "time": "6:10 h 18:16 h",
        "tidetime1": "2:38 h",
        "tideheight1": "-0.1 m",
        "tidetime2": "18:11 h",
        "tideheight2": "1.2 m",
        "tidetime3": "no record",
        "tideheight3": "no record",
        "tidetime4": "no record",
        "tideheight4": "no record",
        "coefficient": "53 average"
    },
    {
        "day": "20 Fri",
        "time": "6:09 h 18:16 h",
        "tidetime1": "3:28 h",
        "tideheight1": "-0.1 m",
        "tidetime2": "19:25 h",
        "tideheight2": "1.2 m",
        "tidetime3": "no record",
        "tideheight3": "no record",
        "tidetime4": "no record",
        "tideheight4": "no record",
        "coefficient": "63 average"
    },
    {
        "day": "21 Sat",
        "time": "6:09 h 18:16 h",
        "tidetime1": "4:05 h",
        "tideheight1": "-0.1 m",
        "tidetime2": "20:27 h",
        "tideheight2": "1.2 m",
        "tidetime3": "no record",
        "tideheight3": "no record",
        "tidetime4": "no record",
        "tideheight4": "no record",
        "coefficient": "72 high"
    },
    {
        "day": "22 Sun",
        "time": "6:08 h 18:16 h",
        "tidetime1": "4:35 h",
        "tideheight1": "-0.1 m",
        "tidetime2": "11:09 h",
        "tideheight2": "0.6 m",
        "tidetime3": "13:48 h",
        "tideheight3": "0.3 m",
        "tidetime4": "21:18 h",
        "tideheight4": "1.2 m",
        "coefficient": "79 high"
    },
    {
        "day": "23 Mon",
        "time": "6:08 h 18:16 h",
        "tidetime1": "4:59 h",
        "tideheight1": "0.0 m",
        "tidetime2": "11:05 h",
        "tideheight2": "0.7 m",
        "tidetime3": "14:59 h",
        "tideheight3": "0.2 m",
        "tidetime4": "22:04 h",
        "tideheight4": "1.2 m",
        "coefficient": "84 high"
    },
    {
        "day": "24 Tue",
        "time": "6:07 h 18:16 h",
        "tidetime1": "5:19 h",
        "tideheight1": "0.0 m",
        "tidetime2": "11:12 h",
        "tideheight2": "0.7 m",
        "tidetime3": "15:56 h",
        "tideheight3": "0.2 m",
        "tidetime4": "22:46 h",
        "tideheight4": "1.1 m",
        "coefficient": "87 high"
    },
    {
        "day": "25 Wed",
        "time": "6:07 h 18:16 h",
        "tidetime1": "5:37 h",
        "tideheight1": "0.1 m",
        "tidetime2": "11:24 h",
        "tideheight2": "0.8 m",
        "tidetime3": "16:47 h",
        "tideheight3": "0.1 m",
        "tidetime4": "23:27 h",
        "tideheight4": "1.1 m",
        "coefficient": "86 high"
    },
    {
        "day": "26 Thu",
        "time": "6:06 h 18:16 h",
        "tidetime1": "5:53 h",
        "tideheight1": "0.1 m",
        "tidetime2": "11:40 h",
        "tideheight2": "0.9 m",
        "tidetime3": "17:37 h",
        "tideheight3": "0.1 m",
        "tidetime4": "no record",
        "tideheight4": "no record",
        "coefficient": "83 high"
    },
    {
        "day": "27 Fri",
        "time": "6:05 h 18:16 h",
        "tidetime1": "0:10 h",
        "tideheight1": "1.0 m",
        "tidetime2": "6:05 h",
        "tideheight2": "0.2 m",
        "tidetime3": "11:57 h",
        "tideheight3": "0.9 m",
        "tidetime4": "18:26 h",
        "tideheight4": "0.1 m",
        "coefficient": "78 high"
    },
    {
        "day": "28 Sat",
        "time": "6:05 h 18:16 h",
        "tidetime1": "0:56 h",
        "tideheight1": "0.9 m",
        "tidetime2": "6:12 h",
        "tideheight2": "0.3 m",
        "tidetime3": "12:17 h",
        "tideheight3": "1.0 m",
        "tidetime4": "19:18 h",
        "tideheight4": "0.0 m",
        "coefficient": "70 high"
    },
    {
        "day": "29 Sun",
        "time": "6:04 h 18:16 h",
        "tidetime1": "1:51 h",
        "tideheight1": "0.8 m",
        "tidetime2": "6:12 h",
        "tideheight2": "0.3 m",
        "tidetime3": "12:39 h",
        "tideheight3": "1.1 m",
        "tidetime4": "20:16 h",
        "tideheight4": "0.0 m",
        "coefficient": "61 average"
    },
    {
        "day": "30 Mon",
        "time": "6:04 h 18:16 h",
        "tidetime1": "3:07 h",
        "tideheight1": "0.7 m",
        "tidetime2": "5:55 h",
        "tideheight2": "0.4 m",
        "tidetime3": "13:06 h",
        "tideheight3": "1.1 m",
        "tidetime4": "21:24 h",
        "tideheight4": "0.0 m",
        "coefficient": "50 average"
    },
    {
        "day": "31 Tue",
        "time": "6:03 h 18:16 h",
        "tidetime1": "13:41 h",
        "tideheight1": "1.2 m",
        "tidetime2": "22:46 h",
        "tideheight2": "0.0 m",
        "tidetime3": "no record",
        "tideheight3": "no record",
        "tidetime4": "no record",
        "tideheight4": "no record",
        "coefficient": "41 low"
    }
]