[
    {
        "day": "1 Fri",
        "time": "6:27 h 18:10 h",
        "tidetime1": "3:58 h",
        "tideheight1": "-0.1 m",
        "tidetime2": "19:46 h",
        "tideheight2": "1.3 m",
        "tidetime3": "no record",
        "tideheight3": "no record",
        "tidetime4": "no record",
        "tideheight4": "no record",
        "coefficient": "62 average"
    },
    {
        "day": "2 Sat",
        "time": "6:27 h 18:11 h",
        "tidetime1": "4:38 h",
        "tideheight1": "-0.2 m",
        "tidetime2": "20:32 h",
        "tideheight2": "1.3 m",
        "tidetime3": "no record",
        "tideheight3": "no record",
        "tidetime4": "no record",
        "tideheight4": "no record",
        "coefficient": "68 average"
    },
    {
        "day": "3 Sun",
        "time": "6:27 h 18:11 h",
        "tidetime1": "5:13 h",
        "tideheight1": "-0.2 m",
        "tidetime2": "21:15 h",
        "tideheight2": "1.3 m",
        "tidetime3": "no record",
        "tideheight3": "no record",
        "tidetime4": "no record",
        "tideheight4": "no record",
        "coefficient": "74 high"
    },
    {
        "day": "4 Mon",
        "time": "6:27 h 18:11 h",
        "tidetime1": "5:45 h",
        "tideheight1": "-0.2 m",
        "tidetime2": "21:56 h",
        "tideheight2": "1.3 m",
        "tidetime3": "no record",
        "tideheight3": "no record",
        "tidetime4": "no record",
        "tideheight4": "no record",
        "coefficient": "78 high"
    },
    {
        "day": "5 Tue",
        "time": "6:27 h 18:12 h",
        "tidetime1": "6:16 h",
        "tideheight1": "-0.2 m",
        "tidetime2": "13:29 h",
        "tideheight2": "0.5 m",
        "tidetime3": "13:55 h",
        "tideheight3": "0.2 m",
        "tidetime4": "22:35 h",
        "tideheight4": "1.3 m",
        "coefficient": "80 high"
    },
    {
        "day": "6 Wed",
        "time": "6:27 h 18:12 h",
        "tidetime1": "6:46 h",
        "tideheight1": "-0.2 m",
        "tidetime2": "13:21 h",
        "tideheight2": "0.5 m",
        "tidetime3": "15:10 h",
        "tideheight3": "0.2 m",
        "tidetime4": "23:12 h",
        "tideheight4": "1.3 m",
        "coefficient": "80 high"
    },
    {
        "day": "7 Thu",
        "time": "6:27 h 18:12 h",
        "tidetime1": "7:15 h",
        "tideheight1": "-0.1 m",
        "tidetime2": "13:34 h",
        "tideheight2": "0.5 m",
        "tidetime3": "16:05 h",
        "tideheight3": "0.2 m",
        "tidetime4": "23:47 h",
        "tideheight4": "1.3 m",
        "coefficient": "79 high"
    },
    {
        "day": "8 Fri",
        "time": "6:26 h 18:12 h",
        "tidetime1": "7:41 h",
        "tideheight1": "-0.1 m",
        "tidetime2": "13:52 h",
        "tideheight2": "0.6 m",
        "tidetime3": "16:58 h",
        "tideheight3": "0.2 m",
        "tidetime4": "no record",
        "tideheight4": "no record",
        "coefficient": "75 high"
    },
    {
        "day": "9 Sat",
        "time": "6:26 h 18:13 h",
        "tidetime1": "0:22 h",
        "tideheight1": "1.2 m",
        "tidetime2": "8:04 h",
        "tideheight2": "0.0 m",
        "tidetime3": "14:12 h",
        "tideheight3": "0.6 m",
        "tidetime4": "17:56 h",
        "tideheight4": "0.2 m",
        "coefficient": "69 average"
    },
    {
        "day": "10 Sun",
        "time": "6:26 h 18:13 h",
        "tidetime1": "0:59 h",
        "tideheight1": "1.1 m",
        "tidetime2": "8:23 h",
        "tideheight2": "0.0 m",
        "tidetime3": "14:35 h",
        "tideheight3": "0.7 m",
        "tidetime4": "19:02 h",
        "tideheight4": "0.2 m",
        "coefficient": "63 average"
    },
    {
        "day": "11 Mon",
        "time": "6:26 h 18:13 h",
        "tidetime1": "1:38 h",
        "tideheight1": "1.0 m",
        "tidetime2": "8:38 h",
        "tideheight2": "0.1 m",
        "tidetime3": "14:59 h",
        "tideheight3": "0.8 m",
        "tidetime4": "20:24 h",
        "tideheight4": "0.2 m",
        "coefficient": "55 average"
    },
    {
        "day": "12 Tue",
        "time": "6:26 h 18:13 h",
        "tidetime1": "2:26 h",
        "tideheight1": "0.8 m",
        "tidetime2": "8:47 h",
        "tideheight2": "0.2 m",
        "tidetime3": "15:28 h",
        "tideheight3": "0.9 m",
        "tidetime4": "22:08 h",
        "tideheight4": "0.2 m",
        "coefficient": "48 low"
    },
    {
        "day": "13 Wed",
        "time": "6:25 h 18:14 h",
        "tidetime1": "3:40 h",
        "tideheight1": "0.7 m",
        "tidetime2": "8:47 h",
        "tideheight2": "0.2 m",
        "tidetime3": "16:06 h",
        "tideheight3": "1.0 m",
        "tidetime4": "no record",
        "tideheight4": "no record",
        "coefficient": "45 low"
    },
    {
        "day": "14 Thu",
        "time": "6:25 h 18:14 h",
        "tidetime1": "0:12 h",
        "tideheight1": "0.1 m",
        "tidetime2": "6:59 h",
        "tideheight2": "0.6 m",
        "tidetime3": "8:00 h",
        "tideheight3": "0.3 m",
        "tidetime4": "16:54 h",
        "tideheight4": "1.1 m",
        "coefficient": "48 low"
    },
    {
        "day": "15 Fri",
        "time": "6:25 h 18:14 h",
        "tidetime1": "1:57 h",
        "tideheight1": "0.0 m",
        "tidetime2": "17:51 h",
        "tideheight2": "1.2 m",
        "tidetime3": "no record",
        "tideheight3": "no record",
        "tidetime4": "no record",
        "tideheight4": "no record",
        "coefficient": "57 average"
    },
    {
        "day": "16 Sat",
        "time": "6:24 h 18:14 h",
        "tidetime1": "3:04 h",
        "tideheight1": "-0.1 m",
        "tidetime2": "18:52 h",
        "tideheight2": "1.3 m",
        "tidetime3": "no record",
        "tideheight3": "no record",
        "tidetime4": "no record",
        "tideheight4": "no record",
        "coefficient": "71 high"
    },
    {
        "day": "17 Sun",
        "time": "6:24 h 18:14 h",
        "tidetime1": "3:56 h",
        "tideheight1": "-0.3 m",
        "tidetime2": "19:52 h",
        "tideheight2": "1.4 m",
        "tidetime3": "no record",
        "tideheight3": "no record",
        "tidetime4": "no record",
        "tideheight4": "no record",
        "coefficient": "86 high"
    },
    {
        "day": "18 Mon",
        "time": "6:24 h 18:15 h",
        "tidetime1": "4:42 h",
        "tideheight1": "-0.3 m",
        "tidetime2": "20:49 h",
        "tideheight2": "1.5 m",
        "tidetime3": "no record",
        "tideheight3": "no record",
        "tidetime4": "no record",
        "tideheight4": "no record",
        "coefficient": "99 very high"
    },
    {
        "day": "19 Tue",
        "time": "6:24 h 18:15 h",
        "tidetime1": "5:23 h",
        "tideheight1": "-0.3 m",
        "tidetime2": "21:44 h",
        "tideheight2": "1.5 m",
        "tidetime3": "no record",
        "tideheight3": "no record",
        "tidetime4": "no record",
        "tideheight4": "no record",
        "coefficient": "108 very high"
    },
    {
        "day": "20 Wed",
        "time": "6:23 h 18:15 h",
        "tidetime1": "6:00 h",
        "tideheight1": "-0.3 m",
        "tidetime2": "12:42 h",
        "tideheight2": "0.5 m",
        "tidetime3": "14:41 h",
        "tideheight3": "0.2 m",
        "tidetime4": "22:37 h",
        "tideheight4": "1.5 m",
        "coefficient": "112 very high"
    },
    {
        "day": "21 Thu",
        "time": "6:23 h 18:15 h",
        "tidetime1": "6:33 h",
        "tideheight1": "-0.3 m",
        "tidetime2": "12:48 h",
        "tideheight2": "0.6 m",
        "tidetime3": "16:03 h",
        "tideheight3": "0.2 m",
        "tidetime4": "23:27 h",
        "tideheight4": "1.4 m",
        "coefficient": "109 very high"
    },
    {
        "day": "22 Fri",
        "time": "6:22 h 18:15 h",
        "tidetime1": "7:01 h",
        "tideheight1": "-0.2 m",
        "tidetime2": "13:05 h",
        "tideheight2": "0.6 m",
        "tidetime3": "17:17 h",
        "tideheight3": "0.1 m",
        "tidetime4": "no record",
        "tideheight4": "no record",
        "coefficient": "100 very high"
    },
    {
        "day": "23 Sat",
        "time": "6:22 h 18:15 h",
        "tidetime1": "0:18 h",
        "tideheight1": "1.2 m",
        "tidetime2": "7:25 h",
        "tideheight2": "0.0 m",
        "tidetime3": "13:28 h",
        "tideheight3": "0.7 m",
        "tidetime4": "18:33 h",
        "tideheight4": "0.1 m",
        "coefficient": "87 high"
    },
    {
        "day": "24 Sun",
        "time": "6:22 h 18:15 h",
        "tidetime1": "1:09 h",
        "tideheight1": "1.0 m",
        "tidetime2": "7:44 h",
        "tideheight2": "0.1 m",
        "tidetime3": "13:56 h",
        "tideheight3": "0.9 m",
        "tidetime4": "19:53 h",
        "tideheight4": "0.1 m",
        "coefficient": "71 high"
    },
    {
        "day": "25 Mon",
        "time": "6:21 h 18:15 h",
        "tidetime1": "2:04 h",
        "tideheight1": "0.8 m",
        "tidetime2": "7:57 h",
        "tideheight2": "0.1 m",
        "tidetime3": "14:31 h",
        "tideheight3": "1.0 m",
        "tidetime4": "21:24 h",
        "tideheight4": "0.1 m",
        "coefficient": "56 average"
    },
    {
        "day": "26 Tue",
        "time": "6:21 h 18:16 h",
        "tidetime1": "3:14 h",
        "tideheight1": "0.7 m",
        "tidetime2": "8:01 h",
        "tideheight2": "0.2 m",
        "tidetime3": "15:12 h",
        "tideheight3": "1.1 m",
        "tidetime4": "23:12 h",
        "tideheight4": "0.1 m",
        "coefficient": "43 low"
    },
    {
        "day": "27 Wed",
        "time": "6:20 h 18:16 h",
        "tidetime1": "5:34 h",
        "tideheight1": "0.5 m",
        "tidetime2": "7:32 h",
        "tideheight2": "0.2 m",
        "tidetime3": "16:03 h",
        "tideheight3": "1.1 m",
        "tidetime4": "no record",
        "tideheight4": "no record",
        "coefficient": "37 low"
    },
    {
        "day": "28 Thu",
        "time": "6:20 h 18:16 h",
        "tidetime1": "1:08 h",
        "tideheight1": "0.0 m",
        "tidetime2": "17:03 h",
        "tideheight2": "1.2 m",
        "tidetime3": "no record",
        "tideheight3": "no record",
        "tidetime4": "no record",
        "tideheight4": "no record",
        "coefficient": "39 low"
    }
]