[
    {
        "day": "1 Fri",
        "time": "6:21 h 17:56 h",
        "tidetime1": "7:20 h",
        "tideheight1": "-0.3 m",
        "tidetime2": "23:11 h",
        "tideheight2": "1.5 m",
        "tidetime3": "no record",
        "tideheight3": "no record",
        "tidetime4": "no record",
        "tideheight4": "no record",
        "coefficient": "78 high"
    },
    {
        "day": "2 Sat",
        "time": "6:22 h 17:57 h",
        "tidetime1": "8:03 h",
        "tideheight1": "-0.3 m",
        "tidetime2": "23:49 h",
        "tideheight2": "1.5 m",
        "tidetime3": "no record",
        "tideheight3": "no record",
        "tidetime4": "no record",
        "tideheight4": "no record",
        "coefficient": "75 high"
    },
    {
        "day": "3 Sun",
        "time": "6:22 h 17:57 h",
        "tidetime1": "8:44 h",
        "tideheight1": "-0.3 m",
        "tidetime2": "no record",
        "tideheight2": "no record",
        "tidetime3": "no record",
        "tideheight3": "no record",
        "tidetime4": "no record",
        "tideheight4": "no record",
        "coefficient": "70 high"
    },
    {
        "day": "4 Mon",
        "time": "6:23 h 17:58 h",
        "tidetime1": "0:29 h",
        "tideheight1": "1.4 m",
        "tidetime2": "9:20 h",
        "tideheight2": "-0.2 m",
        "tidetime3": "no record",
        "tideheight3": "no record",
        "tidetime4": "no record",
        "tideheight4": "no record",
        "coefficient": "66 average"
    },
    {
        "day": "5 Tue",
        "time": "6:23 h 17:58 h",
        "tidetime1": "1:11 h",
        "tideheight1": "1.3 m",
        "tidetime2": "9:52 h",
        "tideheight2": "-0.1 m",
        "tidetime3": "no record",
        "tideheight3": "no record",
        "tidetime4": "no record",
        "tideheight4": "no record",
        "coefficient": "62 average"
    },
    {
        "day": "6 Wed",
        "time": "6:23 h 17:59 h",
        "tidetime1": "1:58 h",
        "tideheight1": "1.2 m",
        "tidetime2": "10:16 h",
        "tideheight2": "0.0 m",
        "tidetime3": "17:58 h",
        "tideheight3": "0.7 m",
        "tidetime4": "20:47 h",
        "tideheight4": "0.4 m",
        "coefficient": "60 average"
    },
    {
        "day": "7 Thu",
        "time": "6:24 h 17:59 h",
        "tidetime1": "2:57 h",
        "tideheight1": "0.9 m",
        "tidetime2": "10:34 h",
        "tideheight2": "0.1 m",
        "tidetime3": "17:56 h",
        "tideheight3": "0.9 m",
        "tidetime4": "23:39 h",
        "tideheight4": "0.3 m",
        "coefficient": "60 average"
    },
    {
        "day": "8 Fri",
        "time": "6:24 h 18:00 h",
        "tidetime1": "4:32 h",
        "tideheight1": "0.7 m",
        "tidetime2": "10:44 h",
        "tideheight2": "0.2 m",
        "tidetime3": "18:15 h",
        "tideheight3": "1.0 m",
        "tidetime4": "no record",
        "tideheight4": "no record",
        "coefficient": "64 average"
    },
    {
        "day": "9 Sat",
        "time": "6:24 h 18:00 h",
        "tidetime1": "1:56 h",
        "tideheight1": "0.1 m",
        "tidetime2": "7:25 h",
        "tideheight2": "0.6 m",
        "tidetime3": "10:42 h",
        "tideheight3": "0.2 m",
        "tidetime4": "18:46 h",
        "tideheight4": "1.2 m",
        "coefficient": "70 high"
    },
    {
        "day": "10 Sun",
        "time": "6:25 h 18:01 h",
        "tidetime1": "3:18 h",
        "tideheight1": "-0.1 m",
        "tidetime2": "19:25 h",
        "tideheight2": "1.4 m",
        "tidetime3": "no record",
        "tideheight3": "no record",
        "tidetime4": "no record",
        "tideheight4": "no record",
        "coefficient": "77 high"
    },
    {
        "day": "11 Mon",
        "time": "6:25 h 18:01 h",
        "tidetime1": "4:16 h",
        "tideheight1": "-0.2 m",
        "tidetime2": "20:10 h",
        "tideheight2": "1.5 m",
        "tidetime3": "no record",
        "tideheight3": "no record",
        "tidetime4": "no record",
        "tideheight4": "no record",
        "coefficient": "83 high"
    },
    {
        "day": "12 Tue",
        "time": "6:25 h 18:02 h",
        "tidetime1": "5:06 h",
        "tideheight1": "-0.4 m",
        "tidetime2": "20:57 h",
        "tideheight2": "1.6 m",
        "tidetime3": "no record",
        "tideheight3": "no record",
        "tidetime4": "no record",
        "tideheight4": "no record",
        "coefficient": "87 high"
    },
    {
        "day": "13 Wed",
        "time": "6:25 h 18:02 h",
        "tidetime1": "5:53 h",
        "tideheight1": "-0.4 m",
        "tidetime2": "21:45 h",
        "tideheight2": "1.6 m",
        "tidetime3": "no record",
        "tideheight3": "no record",
        "tidetime4": "no record",
        "tideheight4": "no record",
        "coefficient": "89 high"
    },
    {
        "day": "14 Thu",
        "time": "6:26 h 18:03 h",
        "tidetime1": "6:37 h",
        "tideheight1": "-0.4 m",
        "tidetime2": "22:32 h",
        "tideheight2": "1.6 m",
        "tidetime3": "no record",
        "tideheight3": "no record",
        "tidetime4": "no record",
        "tideheight4": "no record",
        "coefficient": "87 high"
    },
    {
        "day": "15 Fri",
        "time": "6:26 h 18:03 h",
        "tidetime1": "7:18 h",
        "tideheight1": "-0.4 m",
        "tidetime2": "23:17 h",
        "tideheight2": "1.5 m",
        "tidetime3": "no record",
        "tideheight3": "no record",
        "tidetime4": "no record",
        "tideheight4": "no record",
        "coefficient": "83 high"
    },
    {
        "day": "16 Sat",
        "time": "6:26 h 18:04 h",
        "tidetime1": "7:56 h",
        "tideheight1": "-0.3 m",
        "tidetime2": "no record",
        "tideheight2": "no record",
        "tidetime3": "no record",
        "tideheight3": "no record",
        "tidetime4": "no record",
        "tideheight4": "no record",
        "coefficient": "76 high"
    },
    {
        "day": "17 Sun",
        "time": "6:26 h 18:04 h",
        "tidetime1": "0:01 h",
        "tideheight1": "1.4 m",
        "tidetime2": "8:31 h",
        "tideheight2": "-0.2 m",
        "tidetime3": "no record",
        "tideheight3": "no record",
        "tidetime4": "no record",
        "tideheight4": "no record",
        "coefficient": "68 average"
    },
    {
        "day": "18 Mon",
        "time": "6:26 h 18:05 h",
        "tidetime1": "0:42 h",
        "tideheight1": "1.3 m",
        "tidetime2": "9:01 h",
        "tideheight2": "-0.1 m",
        "tidetime3": "no record",
        "tideheight3": "no record",
        "tidetime4": "no record",
        "tideheight4": "no record",
        "coefficient": "60 average"
    },
    {
        "day": "19 Tue",
        "time": "6:27 h 18:05 h",
        "tidetime1": "1:22 h",
        "tideheight1": "1.2 m",
        "tidetime2": "9:26 h",
        "tideheight2": "0.0 m",
        "tidetime3": "16:27 h",
        "tideheight3": "0.7 m",
        "tidetime4": "19:10 h",
        "tideheight4": "0.3 m",
        "coefficient": "51 average"
    },
    {
        "day": "20 Wed",
        "time": "6:27 h 18:06 h",
        "tidetime1": "2:03 h",
        "tideheight1": "1.0 m",
        "tidetime2": "9:45 h",
        "tideheight2": "0.1 m",
        "tidetime3": "16:41 h",
        "tideheight3": "0.7 m",
        "tidetime4": "21:13 h",
        "tideheight4": "0.3 m",
        "coefficient": "44 low"
    },
    {
        "day": "21 Thu",
        "time": "6:27 h 18:06 h",
        "tidetime1": "2:52 h",
        "tideheight1": "0.8 m",
        "tidetime2": "9:57 h",
        "tideheight2": "0.1 m",
        "tidetime3": "17:04 h",
        "tideheight3": "0.8 m",
        "tidetime4": "23:32 h",
        "tideheight4": "0.3 m",
        "coefficient": "39 low"
    },
    {
        "day": "22 Fri",
        "time": "6:27 h 18:07 h",
        "tidetime1": "4:09 h",
        "tideheight1": "0.7 m",
        "tidetime2": "9:59 h",
        "tideheight2": "0.2 m",
        "tidetime3": "17:33 h",
        "tideheight3": "0.9 m",
        "tidetime4": "no record",
        "tideheight4": "no record",
        "coefficient": "39 low"
    },
    {
        "day": "23 Sat",
        "time": "6:27 h 18:07 h",
        "tidetime1": "1:40 h",
        "tideheight1": "0.2 m",
        "tidetime2": "7:13 h",
        "tideheight2": "0.6 m",
        "tidetime3": "9:35 h",
        "tideheight3": "0.2 m",
        "tidetime4": "18:09 h",
        "tideheight4": "1.0 m",
        "coefficient": "42 low"
    },
    {
        "day": "24 Sun",
        "time": "6:27 h 18:07 h",
        "tidetime1": "2:57 h",
        "tideheight1": "0.0 m",
        "tidetime2": "18:50 h",
        "tideheight2": "1.1 m",
        "tidetime3": "no record",
        "tideheight3": "no record",
        "tidetime4": "no record",
        "tideheight4": "no record",
        "coefficient": "50 average"
    },
    {
        "day": "25 Mon",
        "time": "6:27 h 18:08 h",
        "tidetime1": "3:47 h",
        "tideheight1": "-0.1 m",
        "tidetime2": "19:34 h",
        "tideheight2": "1.2 m",
        "tidetime3": "no record",
        "tideheight3": "no record",
        "tidetime4": "no record",
        "tideheight4": "no record",
        "coefficient": "58 average"
    },
    {
        "day": "26 Tue",
        "time": "6:27 h 18:08 h",
        "tidetime1": "4:29 h",
        "tideheight1": "-0.2 m",
        "tidetime2": "20:19 h",
        "tideheight2": "1.3 m",
        "tidetime3": "no record",
        "tideheight3": "no record",
        "tidetime4": "no record",
        "tideheight4": "no record",
        "coefficient": "68 average"
    },
    {
        "day": "27 Wed",
        "time": "6:27 h 18:09 h",
        "tidetime1": "5:09 h",
        "tideheight1": "-0.2 m",
        "tidetime2": "21:02 h",
        "tideheight2": "1.4 m",
        "tidetime3": "no record",
        "tideheight3": "no record",
        "tidetime4": "no record",
        "tideheight4": "no record",
        "coefficient": "77 high"
    },
    {
        "day": "28 Thu",
        "time": "6:27 h 18:09 h",
        "tidetime1": "5:48 h",
        "tideheight1": "-0.3 m",
        "tidetime2": "21:45 h",
        "tideheight2": "1.4 m",
        "tidetime3": "no record",
        "tideheight3": "no record",
        "tidetime4": "no record",
        "tideheight4": "no record",
        "coefficient": "84 high"
    },
    {
        "day": "29 Fri",
        "time": "6:27 h 18:09 h",
        "tidetime1": "6:25 h",
        "tideheight1": "-0.3 m",
        "tidetime2": "22:27 h",
        "tideheight2": "1.5 m",
        "tidetime3": "no record",
        "tideheight3": "no record",
        "tidetime4": "no record",
        "tideheight4": "no record",
        "coefficient": "89 high"
    },
    {
        "day": "30 Sat",
        "time": "6:27 h 18:10 h",
        "tidetime1": "7:00 h",
        "tideheight1": "-0.3 m",
        "tidetime2": "23:07 h",
        "tideheight2": "1.5 m",
        "tidetime3": "no record",
        "tideheight3": "no record",
        "tidetime4": "no record",
        "tideheight4": "no record",
        "coefficient": "91 very high"
    },
    {
        "day": "31 Sun",
        "time": "6:27 h 18:10 h",
        "tidetime1": "7:33 h",
        "tideheight1": "-0.3 m",
        "tidetime2": "23:49 h",
        "tideheight2": "1.4 m",
        "tidetime3": "no record",
        "tideheight3": "no record",
        "tidetime4": "no record",
        "tideheight4": "no record",
        "coefficient": "90 very high"
    }
]