[
    {
        "day": "1 Tue",
        "time": "5:55 h 18:28 h",
        "tidetime1": "5:12 h",
        "tideheight1": "1.2 m",
        "tidetime2": "12:54 h",
        "tideheight2": "0.4 m",
        "tidetime3": "17:55 h",
        "tideheight3": "0.8 m",
        "tidetime4": "21:53 h",
        "tideheight4": "0.5 m",
        "coefficient": "42 low"
    },
    {
        "day": "2 Wed",
        "time": "5:55 h 18:27 h",
        "tidetime1": "5:56 h",
        "tideheight1": "1.3 m",
        "tidetime2": "14:24 h",
        "tideheight2": "0.3 m",
        "tidetime3": "21:07 h",
        "tideheight3": "0.8 m",
        "tidetime4": "21:31 h",
        "tideheight4": "0.5 m",
        "coefficient": "46 low"
    },
    {
        "day": "3 Thu",
        "time": "5:55 h 18:27 h",
        "tidetime1": "6:42 h",
        "tideheight1": "1.3 m",
        "tidetime2": "15:20 h",
        "tideheight2": "0.2 m",
        "tidetime3": "no record",
        "tideheight3": "no record",
        "tidetime4": "no record",
        "tideheight4": "no record",
        "coefficient": "53 average"
    },
    {
        "day": "4 Fri",
        "time": "5:55 h 18:27 h",
        "tidetime1": "7:28 h",
        "tideheight1": "1.4 m",
        "tidetime2": "16:02 h",
        "tideheight2": "0.2 m",
        "tidetime3": "no record",
        "tideheight3": "no record",
        "tidetime4": "no record",
        "tideheight4": "no record",
        "coefficient": "61 average"
    },
    {
        "day": "5 Sat",
        "time": "5:56 h 18:27 h",
        "tidetime1": "8:12 h",
        "tideheight1": "1.5 m",
        "tidetime2": "16:39 h",
        "tideheight2": "0.1 m",
        "tidetime3": "no record",
        "tideheight3": "no record",
        "tidetime4": "no record",
        "tideheight4": "no record",
        "coefficient": "69 average"
    },
    {
        "day": "6 Sun",
        "time": "5:56 h 18:26 h",
        "tidetime1": "8:55 h",
        "tideheight1": "1.5 m",
        "tidetime2": "17:14 h",
        "tideheight2": "0.1 m",
        "tidetime3": "no record",
        "tideheight3": "no record",
        "tidetime4": "no record",
        "tideheight4": "no record",
        "coefficient": "77 high"
    },
    {
        "day": "7 Mon",
        "time": "5:56 h 18:26 h",
        "tidetime1": "0:18 h",
        "tideheight1": "0.8 m",
        "tidetime2": "1:05 h",
        "tideheight2": "0.5 m",
        "tidetime3": "9:35 h",
        "tideheight3": "1.5 m",
        "tidetime4": "17:47 h",
        "tideheight4": "0.1 m",
        "coefficient": "82 high"
    },
    {
        "day": "8 Tue",
        "time": "5:56 h 18:26 h",
        "tidetime1": "0:26 h",
        "tideheight1": "0.8 m",
        "tidetime2": "2:12 h",
        "tideheight2": "0.5 m",
        "tidetime3": "10:13 h",
        "tideheight3": "1.6 m",
        "tidetime4": "18:18 h",
        "tideheight4": "0.1 m",
        "coefficient": "86 high"
    },
    {
        "day": "9 Wed",
        "time": "5:56 h 18:25 h",
        "tidetime1": "0:45 h",
        "tideheight1": "0.8 m",
        "tidetime2": "3:06 h",
        "tideheight2": "0.5 m",
        "tidetime3": "10:51 h",
        "tideheight3": "1.5 m",
        "tidetime4": "18:47 h",
        "tideheight4": "0.1 m",
        "coefficient": "88 high"
    },
    {
        "day": "10 Thu",
        "time": "5:56 h 18:25 h",
        "tidetime1": "1:08 h",
        "tideheight1": "0.8 m",
        "tidetime2": "3:59 h",
        "tideheight2": "0.5 m",
        "tidetime3": "11:28 h",
        "tideheight3": "1.5 m",
        "tidetime4": "19:14 h",
        "tideheight4": "0.1 m",
        "coefficient": "86 high"
    },
    {
        "day": "11 Fri",
        "time": "5:56 h 18:24 h",
        "tidetime1": "1:32 h",
        "tideheight1": "0.9 m",
        "tidetime2": "4:55 h",
        "tideheight2": "0.5 m",
        "tidetime3": "12:06 h",
        "tideheight3": "1.4 m",
        "tidetime4": "19:38 h",
        "tideheight4": "0.2 m",
        "coefficient": "82 high"
    },
    {
        "day": "12 Sat",
        "time": "5:56 h 18:24 h",
        "tidetime1": "1:57 h",
        "tideheight1": "0.9 m",
        "tidetime2": "5:57 h",
        "tideheight2": "0.5 m",
        "tidetime3": "12:46 h",
        "tideheight3": "1.3 m",
        "tidetime4": "20:00 h",
        "tideheight4": "0.3 m",
        "coefficient": "76 high"
    },
    {
        "day": "13 Sun",
        "time": "5:56 h 18:24 h",
        "tidetime1": "2:22 h",
        "tideheight1": "1.0 m",
        "tidetime2": "7:09 h",
        "tideheight2": "0.5 m",
        "tidetime3": "13:32 h",
        "tideheight3": "1.2 m",
        "tidetime4": "20:19 h",
        "tideheight4": "0.3 m",
        "coefficient": "68 average"
    },
    {
        "day": "14 Mon",
        "time": "5:56 h 18:23 h",
        "tidetime1": "2:52 h",
        "tideheight1": "1.1 m",
        "tidetime2": "8:37 h",
        "tideheight2": "0.5 m",
        "tidetime3": "14:28 h",
        "tideheight3": "1.0 m",
        "tidetime4": "20:34 h",
        "tideheight4": "0.4 m",
        "coefficient": "60 average"
    },
    {
        "day": "15 Tue",
        "time": "5:56 h 18:23 h",
        "tidetime1": "3:28 h",
        "tideheight1": "1.2 m",
        "tidetime2": "10:24 h",
        "tideheight2": "0.4 m",
        "tidetime3": "15:55 h",
        "tideheight3": "0.9 m",
        "tidetime4": "20:44 h",
        "tideheight4": "0.4 m",
        "coefficient": "55 average"
    },
    {
        "day": "16 Wed",
        "time": "5:56 h 18:22 h",
        "tidetime1": "4:14 h",
        "tideheight1": "1.3 m",
        "tidetime2": "12:24 h",
        "tideheight2": "0.3 m",
        "tidetime3": "18:55 h",
        "tideheight3": "0.8 m",
        "tidetime4": "20:30 h",
        "tideheight4": "0.5 m",
        "coefficient": "56 average"
    },
    {
        "day": "17 Thu",
        "time": "5:56 h 18:22 h",
        "tidetime1": "5:09 h",
        "tideheight1": "1.4 m",
        "tidetime2": "14:01 h",
        "tideheight2": "0.2 m",
        "tidetime3": "no record",
        "tideheight3": "no record",
        "tidetime4": "no record",
        "tideheight4": "no record",
        "coefficient": "63 average"
    },
    {
        "day": "18 Fri",
        "time": "5:56 h 18:21 h",
        "tidetime1": "6:10 h",
        "tideheight1": "1.5 m",
        "tidetime2": "15:07 h",
        "tideheight2": "0.1 m",
        "tidetime3": "no record",
        "tideheight3": "no record",
        "tidetime4": "no record",
        "tideheight4": "no record",
        "coefficient": "73 high"
    },
    {
        "day": "19 Sat",
        "time": "5:56 h 18:21 h",
        "tidetime1": "7:11 h",
        "tideheight1": "1.6 m",
        "tidetime2": "15:57 h",
        "tideheight2": "0.0 m",
        "tidetime3": "no record",
        "tideheight3": "no record",
        "tidetime4": "no record",
        "tideheight4": "no record",
        "coefficient": "84 high"
    },
    {
        "day": "20 Sun",
        "time": "5:56 h 18:20 h",
        "tidetime1": "8:10 h",
        "tideheight1": "1.6 m",
        "tidetime2": "16:40 h",
        "tideheight2": "0.0 m",
        "tidetime3": "no record",
        "tideheight3": "no record",
        "tidetime4": "no record",
        "tideheight4": "no record",
        "coefficient": "93 very high"
    },
    {
        "day": "21 Mon",
        "time": "5:56 h 18:20 h",
        "tidetime1": "9:05 h",
        "tideheight1": "1.7 m",
        "tidetime2": "17:18 h",
        "tideheight2": "0.0 m",
        "tidetime3": "23:53 h",
        "tideheight3": "0.8 m",
        "tidetime4": "no record",
        "tideheight4": "no record",
        "coefficient": "99 very high"
    },
    {
        "day": "22 Tue",
        "time": "5:56 h 18:19 h",
        "tidetime1": "2:06 h",
        "tideheight1": "0.4 m",
        "tidetime2": "9:57 h",
        "tideheight2": "1.6 m",
        "tidetime3": "17:52 h",
        "tideheight3": "0.0 m",
        "tidetime4": "no record",
        "tideheight4": "no record",
        "coefficient": "100 very high"
    },
    {
        "day": "23 Wed",
        "time": "5:56 h 18:19 h",
        "tidetime1": "0:06 h",
        "tideheight1": "0.8 m",
        "tidetime2": "3:20 h",
        "tideheight2": "0.4 m",
        "tidetime3": "10:45 h",
        "tideheight3": "1.6 m",
        "tidetime4": "18:22 h",
        "tideheight4": "0.1 m",
        "coefficient": "97 very high"
    },
    {
        "day": "24 Thu",
        "time": "5:56 h 18:18 h",
        "tidetime1": "0:26 h",
        "tideheight1": "0.9 m",
        "tidetime2": "4:26 h",
        "tideheight2": "0.4 m",
        "tidetime3": "11:32 h",
        "tideheight3": "1.5 m",
        "tidetime4": "18:48 h",
        "tideheight4": "0.2 m",
        "coefficient": "90 very high"
    },
    {
        "day": "25 Fri",
        "time": "5:56 h 18:18 h",
        "tidetime1": "0:49 h",
        "tideheight1": "0.9 m",
        "tidetime2": "5:29 h",
        "tideheight2": "0.4 m",
        "tidetime3": "12:17 h",
        "tideheight3": "1.4 m",
        "tidetime4": "19:13 h",
        "tideheight4": "0.3 m",
        "coefficient": "80 high"
    },
    {
        "day": "26 Sat",
        "time": "5:56 h 18:17 h",
        "tidetime1": "1:14 h",
        "tideheight1": "1.0 m",
        "tidetime2": "6:33 h",
        "tideheight2": "0.4 m",
        "tidetime3": "13:01 h",
        "tideheight3": "1.2 m",
        "tidetime4": "19:33 h",
        "tideheight4": "0.3 m",
        "coefficient": "68 average"
    },
    {
        "day": "27 Sun",
        "time": "5:56 h 18:17 h",
        "tidetime1": "1:43 h",
        "tideheight1": "1.1 m",
        "tidetime2": "7:40 h",
        "tideheight2": "0.4 m",
        "tidetime3": "13:49 h",
        "tideheight3": "1.1 m",
        "tidetime4": "19:51 h",
        "tideheight4": "0.4 m",
        "coefficient": "56 average"
    },
    {
        "day": "28 Mon",
        "time": "5:56 h 18:16 h",
        "tidetime1": "2:15 h",
        "tideheight1": "1.1 m",
        "tidetime2": "8:56 h",
        "tideheight2": "0.4 m",
        "tidetime3": "14:46 h",
        "tideheight3": "1.0 m",
        "tidetime4": "20:03 h",
        "tideheight4": "0.5 m",
        "coefficient": "46 low"
    },
    {
        "day": "29 Tue",
        "time": "5:56 h 18:16 h",
        "tidetime1": "2:53 h",
        "tideheight1": "1.2 m",
        "tidetime2": "10:26 h",
        "tideheight2": "0.4 m",
        "tidetime3": "16:17 h",
        "tideheight3": "0.8 m",
        "tidetime4": "20:03 h",
        "tideheight4": "0.5 m",
        "coefficient": "38 low"
    },
    {
        "day": "30 Wed",
        "time": "5:56 h 18:15 h",
        "tidetime1": "3:40 h",
        "tideheight1": "1.2 m",
        "tidetime2": "12:07 h",
        "tideheight2": "0.3 m",
        "tidetime3": "no record",
        "tideheight3": "no record",
        "tidetime4": "no record",
        "tideheight4": "no record",
        "coefficient": "36 low"
    },
    {
        "day": "31 Thu",
        "time": "5:56 h 18:15 h",
        "tidetime1": "4:38 h",
        "tideheight1": "1.3 m",
        "tidetime2": "13:36 h",
        "tideheight2": "0.3 m",
        "tidetime3": "no record",
        "tideheight3": "no record",
        "tidetime4": "no record",
        "tideheight4": "no record",
        "coefficient": "40 low"
    }
]