[
    {
        "day": "1 Thu",
        "time": "5:43 h 18:23 h",
        "tidetime1": "14:19 h",
        "tideheight1": "1.4 m",
        "tidetime2": "23:02 h",
        "tideheight2": "0.0 m",
        "tidetime3": "no record",
        "tideheight3": "no record",
        "tidetime4": "no record",
        "tideheight4": "no record",
        "coefficient": "52 average"
    },
    {
        "day": "2 Fri",
        "time": "5:43 h 18:23 h",
        "tidetime1": "15:19 h",
        "tideheight1": "1.2 m",
        "tidetime2": "23:42 h",
        "tideheight2": "0.1 m",
        "tidetime3": "no record",
        "tideheight3": "no record",
        "tidetime4": "no record",
        "tideheight4": "no record",
        "coefficient": "52 average"
    },
    {
        "day": "3 Sat",
        "time": "5:43 h 18:23 h",
        "tidetime1": "7:35 h",
        "tideheight1": "0.9 m",
        "tidetime2": "10:47 h",
        "tideheight2": "0.6 m",
        "tidetime3": "16:37 h",
        "tideheight3": "1.1 m",
        "tidetime4": "no record",
        "tideheight4": "no record",
        "coefficient": "55 average"
    },
    {
        "day": "4 Sun",
        "time": "5:43 h 18:24 h",
        "tidetime1": "0:15 h",
        "tideheight1": "0.2 m",
        "tidetime2": "7:42 h",
        "tideheight2": "1.0 m",
        "tidetime3": "13:05 h",
        "tideheight3": "0.5 m",
        "tidetime4": "18:15 h",
        "tideheight4": "0.9 m",
        "coefficient": "60 average"
    },
    {
        "day": "5 Mon",
        "time": "5:43 h 18:24 h",
        "tidetime1": "0:42 h",
        "tideheight1": "0.3 m",
        "tidetime2": "8:00 h",
        "tideheight2": "1.1 m",
        "tidetime3": "14:36 h",
        "tideheight3": "0.4 m",
        "tidetime4": "19:53 h",
        "tideheight4": "0.8 m",
        "coefficient": "65 average"
    },
    {
        "day": "6 Tue",
        "time": "5:44 h 18:24 h",
        "tidetime1": "1:05 h",
        "tideheight1": "0.3 m",
        "tidetime2": "8:21 h",
        "tideheight2": "1.2 m",
        "tidetime3": "15:36 h",
        "tideheight3": "0.3 m",
        "tidetime4": "21:16 h",
        "tideheight4": "0.8 m",
        "coefficient": "70 high"
    },
    {
        "day": "7 Wed",
        "time": "5:44 h 18:24 h",
        "tidetime1": "1:25 h",
        "tideheight1": "0.4 m",
        "tidetime2": "8:45 h",
        "tideheight2": "1.3 m",
        "tidetime3": "16:23 h",
        "tideheight3": "0.2 m",
        "tidetime4": "22:29 h",
        "tideheight4": "0.8 m",
        "coefficient": "74 high"
    },
    {
        "day": "8 Thu",
        "time": "5:44 h 18:25 h",
        "tidetime1": "1:44 h",
        "tideheight1": "0.4 m",
        "tidetime2": "9:11 h",
        "tideheight2": "1.4 m",
        "tidetime3": "17:04 h",
        "tideheight3": "0.1 m",
        "tidetime4": "23:35 h",
        "tideheight4": "0.8 m",
        "coefficient": "76 high"
    },
    {
        "day": "9 Fri",
        "time": "5:44 h 18:25 h",
        "tidetime1": "2:00 h",
        "tideheight1": "0.4 m",
        "tidetime2": "9:39 h",
        "tideheight2": "1.4 m",
        "tidetime3": "17:43 h",
        "tideheight3": "0.0 m",
        "tidetime4": "no record",
        "tideheight4": "no record",
        "coefficient": "77 high"
    },
    {
        "day": "10 Sat",
        "time": "5:44 h 18:25 h",
        "tidetime1": "0:41 h",
        "tideheight1": "0.7 m",
        "tidetime2": "2:10 h",
        "tideheight2": "0.4 m",
        "tidetime3": "10:09 h",
        "tideheight3": "1.5 m",
        "tidetime4": "18:22 h",
        "tideheight4": "0.0 m",
        "coefficient": "77 high"
    },
    {
        "day": "11 Sun",
        "time": "5:44 h 18:25 h",
        "tidetime1": "10:40 h",
        "tideheight1": "1.5 m",
        "tidetime2": "19:01 h",
        "tideheight2": "0.0 m",
        "tidetime3": "no record",
        "tideheight3": "no record",
        "tidetime4": "no record",
        "tideheight4": "no record",
        "coefficient": "74 high"
    },
    {
        "day": "12 Mon",
        "time": "5:44 h 18:26 h",
        "tidetime1": "11:12 h",
        "tideheight1": "1.5 m",
        "tidetime2": "19:41 h",
        "tideheight2": "0.0 m",
        "tidetime3": "no record",
        "tideheight3": "no record",
        "tidetime4": "no record",
        "tideheight4": "no record",
        "coefficient": "70 high"
    },
    {
        "day": "13 Tue",
        "time": "5:44 h 18:26 h",
        "tidetime1": "11:46 h",
        "tideheight1": "1.5 m",
        "tidetime2": "20:22 h",
        "tideheight2": "0.0 m",
        "tidetime3": "no record",
        "tideheight3": "no record",
        "tidetime4": "no record",
        "tideheight4": "no record",
        "coefficient": "66 average"
    },
    {
        "day": "14 Wed",
        "time": "5:45 h 18:26 h",
        "tidetime1": "12:20 h",
        "tideheight1": "1.5 m",
        "tidetime2": "21:03 h",
        "tideheight2": "0.0 m",
        "tidetime3": "no record",
        "tideheight3": "no record",
        "tidetime4": "no record",
        "tideheight4": "no record",
        "coefficient": "61 average"
    },
    {
        "day": "15 Thu",
        "time": "5:45 h 18:26 h",
        "tidetime1": "12:56 h",
        "tideheight1": "1.4 m",
        "tidetime2": "21:42 h",
        "tideheight2": "0.0 m",
        "tidetime3": "no record",
        "tideheight3": "no record",
        "tidetime4": "no record",
        "tideheight4": "no record",
        "coefficient": "56 average"
    },
    {
        "day": "16 Fri",
        "time": "5:45 h 18:27 h",
        "tidetime1": "13:36 h",
        "tideheight1": "1.3 m",
        "tidetime2": "22:20 h",
        "tideheight2": "0.1 m",
        "tidetime3": "no record",
        "tideheight3": "no record",
        "tidetime4": "no record",
        "tideheight4": "no record",
        "coefficient": "53 average"
    },
    {
        "day": "17 Sat",
        "time": "5:45 h 18:27 h",
        "tidetime1": "14:23 h",
        "tideheight1": "1.2 m",
        "tidetime2": "22:53 h",
        "tideheight2": "0.1 m",
        "tidetime3": "no record",
        "tideheight3": "no record",
        "tidetime4": "no record",
        "tideheight4": "no record",
        "coefficient": "54 average"
    },
    {
        "day": "18 Sun",
        "time": "5:45 h 18:27 h",
        "tidetime1": "7:06 h",
        "tideheight1": "0.9 m",
        "tidetime2": "9:29 h",
        "tideheight2": "0.6 m",
        "tidetime3": "15:27 h",
        "tideheight3": "1.1 m",
        "tidetime4": "23:23 h",
        "tideheight4": "0.2 m",
        "coefficient": "58 average"
    },
    {
        "day": "19 Mon",
        "time": "5:46 h 18:27 h",
        "tidetime1": "6:58 h",
        "tideheight1": "1.0 m",
        "tidetime2": "12:05 h",
        "tideheight2": "0.5 m",
        "tidetime3": "17:04 h",
        "tideheight3": "1.0 m",
        "tidetime4": "23:48 h",
        "tideheight4": "0.3 m",
        "coefficient": "66 average"
    },
    {
        "day": "20 Tue",
        "time": "5:46 h 18:28 h",
        "tidetime1": "7:12 h",
        "tideheight1": "1.1 m",
        "tidetime2": "13:53 h",
        "tideheight2": "0.4 m",
        "tidetime3": "19:09 h",
        "tideheight3": "0.9 m",
        "tidetime4": "no record",
        "tideheight4": "no record",
        "coefficient": "76 high"
    },
    {
        "day": "21 Wed",
        "time": "5:46 h 18:28 h",
        "tidetime1": "0:11 h",
        "tideheight1": "0.3 m",
        "tidetime2": "7:36 h",
        "tideheight2": "1.3 m",
        "tidetime3": "15:07 h",
        "tideheight3": "0.2 m",
        "tidetime4": "21:02 h",
        "tideheight4": "0.8 m",
        "coefficient": "86 high"
    },
    {
        "day": "22 Thu",
        "time": "5:46 h 18:28 h",
        "tidetime1": "0:31 h",
        "tideheight1": "0.4 m",
        "tidetime2": "8:07 h",
        "tideheight2": "1.4 m",
        "tidetime3": "16:05 h",
        "tideheight3": "0.1 m",
        "tidetime4": "22:42 h",
        "tideheight4": "0.7 m",
        "coefficient": "94 very high"
    },
    {
        "day": "23 Fri",
        "time": "5:46 h 18:28 h",
        "tidetime1": "0:47 h",
        "tideheight1": "0.4 m",
        "tidetime2": "8:44 h",
        "tideheight2": "1.6 m",
        "tidetime3": "16:59 h",
        "tideheight3": "-0.1 m",
        "tidetime4": "no record",
        "tideheight4": "no record",
        "coefficient": "99 very high"
    },
    {
        "day": "24 Sat",
        "time": "5:47 h 18:28 h",
        "tidetime1": "9:25 h",
        "tideheight1": "1.7 m",
        "tidetime2": "17:50 h",
        "tideheight2": "-0.2 m",
        "tidetime3": "no record",
        "tideheight3": "no record",
        "tidetime4": "no record",
        "tideheight4": "no record",
        "coefficient": "101 very high"
    },
    {
        "day": "25 Sun",
        "time": "5:47 h 18:29 h",
        "tidetime1": "10:09 h",
        "tideheight1": "1.7 m",
        "tidetime2": "18:39 h",
        "tideheight2": "-0.2 m",
        "tidetime3": "no record",
        "tideheight3": "no record",
        "tidetime4": "no record",
        "tideheight4": "no record",
        "coefficient": "98 very high"
    },
    {
        "day": "26 Mon",
        "time": "5:47 h 18:29 h",
        "tidetime1": "10:54 h",
        "tideheight1": "1.8 m",
        "tidetime2": "19:27 h",
        "tideheight2": "-0.2 m",
        "tidetime3": "no record",
        "tideheight3": "no record",
        "tidetime4": "no record",
        "tideheight4": "no record",
        "coefficient": "91 very high"
    },
    {
        "day": "27 Tue",
        "time": "5:47 h 18:29 h",
        "tidetime1": "11:41 h",
        "tideheight1": "1.7 m",
        "tidetime2": "20:13 h",
        "tideheight2": "-0.1 m",
        "tidetime3": "no record",
        "tideheight3": "no record",
        "tidetime4": "no record",
        "tideheight4": "no record",
        "coefficient": "82 high"
    },
    {
        "day": "28 Wed",
        "time": "5:48 h 18:29 h",
        "tidetime1": "12:27 h",
        "tideheight1": "1.6 m",
        "tidetime2": "20:55 h",
        "tideheight2": "-0.1 m",
        "tidetime3": "no record",
        "tideheight3": "no record",
        "tidetime4": "no record",
        "tideheight4": "no record",
        "coefficient": "72 high"
    },
    {
        "day": "29 Thu",
        "time": "5:48 h 18:29 h",
        "tidetime1": "13:14 h",
        "tideheight1": "1.5 m",
        "tidetime2": "21:34 h",
        "tideheight2": "0.0 m",
        "tidetime3": "no record",
        "tideheight3": "no record",
        "tidetime4": "no record",
        "tideheight4": "no record",
        "coefficient": "62 average"
    },
    {
        "day": "30 Fri",
        "time": "5:48 h 18:29 h",
        "tidetime1": "5:51 h",
        "tideheight1": "0.8 m",
        "tidetime2": "6:07 h",
        "tideheight2": "0.5 m",
        "tidetime3": "14:01 h",
        "tideheight3": "1.3 m",
        "tidetime4": "22:07 h",
        "tideheight4": "0.1 m",
        "coefficient": "54 average"
    }
]