[
    {
        "day": "1 Tue",
        "time": "5:54 h 17:56 h",
        "tidetime1": "5:35 h",
        "tideheight1": "0.2 m",
        "tidetime2": "12:10 h",
        "tideheight2": "1.1 m",
        "tidetime3": "17:38 h",
        "tideheight3": "0.4 m",
        "tidetime4": "23:48 h",
        "tideheight4": "1.3 m",
        "coefficient": "97 very high"
    },
    {
        "day": "2 Wed",
        "time": "5:54 h 17:55 h",
        "tidetime1": "6:42 h",
        "tideheight1": "0.1 m",
        "tidetime2": "13:14 h",
        "tideheight2": "1.0 m",
        "tidetime3": "17:48 h",
        "tideheight3": "0.4 m",
        "tidetime4": "no record",
        "tideheight4": "no record",
        "coefficient": "81 high"
    },
    {
        "day": "3 Thu",
        "time": "5:54 h 17:55 h",
        "tidetime1": "0:19 h",
        "tideheight1": "1.4 m",
        "tidetime2": "7:52 h",
        "tideheight2": "0.1 m",
        "tidetime3": "14:35 h",
        "tideheight3": "0.8 m",
        "tidetime4": "17:46 h",
        "tideheight4": "0.5 m",
        "coefficient": "64 average"
    },
    {
        "day": "4 Fri",
        "time": "5:53 h 17:54 h",
        "tidetime1": "0:55 h",
        "tideheight1": "1.4 m",
        "tidetime2": "9:07 h",
        "tideheight2": "0.1 m",
        "tidetime3": "no record",
        "tideheight3": "no record",
        "tidetime4": "no record",
        "tideheight4": "no record",
        "coefficient": "49 low"
    },
    {
        "day": "5 Sat",
        "time": "5:53 h 17:54 h",
        "tidetime1": "1:36 h",
        "tideheight1": "1.4 m",
        "tidetime2": "10:29 h",
        "tideheight2": "0.1 m",
        "tidetime3": "no record",
        "tideheight3": "no record",
        "tidetime4": "no record",
        "tideheight4": "no record",
        "coefficient": "37 low"
    },
    {
        "day": "6 Sun",
        "time": "5:53 h 17:53 h",
        "tidetime1": "2:25 h",
        "tideheight1": "1.4 m",
        "tidetime2": "11:55 h",
        "tideheight2": "0.1 m",
        "tidetime3": "no record",
        "tideheight3": "no record",
        "tidetime4": "no record",
        "tideheight4": "no record",
        "coefficient": "34 low"
    },
    {
        "day": "7 Mon",
        "time": "5:53 h 17:53 h",
        "tidetime1": "3:27 h",
        "tideheight1": "1.4 m",
        "tidetime2": "13:10 h",
        "tideheight2": "0.1 m",
        "tidetime3": "no record",
        "tideheight3": "no record",
        "tidetime4": "no record",
        "tideheight4": "no record",
        "coefficient": "40 low"
    },
    {
        "day": "8 Tue",
        "time": "5:53 h 17:52 h",
        "tidetime1": "4:45 h",
        "tideheight1": "1.3 m",
        "tidetime2": "14:07 h",
        "tideheight2": "0.1 m",
        "tidetime3": "no record",
        "tideheight3": "no record",
        "tidetime4": "no record",
        "tideheight4": "no record",
        "coefficient": "49 low"
    },
    {
        "day": "9 Wed",
        "time": "5:53 h 17:52 h",
        "tidetime1": "6:09 h",
        "tideheight1": "1.3 m",
        "tidetime2": "14:49 h",
        "tideheight2": "0.1 m",
        "tidetime3": "no record",
        "tideheight3": "no record",
        "tidetime4": "no record",
        "tideheight4": "no record",
        "coefficient": "60 average"
    },
    {
        "day": "10 Thu",
        "time": "5:53 h 17:51 h",
        "tidetime1": "7:22 h",
        "tideheight1": "1.3 m",
        "tidetime2": "15:21 h",
        "tideheight2": "0.1 m",
        "tidetime3": "22:07 h",
        "tideheight3": "0.9 m",
        "tidetime4": "no record",
        "tideheight4": "no record",
        "coefficient": "69 average"
    },
    {
        "day": "11 Fri",
        "time": "5:53 h 17:50 h",
        "tidetime1": "1:25 h",
        "tideheight1": "0.5 m",
        "tidetime2": "8:21 h",
        "tideheight2": "1.3 m",
        "tidetime3": "15:47 h",
        "tideheight3": "0.2 m",
        "tidetime4": "22:05 h",
        "tideheight4": "0.9 m",
        "coefficient": "77 high"
    },
    {
        "day": "12 Sat",
        "time": "5:53 h 17:50 h",
        "tidetime1": "2:33 h",
        "tideheight1": "0.4 m",
        "tidetime2": "9:12 h",
        "tideheight2": "1.2 m",
        "tidetime3": "16:09 h",
        "tideheight3": "0.2 m",
        "tidetime4": "22:13 h",
        "tideheight4": "1.0 m",
        "coefficient": "83 high"
    },
    {
        "day": "13 Sun",
        "time": "5:53 h 17:49 h",
        "tidetime1": "3:28 h",
        "tideheight1": "0.3 m",
        "tidetime2": "9:59 h",
        "tideheight2": "1.2 m",
        "tidetime3": "16:27 h",
        "tideheight3": "0.3 m",
        "tidetime4": "22:27 h",
        "tideheight4": "1.0 m",
        "coefficient": "87 high"
    },
    {
        "day": "14 Mon",
        "time": "5:53 h 17:49 h",
        "tidetime1": "4:17 h",
        "tideheight1": "0.3 m",
        "tidetime2": "10:44 h",
        "tideheight2": "1.1 m",
        "tidetime3": "16:43 h",
        "tideheight3": "0.3 m",
        "tidetime4": "22:44 h",
        "tideheight4": "1.1 m",
        "coefficient": "88 high"
    },
    {
        "day": "15 Tue",
        "time": "5:53 h 17:48 h",
        "tidetime1": "5:05 h",
        "tideheight1": "0.2 m",
        "tidetime2": "11:31 h",
        "tideheight2": "1.1 m",
        "tidetime3": "16:56 h",
        "tideheight3": "0.4 m",
        "tidetime4": "23:03 h",
        "tideheight4": "1.2 m",
        "coefficient": "86 high"
    },
    {
        "day": "16 Wed",
        "time": "5:53 h 17:48 h",
        "tidetime1": "5:52 h",
        "tideheight1": "0.2 m",
        "tidetime2": "12:21 h",
        "tideheight2": "1.0 m",
        "tidetime3": "17:04 h",
        "tideheight3": "0.4 m",
        "tidetime4": "23:24 h",
        "tideheight4": "1.2 m",
        "coefficient": "82 high"
    },
    {
        "day": "17 Thu",
        "time": "5:53 h 17:48 h",
        "tidetime1": "6:41 h",
        "tideheight1": "0.1 m",
        "tidetime2": "13:19 h",
        "tideheight2": "0.9 m",
        "tidetime3": "17:07 h",
        "tideheight3": "0.5 m",
        "tidetime4": "23:47 h",
        "tideheight4": "1.3 m",
        "coefficient": "74 high"
    },
    {
        "day": "18 Fri",
        "time": "5:53 h 17:47 h",
        "tidetime1": "7:33 h",
        "tideheight1": "0.1 m",
        "tidetime2": "14:41 h",
        "tideheight2": "0.8 m",
        "tidetime3": "16:51 h",
        "tideheight3": "0.5 m",
        "tidetime4": "no record",
        "tideheight4": "no record",
        "coefficient": "65 average"
    },
    {
        "day": "19 Sat",
        "time": "5:53 h 17:47 h",
        "tidetime1": "0:14 h",
        "tideheight1": "1.3 m",
        "tidetime2": "8:33 h",
        "tideheight2": "0.1 m",
        "tidetime3": "no record",
        "tideheight3": "no record",
        "tidetime4": "no record",
        "tideheight4": "no record",
        "coefficient": "54 average"
    },
    {
        "day": "20 Sun",
        "time": "5:54 h 17:46 h",
        "tidetime1": "0:47 h",
        "tideheight1": "1.4 m",
        "tidetime2": "9:44 h",
        "tideheight2": "0.0 m",
        "tidetime3": "no record",
        "tideheight3": "no record",
        "tidetime4": "no record",
        "tideheight4": "no record",
        "coefficient": "45 low"
    },
    {
        "day": "21 Mon",
        "time": "5:54 h 17:46 h",
        "tidetime1": "1:29 h",
        "tideheight1": "1.4 m",
        "tidetime2": "11:02 h",
        "tideheight2": "0.0 m",
        "tidetime3": "no record",
        "tideheight3": "no record",
        "tidetime4": "no record",
        "tideheight4": "no record",
        "coefficient": "42 low"
    },
    {
        "day": "22 Tue",
        "time": "5:54 h 17:45 h",
        "tidetime1": "2:26 h",
        "tideheight1": "1.4 m",
        "tidetime2": "12:17 h",
        "tideheight2": "0.0 m",
        "tidetime3": "no record",
        "tideheight3": "no record",
        "tidetime4": "no record",
        "tideheight4": "no record",
        "coefficient": "48 low"
    },
    {
        "day": "23 Wed",
        "time": "5:54 h 17:45 h",
        "tidetime1": "3:41 h",
        "tideheight1": "1.4 m",
        "tidetime2": "13:18 h",
        "tideheight2": "0.0 m",
        "tidetime3": "no record",
        "tideheight3": "no record",
        "tidetime4": "no record",
        "tideheight4": "no record",
        "coefficient": "62 average"
    },
    {
        "day": "24 Thu",
        "time": "5:54 h 17:45 h",
        "tidetime1": "5:12 h",
        "tideheight1": "1.3 m",
        "tidetime2": "14:04 h",
        "tideheight2": "0.0 m",
        "tidetime3": "no record",
        "tideheight3": "no record",
        "tidetime4": "no record",
        "tideheight4": "no record",
        "coefficient": "78 high"
    },
    {
        "day": "25 Fri",
        "time": "5:54 h 17:44 h",
        "tidetime1": "6:42 h",
        "tideheight1": "1.3 m",
        "tidetime2": "14:39 h",
        "tideheight2": "0.0 m",
        "tidetime3": "21:33 h",
        "tideheight3": "0.9 m",
        "tidetime4": "no record",
        "tideheight4": "no record",
        "coefficient": "93 very high"
    },
    {
        "day": "26 Sat",
        "time": "5:54 h 17:44 h",
        "tidetime1": "1:22 h",
        "tideheight1": "0.5 m",
        "tidetime2": "8:02 h",
        "tideheight2": "1.2 m",
        "tidetime3": "15:07 h",
        "tideheight3": "0.1 m",
        "tidetime4": "21:35 h",
        "tideheight4": "1.0 m",
        "coefficient": "105 very high"
    },
    {
        "day": "27 Sun",
        "time": "5:54 h 17:44 h",
        "tidetime1": "2:47 h",
        "tideheight1": "0.3 m",
        "tidetime2": "9:13 h",
        "tideheight2": "1.2 m",
        "tidetime3": "15:29 h",
        "tideheight3": "0.2 m",
        "tidetime4": "21:49 h",
        "tideheight4": "1.1 m",
        "coefficient": "110 very high"
    },
    {
        "day": "28 Mon",
        "time": "5:54 h 17:43 h",
        "tidetime1": "3:57 h",
        "tideheight1": "0.2 m",
        "tidetime2": "10:20 h",
        "tideheight2": "1.1 m",
        "tidetime3": "15:46 h",
        "tideheight3": "0.3 m",
        "tidetime4": "22:10 h",
        "tideheight4": "1.2 m",
        "coefficient": "109 very high"
    },
    {
        "day": "29 Tue",
        "time": "5:55 h 17:43 h",
        "tidetime1": "5:00 h",
        "tideheight1": "0.0 m",
        "tidetime2": "11:27 h",
        "tideheight2": "0.9 m",
        "tidetime3": "16:01 h",
        "tideheight3": "0.4 m",
        "tidetime4": "22:35 h",
        "tideheight4": "1.4 m",
        "coefficient": "103 very high"
    },
    {
        "day": "30 Wed",
        "time": "5:55 h 17:43 h",
        "tidetime1": "6:00 h",
        "tideheight1": "0.0 m",
        "tidetime2": "12:38 h",
        "tideheight2": "0.8 m",
        "tidetime3": "16:10 h",
        "tideheight3": "0.4 m",
        "tidetime4": "23:06 h",
        "tideheight4": "1.5 m",
        "coefficient": "91 very high"
    },
    {
        "day": "31 Thu",
        "time": "5:55 h 17:42 h",
        "tidetime1": "6:59 h",
        "tideheight1": "-0.1 m",
        "tidetime2": "14:05 h",
        "tideheight2": "0.8 m",
        "tidetime3": "16:03 h",
        "tideheight3": "0.4 m",
        "tidetime4": "23:39 h",
        "tideheight4": "1.5 m",
        "coefficient": "77 high"
    }
]