[
    {
        "day": "1 Sun",
        "time": "6:06 h 17:42 h",
        "tidetime1": "8:47 h",
        "tideheight1": "-0.2 m",
        "tidetime2": "no record",
        "tideheight2": "no record",
        "tidetime3": "no record",
        "tideheight3": "no record",
        "tidetime4": "no record",
        "tideheight4": "no record",
        "coefficient": "53 average"
    },
    {
        "day": "2 Mon",
        "time": "6:06 h 17:42 h",
        "tidetime1": "0:32 h",
        "tideheight1": "1.5 m",
        "tidetime2": "9:38 h",
        "tideheight2": "-0.2 m",
        "tidetime3": "no record",
        "tideheight3": "no record",
        "tidetime4": "no record",
        "tideheight4": "no record",
        "coefficient": "44 low"
    },
    {
        "day": "3 Tue",
        "time": "6:07 h 17:43 h",
        "tidetime1": "1:14 h",
        "tideheight1": "1.4 m",
        "tidetime2": "10:29 h",
        "tideheight2": "-0.1 m",
        "tidetime3": "no record",
        "tideheight3": "no record",
        "tidetime4": "no record",
        "tideheight4": "no record",
        "coefficient": "39 low"
    },
    {
        "day": "4 Wed",
        "time": "6:07 h 17:43 h",
        "tidetime1": "2:00 h",
        "tideheight1": "1.3 m",
        "tidetime2": "11:16 h",
        "tideheight2": "0.0 m",
        "tidetime3": "no record",
        "tideheight3": "no record",
        "tidetime4": "no record",
        "tideheight4": "no record",
        "coefficient": "39 low"
    },
    {
        "day": "5 Thu",
        "time": "6:08 h 17:43 h",
        "tidetime1": "2:55 h",
        "tideheight1": "1.1 m",
        "tidetime2": "11:56 h",
        "tideheight2": "0.0 m",
        "tidetime3": "no record",
        "tideheight3": "no record",
        "tidetime4": "no record",
        "tideheight4": "no record",
        "coefficient": "43 low"
    },
    {
        "day": "6 Fri",
        "time": "6:08 h 17:44 h",
        "tidetime1": "4:06 h",
        "tideheight1": "1.0 m",
        "tidetime2": "12:29 h",
        "tideheight2": "0.1 m",
        "tidetime3": "20:10 h",
        "tideheight3": "0.9 m",
        "tidetime4": "no record",
        "tideheight4": "no record",
        "coefficient": "50 average"
    },
    {
        "day": "7 Sat",
        "time": "6:09 h 17:44 h",
        "tidetime1": "0:23 h",
        "tideheight1": "0.5 m",
        "tidetime2": "5:39 h",
        "tideheight2": "0.9 m",
        "tidetime3": "12:54 h",
        "tideheight3": "0.2 m",
        "tidetime4": "20:04 h",
        "tideheight4": "0.9 m",
        "coefficient": "58 average"
    },
    {
        "day": "8 Sun",
        "time": "6:09 h 17:44 h",
        "tidetime1": "2:02 h",
        "tideheight1": "0.4 m",
        "tidetime2": "7:16 h",
        "tideheight2": "0.8 m",
        "tidetime3": "13:13 h",
        "tideheight3": "0.2 m",
        "tidetime4": "20:14 h",
        "tideheight4": "1.0 m",
        "coefficient": "66 average"
    },
    {
        "day": "9 Mon",
        "time": "6:10 h 17:45 h",
        "tidetime1": "3:06 h",
        "tideheight1": "0.2 m",
        "tidetime2": "8:42 h",
        "tideheight2": "0.8 m",
        "tidetime3": "13:29 h",
        "tideheight3": "0.3 m",
        "tidetime4": "20:32 h",
        "tideheight4": "1.1 m",
        "coefficient": "74 high"
    },
    {
        "day": "10 Tue",
        "time": "6:10 h 17:45 h",
        "tidetime1": "3:56 h",
        "tideheight1": "0.1 m",
        "tidetime2": "9:58 h",
        "tideheight2": "0.7 m",
        "tidetime3": "13:42 h",
        "tideheight3": "0.3 m",
        "tidetime4": "20:55 h",
        "tideheight4": "1.2 m",
        "coefficient": "80 high"
    },
    {
        "day": "11 Wed",
        "time": "6:11 h 17:45 h",
        "tidetime1": "4:42 h",
        "tideheight1": "0.0 m",
        "tidetime2": "11:11 h",
        "tideheight2": "0.7 m",
        "tidetime3": "13:50 h",
        "tideheight3": "0.3 m",
        "tidetime4": "21:21 h",
        "tideheight4": "1.3 m",
        "coefficient": "84 high"
    },
    {
        "day": "12 Thu",
        "time": "6:11 h 17:46 h",
        "tidetime1": "5:25 h",
        "tideheight1": "-0.1 m",
        "tidetime2": "12:34 h",
        "tideheight2": "0.7 m",
        "tidetime3": "13:47 h",
        "tideheight3": "0.3 m",
        "tidetime4": "21:51 h",
        "tideheight4": "1.4 m",
        "coefficient": "86 high"
    },
    {
        "day": "13 Fri",
        "time": "6:12 h 17:46 h",
        "tidetime1": "6:09 h",
        "tideheight1": "-0.2 m",
        "tidetime2": "22:24 h",
        "tideheight2": "1.5 m",
        "tidetime3": "no record",
        "tideheight3": "no record",
        "tidetime4": "no record",
        "tideheight4": "no record",
        "coefficient": "86 high"
    },
    {
        "day": "14 Sat",
        "time": "6:12 h 17:47 h",
        "tidetime1": "6:55 h",
        "tideheight1": "-0.3 m",
        "tidetime2": "22:59 h",
        "tideheight2": "1.5 m",
        "tidetime3": "no record",
        "tideheight3": "no record",
        "tidetime4": "no record",
        "tideheight4": "no record",
        "coefficient": "82 high"
    },
    {
        "day": "15 Sun",
        "time": "6:13 h 17:47 h",
        "tidetime1": "7:42 h",
        "tideheight1": "-0.3 m",
        "tidetime2": "23:38 h",
        "tideheight2": "1.5 m",
        "tidetime3": "no record",
        "tideheight3": "no record",
        "tidetime4": "no record",
        "tideheight4": "no record",
        "coefficient": "76 high"
    },
    {
        "day": "16 Mon",
        "time": "6:13 h 17:47 h",
        "tidetime1": "8:31 h",
        "tideheight1": "-0.3 m",
        "tidetime2": "no record",
        "tideheight2": "no record",
        "tidetime3": "no record",
        "tideheight3": "no record",
        "tidetime4": "no record",
        "tideheight4": "no record",
        "coefficient": "70 high"
    },
    {
        "day": "17 Tue",
        "time": "6:14 h 17:48 h",
        "tidetime1": "0:20 h",
        "tideheight1": "1.5 m",
        "tidetime2": "9:20 h",
        "tideheight2": "-0.3 m",
        "tidetime3": "no record",
        "tideheight3": "no record",
        "tidetime4": "no record",
        "tideheight4": "no record",
        "coefficient": "63 average"
    },
    {
        "day": "18 Wed",
        "time": "6:14 h 17:48 h",
        "tidetime1": "1:06 h",
        "tideheight1": "1.4 m",
        "tidetime2": "10:07 h",
        "tideheight2": "-0.2 m",
        "tidetime3": "no record",
        "tideheight3": "no record",
        "tidetime4": "no record",
        "tideheight4": "no record",
        "coefficient": "60 average"
    },
    {
        "day": "19 Thu",
        "time": "6:15 h 17:49 h",
        "tidetime1": "1:57 h",
        "tideheight1": "1.3 m",
        "tidetime2": "10:46 h",
        "tideheight2": "-0.1 m",
        "tidetime3": "no record",
        "tideheight3": "no record",
        "tidetime4": "no record",
        "tideheight4": "no record",
        "coefficient": "59 average"
    },
    {
        "day": "20 Fri",
        "time": "6:15 h 17:49 h",
        "tidetime1": "2:58 h",
        "tideheight1": "1.1 m",
        "tidetime2": "11:19 h",
        "tideheight2": "0.0 m",
        "tidetime3": "19:05 h",
        "tideheight3": "0.8 m",
        "tidetime4": "22:50 h",
        "tideheight4": "0.4 m",
        "coefficient": "63 average"
    },
    {
        "day": "21 Sat",
        "time": "6:16 h 17:50 h",
        "tidetime1": "4:23 h",
        "tideheight1": "0.9 m",
        "tidetime2": "11:45 h",
        "tideheight2": "0.1 m",
        "tidetime3": "19:10 h",
        "tideheight3": "1.0 m",
        "tidetime4": "no record",
        "tideheight4": "no record",
        "coefficient": "69 average"
    },
    {
        "day": "22 Sun",
        "time": "6:16 h 17:50 h",
        "tidetime1": "1:19 h",
        "tideheight1": "0.3 m",
        "tidetime2": "6:25 h",
        "tideheight2": "0.7 m",
        "tidetime3": "12:04 h",
        "tideheight3": "0.2 m",
        "tidetime4": "19:30 h",
        "tideheight4": "1.1 m",
        "coefficient": "75 high"
    },
    {
        "day": "23 Mon",
        "time": "6:17 h 17:51 h",
        "tidetime1": "2:54 h",
        "tideheight1": "0.1 m",
        "tidetime2": "8:29 h",
        "tideheight2": "0.6 m",
        "tidetime3": "12:19 h",
        "tideheight3": "0.2 m",
        "tidetime4": "19:58 h",
        "tideheight4": "1.3 m",
        "coefficient": "80 high"
    },
    {
        "day": "24 Tue",
        "time": "6:17 h 17:51 h",
        "tidetime1": "3:58 h",
        "tideheight1": "-0.1 m",
        "tidetime2": "10:20 h",
        "tideheight2": "0.6 m",
        "tidetime3": "12:27 h",
        "tideheight3": "0.3 m",
        "tidetime4": "20:31 h",
        "tideheight4": "1.4 m",
        "coefficient": "84 high"
    },
    {
        "day": "25 Wed",
        "time": "6:18 h 17:52 h",
        "tidetime1": "4:50 h",
        "tideheight1": "-0.2 m",
        "tidetime2": "21:07 h",
        "tideheight2": "1.5 m",
        "tidetime3": "no record",
        "tideheight3": "no record",
        "tidetime4": "no record",
        "tideheight4": "no record",
        "coefficient": "86 high"
    },
    {
        "day": "26 Thu",
        "time": "6:18 h 17:52 h",
        "tidetime1": "5:36 h",
        "tideheight1": "-0.3 m",
        "tidetime2": "21:45 h",
        "tideheight2": "1.5 m",
        "tidetime3": "no record",
        "tideheight3": "no record",
        "tidetime4": "no record",
        "tideheight4": "no record",
        "coefficient": "85 high"
    },
    {
        "day": "27 Fri",
        "time": "6:19 h 17:53 h",
        "tidetime1": "6:20 h",
        "tideheight1": "-0.3 m",
        "tidetime2": "22:23 h",
        "tideheight2": "1.5 m",
        "tidetime3": "no record",
        "tideheight3": "no record",
        "tidetime4": "no record",
        "tideheight4": "no record",
        "coefficient": "81 high"
    },
    {
        "day": "28 Sat",
        "time": "6:19 h 17:53 h",
        "tidetime1": "7:02 h",
        "tideheight1": "-0.3 m",
        "tidetime2": "23:02 h",
        "tideheight2": "1.5 m",
        "tidetime3": "no record",
        "tideheight3": "no record",
        "tidetime4": "no record",
        "tideheight4": "no record",
        "coefficient": "76 high"
    },
    {
        "day": "29 Sun",
        "time": "6:20 h 17:54 h",
        "tidetime1": "7:43 h",
        "tideheight1": "-0.3 m",
        "tidetime2": "23:41 h",
        "tideheight2": "1.5 m",
        "tidetime3": "no record",
        "tideheight3": "no record",
        "tidetime4": "no record",
        "tideheight4": "no record",
        "coefficient": "70 high"
    },
    {
        "day": "30 Mon",
        "time": "6:20 h 17:55 h",
        "tidetime1": "8:23 h",
        "tideheight1": "-0.2 m",
        "tidetime2": "no record",
        "tideheight2": "no record",
        "tidetime3": "no record",
        "tideheight3": "no record",
        "tidetime4": "no record",
        "tideheight4": "no record",
        "coefficient": "62 average"
    },
    {
        "day": "31 Tue",
        "time": "6:21 h 17:55 h",
        "tidetime1": "0:19 h",
        "tideheight1": "1.4 m",
        "tidetime2": "9:02 h",
        "tideheight2": "-0.2 m",
        "tidetime3": "no record",
        "tideheight3": "no record",
        "tidetime4": "no record",
        "tideheight4": "no record",
        "coefficient": "55 average"
    }
]