[
    {
        "day": "1 Mon",
        "time": "5:43 h 18:23 h",
        "tidetime1": "0:26 h",
        "tideheight1": "0.1 m",
        "tidetime2": "8:18 h",
        "tideheight2": "0.9 m",
        "tidetime3": "11:25 h",
        "tideheight3": "0.6 m",
        "tidetime4": "17:25 h",
        "tideheight4": "1.1 m",
        "coefficient": "75 high"
    },
    {
        "day": "2 Tue",
        "time": "5:43 h 18:23 h",
        "tidetime1": "0:52 h",
        "tideheight1": "0.2 m",
        "tidetime2": "8:04 h",
        "tideheight2": "1.0 m",
        "tidetime3": "13:38 h",
        "tideheight3": "0.4 m",
        "tidetime4": "19:14 h",
        "tideheight4": "0.9 m",
        "coefficient": "84 high"
    },
    {
        "day": "3 Wed",
        "time": "5:43 h 18:23 h",
        "tidetime1": "1:12 h",
        "tideheight1": "0.3 m",
        "tidetime2": "8:15 h",
        "tideheight2": "1.2 m",
        "tidetime3": "15:06 h",
        "tideheight3": "0.2 m",
        "tidetime4": "20:58 h",
        "tideheight4": "0.8 m",
        "coefficient": "92 very high"
    },
    {
        "day": "4 Thu",
        "time": "5:43 h 18:24 h",
        "tidetime1": "1:27 h",
        "tideheight1": "0.3 m",
        "tidetime2": "8:37 h",
        "tideheight2": "1.4 m",
        "tidetime3": "16:13 h",
        "tideheight3": "0.0 m",
        "tidetime4": "22:35 h",
        "tideheight4": "0.8 m",
        "coefficient": "95 very high"
    },
    {
        "day": "5 Fri",
        "time": "5:44 h 18:24 h",
        "tidetime1": "1:35 h",
        "tideheight1": "0.4 m",
        "tidetime2": "9:06 h",
        "tideheight2": "1.5 m",
        "tidetime3": "17:11 h",
        "tideheight3": "-0.1 m",
        "tidetime4": "no record",
        "tideheight4": "no record",
        "coefficient": "95 very high"
    },
    {
        "day": "6 Sat",
        "time": "5:44 h 18:24 h",
        "tidetime1": "0:26 h",
        "tideheight1": "0.7 m",
        "tidetime2": "1:22 h",
        "tideheight2": "0.4 m",
        "tidetime3": "9:40 h",
        "tideheight3": "1.6 m",
        "tidetime4": "18:05 h",
        "tideheight4": "-0.2 m",
        "coefficient": "91 very high"
    },
    {
        "day": "7 Sun",
        "time": "5:44 h 18:24 h",
        "tidetime1": "10:18 h",
        "tideheight1": "1.7 m",
        "tidetime2": "18:57 h",
        "tideheight2": "-0.2 m",
        "tidetime3": "no record",
        "tideheight3": "no record",
        "tidetime4": "no record",
        "tideheight4": "no record",
        "coefficient": "84 high"
    },
    {
        "day": "8 Mon",
        "time": "5:44 h 18:25 h",
        "tidetime1": "10:58 h",
        "tideheight1": "1.7 m",
        "tidetime2": "19:47 h",
        "tideheight2": "-0.2 m",
        "tidetime3": "no record",
        "tideheight3": "no record",
        "tidetime4": "no record",
        "tideheight4": "no record",
        "coefficient": "76 high"
    },
    {
        "day": "9 Tue",
        "time": "5:44 h 18:25 h",
        "tidetime1": "11:40 h",
        "tideheight1": "1.7 m",
        "tidetime2": "20:38 h",
        "tideheight2": "-0.2 m",
        "tidetime3": "no record",
        "tideheight3": "no record",
        "tidetime4": "no record",
        "tideheight4": "no record",
        "coefficient": "66 average"
    },
    {
        "day": "10 Wed",
        "time": "5:44 h 18:25 h",
        "tidetime1": "12:22 h",
        "tideheight1": "1.6 m",
        "tidetime2": "21:27 h",
        "tideheight2": "-0.1 m",
        "tidetime3": "no record",
        "tideheight3": "no record",
        "tidetime4": "no record",
        "tideheight4": "no record",
        "coefficient": "57 average"
    },
    {
        "day": "11 Thu",
        "time": "5:44 h 18:25 h",
        "tidetime1": "13:07 h",
        "tideheight1": "1.5 m",
        "tidetime2": "22:14 h",
        "tideheight2": "0.0 m",
        "tidetime3": "no record",
        "tideheight3": "no record",
        "tidetime4": "no record",
        "tideheight4": "no record",
        "coefficient": "49 low"
    },
    {
        "day": "12 Fri",
        "time": "5:44 h 18:26 h",
        "tidetime1": "13:53 h",
        "tideheight1": "1.4 m",
        "tidetime2": "22:56 h",
        "tideheight2": "0.0 m",
        "tidetime3": "no record",
        "tideheight3": "no record",
        "tidetime4": "no record",
        "tideheight4": "no record",
        "coefficient": "44 low"
    },
    {
        "day": "13 Sat",
        "time": "5:45 h 18:26 h",
        "tidetime1": "14:43 h",
        "tideheight1": "1.3 m",
        "tidetime2": "23:32 h",
        "tideheight2": "0.1 m",
        "tidetime3": "no record",
        "tideheight3": "no record",
        "tidetime4": "no record",
        "tideheight4": "no record",
        "coefficient": "43 low"
    },
    {
        "day": "14 Sun",
        "time": "5:45 h 18:26 h",
        "tidetime1": "15:44 h",
        "tideheight1": "1.1 m",
        "tidetime2": "no record",
        "tideheight2": "no record",
        "tidetime3": "no record",
        "tideheight3": "no record",
        "tidetime4": "no record",
        "tideheight4": "no record",
        "coefficient": "45 low"
    },
    {
        "day": "15 Mon",
        "time": "5:45 h 18:26 h",
        "tidetime1": "0:00 h",
        "tideheight1": "0.2 m",
        "tidetime2": "7:40 h",
        "tideheight2": "1.0 m",
        "tidetime3": "11:54 h",
        "tideheight3": "0.6 m",
        "tidetime4": "17:08 h",
        "tideheight4": "1.0 m",
        "coefficient": "50 average"
    },
    {
        "day": "16 Tue",
        "time": "5:45 h 18:27 h",
        "tidetime1": "0:22 h",
        "tideheight1": "0.3 m",
        "tidetime2": "7:37 h",
        "tideheight2": "1.0 m",
        "tidetime3": "13:48 h",
        "tideheight3": "0.5 m",
        "tidetime4": "18:53 h",
        "tideheight4": "0.9 m",
        "coefficient": "56 average"
    },
    {
        "day": "17 Wed",
        "time": "5:45 h 18:27 h",
        "tidetime1": "0:38 h",
        "tideheight1": "0.4 m",
        "tidetime2": "7:48 h",
        "tideheight2": "1.2 m",
        "tidetime3": "15:00 h",
        "tideheight3": "0.3 m",
        "tidetime4": "20:35 h",
        "tideheight4": "0.8 m",
        "coefficient": "62 average"
    },
    {
        "day": "18 Thu",
        "time": "5:45 h 18:27 h",
        "tidetime1": "0:49 h",
        "tideheight1": "0.4 m",
        "tidetime2": "8:08 h",
        "tideheight2": "1.3 m",
        "tidetime3": "15:53 h",
        "tideheight3": "0.2 m",
        "tidetime4": "22:07 h",
        "tideheight4": "0.8 m",
        "coefficient": "68 average"
    },
    {
        "day": "19 Fri",
        "time": "5:46 h 18:27 h",
        "tidetime1": "0:55 h",
        "tideheight1": "0.5 m",
        "tidetime2": "8:33 h",
        "tideheight2": "1.4 m",
        "tidetime3": "16:39 h",
        "tideheight3": "0.1 m",
        "tidetime4": "23:46 h",
        "tideheight4": "0.8 m",
        "coefficient": "73 high"
    },
    {
        "day": "20 Sat",
        "time": "5:46 h 18:28 h",
        "tidetime1": "0:44 h",
        "tideheight1": "0.5 m",
        "tidetime2": "9:02 h",
        "tideheight2": "1.5 m",
        "tidetime3": "17:22 h",
        "tideheight3": "0.0 m",
        "tidetime4": "no record",
        "tideheight4": "no record",
        "coefficient": "77 high"
    },
    {
        "day": "21 Sun",
        "time": "5:46 h 18:28 h",
        "tidetime1": "9:34 h",
        "tideheight1": "1.5 m",
        "tidetime2": "18:04 h",
        "tideheight2": "-0.1 m",
        "tidetime3": "no record",
        "tideheight3": "no record",
        "tidetime4": "no record",
        "tideheight4": "no record",
        "coefficient": "80 high"
    },
    {
        "day": "22 Mon",
        "time": "5:46 h 18:28 h",
        "tidetime1": "10:08 h",
        "tideheight1": "1.6 m",
        "tidetime2": "18:48 h",
        "tideheight2": "-0.1 m",
        "tidetime3": "no record",
        "tideheight3": "no record",
        "tidetime4": "no record",
        "tideheight4": "no record",
        "coefficient": "80 high"
    },
    {
        "day": "23 Tue",
        "time": "5:46 h 18:28 h",
        "tidetime1": "10:44 h",
        "tideheight1": "1.6 m",
        "tidetime2": "19:33 h",
        "tideheight2": "-0.2 m",
        "tidetime3": "no record",
        "tideheight3": "no record",
        "tidetime4": "no record",
        "tideheight4": "no record",
        "coefficient": "78 high"
    },
    {
        "day": "24 Wed",
        "time": "5:47 h 18:28 h",
        "tidetime1": "11:23 h",
        "tideheight1": "1.7 m",
        "tidetime2": "20:18 h",
        "tideheight2": "-0.1 m",
        "tidetime3": "no record",
        "tideheight3": "no record",
        "tidetime4": "no record",
        "tideheight4": "no record",
        "coefficient": "75 high"
    },
    {
        "day": "25 Thu",
        "time": "5:47 h 18:29 h",
        "tidetime1": "12:04 h",
        "tideheight1": "1.6 m",
        "tidetime2": "21:03 h",
        "tideheight2": "-0.1 m",
        "tidetime3": "no record",
        "tideheight3": "no record",
        "tidetime4": "no record",
        "tideheight4": "no record",
        "coefficient": "70 high"
    },
    {
        "day": "26 Fri",
        "time": "5:47 h 18:29 h",
        "tidetime1": "12:47 h",
        "tideheight1": "1.6 m",
        "tidetime2": "21:44 h",
        "tideheight2": "-0.1 m",
        "tidetime3": "no record",
        "tideheight3": "no record",
        "tidetime4": "no record",
        "tideheight4": "no record",
        "coefficient": "66 average"
    },
    {
        "day": "27 Sat",
        "time": "5:47 h 18:29 h",
        "tidetime1": "13:34 h",
        "tideheight1": "1.5 m",
        "tidetime2": "22:19 h",
        "tideheight2": "0.0 m",
        "tidetime3": "no record",
        "tideheight3": "no record",
        "tidetime4": "no record",
        "tideheight4": "no record",
        "coefficient": "63 average"
    },
    {
        "day": "28 Sun",
        "time": "5:48 h 18:29 h",
        "tidetime1": "14:28 h",
        "tideheight1": "1.3 m",
        "tidetime2": "22:48 h",
        "tideheight2": "0.1 m",
        "tidetime3": "no record",
        "tideheight3": "no record",
        "tidetime4": "no record",
        "tideheight4": "no record",
        "coefficient": "62 average"
    },
    {
        "day": "29 Mon",
        "time": "5:48 h 18:29 h",
        "tidetime1": "6:35 h",
        "tideheight1": "1.0 m",
        "tidetime2": "9:48 h",
        "tideheight2": "0.6 m",
        "tidetime3": "15:36 h",
        "tideheight3": "1.1 m",
        "tidetime4": "23:09 h",
        "tideheight4": "0.2 m",
        "coefficient": "64 average"
    },
    {
        "day": "30 Tue",
        "time": "5:48 h 18:29 h",
        "tidetime1": "6:35 h",
        "tideheight1": "1.1 m",
        "tidetime2": "12:28 h",
        "tideheight2": "0.5 m",
        "tidetime3": "17:24 h",
        "tideheight3": "0.9 m",
        "tidetime4": "23:25 h",
        "tideheight4": "0.3 m",
        "coefficient": "68 average"
    }
]