[
    {
        "day": "1 Wed",
        "time": "5:48 h 18:30 h",
        "tidetime1": "6:54 h",
        "tideheight1": "1.3 m",
        "tidetime2": "14:23 h",
        "tideheight2": "0.3 m",
        "tidetime3": "19:49 h",
        "tideheight3": "0.8 m",
        "tidetime4": "23:33 h",
        "tideheight4": "0.4 m",
        "coefficient": "73 high"
    },
    {
        "day": "2 Thu",
        "time": "5:49 h 18:30 h",
        "tidetime1": "7:23 h",
        "tideheight1": "1.4 m",
        "tidetime2": "15:38 h",
        "tideheight2": "0.1 m",
        "tidetime3": "22:25 h",
        "tideheight3": "0.7 m",
        "tidetime4": "23:13 h",
        "tideheight4": "0.4 m",
        "coefficient": "78 high"
    },
    {
        "day": "3 Fri",
        "time": "5:49 h 18:30 h",
        "tidetime1": "7:59 h",
        "tideheight1": "1.6 m",
        "tidetime2": "16:34 h",
        "tideheight2": "0.0 m",
        "tidetime3": "no record",
        "tideheight3": "no record",
        "tidetime4": "no record",
        "tideheight4": "no record",
        "coefficient": "82 high"
    },
    {
        "day": "4 Sat",
        "time": "5:49 h 18:30 h",
        "tidetime1": "8:39 h",
        "tideheight1": "1.7 m",
        "tidetime2": "17:24 h",
        "tideheight2": "-0.1 m",
        "tidetime3": "no record",
        "tideheight3": "no record",
        "tidetime4": "no record",
        "tideheight4": "no record",
        "coefficient": "84 high"
    },
    {
        "day": "5 Sun",
        "time": "5:49 h 18:30 h",
        "tidetime1": "9:21 h",
        "tideheight1": "1.7 m",
        "tidetime2": "18:09 h",
        "tideheight2": "-0.2 m",
        "tidetime3": "no record",
        "tideheight3": "no record",
        "tidetime4": "no record",
        "tideheight4": "no record",
        "coefficient": "84 high"
    },
    {
        "day": "6 Mon",
        "time": "5:50 h 18:30 h",
        "tidetime1": "10:04 h",
        "tideheight1": "1.8 m",
        "tidetime2": "18:53 h",
        "tideheight2": "-0.2 m",
        "tidetime3": "no record",
        "tideheight3": "no record",
        "tidetime4": "no record",
        "tideheight4": "no record",
        "coefficient": "82 high"
    },
    {
        "day": "7 Tue",
        "time": "5:50 h 18:30 h",
        "tidetime1": "10:48 h",
        "tideheight1": "1.7 m",
        "tidetime2": "19:35 h",
        "tideheight2": "-0.1 m",
        "tidetime3": "no record",
        "tideheight3": "no record",
        "tidetime4": "no record",
        "tideheight4": "no record",
        "coefficient": "77 high"
    },
    {
        "day": "8 Wed",
        "time": "5:50 h 18:30 h",
        "tidetime1": "11:31 h",
        "tideheight1": "1.7 m",
        "tidetime2": "20:15 h",
        "tideheight2": "-0.1 m",
        "tidetime3": "no record",
        "tideheight3": "no record",
        "tidetime4": "no record",
        "tideheight4": "no record",
        "coefficient": "71 high"
    },
    {
        "day": "9 Thu",
        "time": "5:50 h 18:30 h",
        "tidetime1": "12:12 h",
        "tideheight1": "1.6 m",
        "tidetime2": "20:52 h",
        "tideheight2": "0.0 m",
        "tidetime3": "no record",
        "tideheight3": "no record",
        "tidetime4": "no record",
        "tideheight4": "no record",
        "coefficient": "64 average"
    },
    {
        "day": "10 Fri",
        "time": "5:51 h 18:30 h",
        "tidetime1": "12:53 h",
        "tideheight1": "1.5 m",
        "tidetime2": "21:26 h",
        "tideheight2": "0.1 m",
        "tidetime3": "no record",
        "tideheight3": "no record",
        "tidetime4": "no record",
        "tideheight4": "no record",
        "coefficient": "57 average"
    },
    {
        "day": "11 Sat",
        "time": "5:51 h 18:30 h",
        "tidetime1": "13:33 h",
        "tideheight1": "1.4 m",
        "tidetime2": "21:55 h",
        "tideheight2": "0.2 m",
        "tidetime3": "no record",
        "tideheight3": "no record",
        "tidetime4": "no record",
        "tideheight4": "no record",
        "coefficient": "51 average"
    },
    {
        "day": "12 Sun",
        "time": "5:51 h 18:30 h",
        "tidetime1": "14:17 h",
        "tideheight1": "1.2 m",
        "tidetime2": "22:19 h",
        "tideheight2": "0.3 m",
        "tidetime3": "no record",
        "tideheight3": "no record",
        "tidetime4": "no record",
        "tideheight4": "no record",
        "coefficient": "46 low"
    },
    {
        "day": "13 Mon",
        "time": "5:51 h 18:30 h",
        "tidetime1": "5:42 h",
        "tideheight1": "0.9 m",
        "tidetime2": "9:19 h",
        "tideheight2": "0.6 m",
        "tidetime3": "15:10 h",
        "tideheight3": "1.1 m",
        "tidetime4": "22:38 h",
        "tideheight4": "0.3 m",
        "coefficient": "43 low"
    },
    {
        "day": "14 Tue",
        "time": "5:52 h 18:30 h",
        "tidetime1": "5:52 h",
        "tideheight1": "1.0 m",
        "tidetime2": "11:44 h",
        "tideheight2": "0.5 m",
        "tidetime3": "16:30 h",
        "tideheight3": "0.9 m",
        "tidetime4": "22:50 h",
        "tideheight4": "0.4 m",
        "coefficient": "44 low"
    },
    {
        "day": "15 Wed",
        "time": "5:52 h 18:30 h",
        "tidetime1": "6:13 h",
        "tideheight1": "1.1 m",
        "tidetime2": "13:41 h",
        "tideheight2": "0.4 m",
        "tidetime3": "18:47 h",
        "tideheight3": "0.8 m",
        "tidetime4": "22:53 h",
        "tideheight4": "0.5 m",
        "coefficient": "47 low"
    },
    {
        "day": "16 Thu",
        "time": "5:52 h 18:30 h",
        "tidetime1": "6:42 h",
        "tideheight1": "1.3 m",
        "tidetime2": "14:55 h",
        "tideheight2": "0.3 m",
        "tidetime3": "21:33 h",
        "tideheight3": "0.8 m",
        "tidetime4": "22:32 h",
        "tideheight4": "0.5 m",
        "coefficient": "53 average"
    },
    {
        "day": "17 Fri",
        "time": "5:52 h 18:30 h",
        "tidetime1": "7:15 h",
        "tideheight1": "1.4 m",
        "tidetime2": "15:47 h",
        "tideheight2": "0.2 m",
        "tidetime3": "no record",
        "tideheight3": "no record",
        "tidetime4": "no record",
        "tideheight4": "no record",
        "coefficient": "61 average"
    },
    {
        "day": "18 Sat",
        "time": "5:53 h 18:30 h",
        "tidetime1": "7:52 h",
        "tideheight1": "1.5 m",
        "tidetime2": "16:32 h",
        "tideheight2": "0.1 m",
        "tidetime3": "no record",
        "tideheight3": "no record",
        "tidetime4": "no record",
        "tideheight4": "no record",
        "coefficient": "69 average"
    },
    {
        "day": "19 Sun",
        "time": "5:53 h 18:30 h",
        "tidetime1": "8:32 h",
        "tideheight1": "1.6 m",
        "tidetime2": "17:14 h",
        "tideheight2": "0.0 m",
        "tidetime3": "no record",
        "tideheight3": "no record",
        "tidetime4": "no record",
        "tideheight4": "no record",
        "coefficient": "77 high"
    },
    {
        "day": "20 Mon",
        "time": "5:53 h 18:30 h",
        "tidetime1": "9:13 h",
        "tideheight1": "1.6 m",
        "tidetime2": "17:55 h",
        "tideheight2": "-0.1 m",
        "tidetime3": "no record",
        "tideheight3": "no record",
        "tidetime4": "no record",
        "tideheight4": "no record",
        "coefficient": "83 high"
    },
    {
        "day": "21 Tue",
        "time": "5:53 h 18:30 h",
        "tidetime1": "9:54 h",
        "tideheight1": "1.7 m",
        "tidetime2": "18:36 h",
        "tideheight2": "-0.1 m",
        "tidetime3": "no record",
        "tideheight3": "no record",
        "tidetime4": "no record",
        "tideheight4": "no record",
        "coefficient": "87 high"
    },
    {
        "day": "22 Wed",
        "time": "5:53 h 18:30 h",
        "tidetime1": "10:37 h",
        "tideheight1": "1.7 m",
        "tidetime2": "19:15 h",
        "tideheight2": "-0.1 m",
        "tidetime3": "no record",
        "tideheight3": "no record",
        "tidetime4": "no record",
        "tideheight4": "no record",
        "coefficient": "89 high"
    },
    {
        "day": "23 Thu",
        "time": "5:54 h 18:30 h",
        "tidetime1": "11:19 h",
        "tideheight1": "1.7 m",
        "tidetime2": "19:52 h",
        "tideheight2": "-0.1 m",
        "tidetime3": "no record",
        "tideheight3": "no record",
        "tidetime4": "no record",
        "tideheight4": "no record",
        "coefficient": "88 high"
    },
    {
        "day": "24 Fri",
        "time": "5:54 h 18:29 h",
        "tidetime1": "12:03 h",
        "tideheight1": "1.6 m",
        "tidetime2": "20:26 h",
        "tideheight2": "0.0 m",
        "tidetime3": "no record",
        "tideheight3": "no record",
        "tidetime4": "no record",
        "tideheight4": "no record",
        "coefficient": "84 high"
    },
    {
        "day": "25 Sat",
        "time": "5:54 h 18:29 h",
        "tidetime1": "12:49 h",
        "tideheight1": "1.5 m",
        "tidetime2": "20:54 h",
        "tideheight2": "0.1 m",
        "tidetime3": "no record",
        "tideheight3": "no record",
        "tidetime4": "no record",
        "tideheight4": "no record",
        "coefficient": "77 high"
    },
    {
        "day": "26 Sun",
        "time": "5:54 h 18:29 h",
        "tidetime1": "3:53 h",
        "tideheight1": "0.9 m",
        "tidetime2": "6:31 h",
        "tideheight2": "0.5 m",
        "tidetime3": "13:38 h",
        "tideheight3": "1.4 m",
        "tidetime4": "21:16 h",
        "tideheight4": "0.2 m",
        "coefficient": "70 high"
    },
    {
        "day": "27 Mon",
        "time": "5:54 h 18:29 h",
        "tidetime1": "4:08 h",
        "tideheight1": "1.0 m",
        "tidetime2": "8:32 h",
        "tideheight2": "0.5 m",
        "tidetime3": "14:35 h",
        "tideheight3": "1.1 m",
        "tidetime4": "21:31 h",
        "tideheight4": "0.3 m",
        "coefficient": "63 average"
    },
    {
        "day": "28 Tue",
        "time": "5:54 h 18:29 h",
        "tidetime1": "4:34 h",
        "tideheight1": "1.1 m",
        "tidetime2": "10:46 h",
        "tideheight2": "0.5 m",
        "tidetime3": "15:58 h",
        "tideheight3": "0.9 m",
        "tidetime4": "21:40 h",
        "tideheight4": "0.4 m",
        "coefficient": "58 average"
    },
    {
        "day": "29 Wed",
        "time": "5:55 h 18:28 h",
        "tidetime1": "5:10 h",
        "tideheight1": "1.3 m",
        "tidetime2": "13:05 h",
        "tideheight2": "0.3 m",
        "tidetime3": "18:42 h",
        "tideheight3": "0.8 m",
        "tidetime4": "21:30 h",
        "tideheight4": "0.4 m",
        "coefficient": "57 average"
    },
    {
        "day": "30 Thu",
        "time": "5:55 h 18:28 h",
        "tidetime1": "5:53 h",
        "tideheight1": "1.4 m",
        "tidetime2": "14:44 h",
        "tideheight2": "0.2 m",
        "tidetime3": "no record",
        "tideheight3": "no record",
        "tidetime4": "no record",
        "tideheight4": "no record",
        "coefficient": "61 average"
    },
    {
        "day": "31 Fri",
        "time": "5:55 h 18:28 h",
        "tidetime1": "6:41 h",
        "tideheight1": "1.6 m",
        "tidetime2": "15:47 h",
        "tideheight2": "0.0 m",
        "tidetime3": "no record",
        "tideheight3": "no record",
        "tidetime4": "no record",
        "tideheight4": "no record",
        "coefficient": "67 average"
    }
]