[
    {
        "day": "1 Fri",
        "time": "5:55 h 17:42 h",
        "tidetime1": "7:59 h",
        "tideheight1": "-0.1 m",
        "tidetime2": "no record",
        "tideheight2": "no record",
        "tidetime3": "no record",
        "tideheight3": "no record",
        "tidetime4": "no record",
        "tideheight4": "no record",
        "coefficient": "62 average"
    },
    {
        "day": "2 Sat",
        "time": "5:55 h 17:42 h",
        "tidetime1": "0:16 h",
        "tideheight1": "1.5 m",
        "tidetime2": "9:01 h",
        "tideheight2": "-0.1 m",
        "tidetime3": "no record",
        "tideheight3": "no record",
        "tidetime4": "no record",
        "tideheight4": "no record",
        "coefficient": "48 low"
    },
    {
        "day": "3 Sun",
        "time": "5:55 h 17:42 h",
        "tidetime1": "0:56 h",
        "tideheight1": "1.5 m",
        "tidetime2": "10:07 h",
        "tideheight2": "-0.1 m",
        "tidetime3": "no record",
        "tideheight3": "no record",
        "tidetime4": "no record",
        "tideheight4": "no record",
        "coefficient": "38 low"
    },
    {
        "day": "4 Mon",
        "time": "5:56 h 17:41 h",
        "tidetime1": "1:41 h",
        "tideheight1": "1.4 m",
        "tidetime2": "11:14 h",
        "tideheight2": "0.0 m",
        "tidetime3": "no record",
        "tideheight3": "no record",
        "tidetime4": "no record",
        "tideheight4": "no record",
        "coefficient": "34 low"
    },
    {
        "day": "5 Tue",
        "time": "5:56 h 17:41 h",
        "tidetime1": "2:35 h",
        "tideheight1": "1.3 m",
        "tidetime2": "12:15 h",
        "tideheight2": "0.0 m",
        "tidetime3": "no record",
        "tideheight3": "no record",
        "tidetime4": "no record",
        "tideheight4": "no record",
        "coefficient": "38 low"
    },
    {
        "day": "6 Wed",
        "time": "5:56 h 17:41 h",
        "tidetime1": "3:46 h",
        "tideheight1": "1.2 m",
        "tidetime2": "13:05 h",
        "tideheight2": "0.1 m",
        "tidetime3": "no record",
        "tideheight3": "no record",
        "tidetime4": "no record",
        "tideheight4": "no record",
        "coefficient": "46 low"
    },
    {
        "day": "7 Thu",
        "time": "5:56 h 17:41 h",
        "tidetime1": "5:13 h",
        "tideheight1": "1.1 m",
        "tidetime2": "13:44 h",
        "tideheight2": "0.1 m",
        "tidetime3": "21:23 h",
        "tideheight3": "0.9 m",
        "tidetime4": "no record",
        "tideheight4": "no record",
        "coefficient": "56 average"
    },
    {
        "day": "8 Fri",
        "time": "5:57 h 17:41 h",
        "tidetime1": "0:15 h",
        "tideheight1": "0.5 m",
        "tidetime2": "6:38 h",
        "tideheight2": "1.1 m",
        "tidetime3": "14:13 h",
        "tideheight3": "0.2 m",
        "tidetime4": "21:06 h",
        "tideheight4": "0.9 m",
        "coefficient": "65 average"
    },
    {
        "day": "9 Sat",
        "time": "5:57 h 17:41 h",
        "tidetime1": "1:50 h",
        "tideheight1": "0.4 m",
        "tidetime2": "7:51 h",
        "tideheight2": "1.0 m",
        "tidetime3": "14:36 h",
        "tideheight3": "0.2 m",
        "tidetime4": "21:09 h",
        "tideheight4": "1.0 m",
        "coefficient": "74 high"
    },
    {
        "day": "10 Sun",
        "time": "5:57 h 17:40 h",
        "tidetime1": "2:53 h",
        "tideheight1": "0.3 m",
        "tidetime2": "8:54 h",
        "tideheight2": "1.0 m",
        "tidetime3": "14:54 h",
        "tideheight3": "0.3 m",
        "tidetime4": "21:21 h",
        "tideheight4": "1.1 m",
        "coefficient": "81 high"
    },
    {
        "day": "11 Mon",
        "time": "5:58 h 17:40 h",
        "tidetime1": "3:46 h",
        "tideheight1": "0.2 m",
        "tidetime2": "9:51 h",
        "tideheight2": "0.9 m",
        "tidetime3": "15:09 h",
        "tideheight3": "0.3 m",
        "tidetime4": "21:37 h",
        "tideheight4": "1.2 m",
        "coefficient": "85 high"
    },
    {
        "day": "12 Tue",
        "time": "5:58 h 17:40 h",
        "tidetime1": "4:33 h",
        "tideheight1": "0.1 m",
        "tidetime2": "10:47 h",
        "tideheight2": "0.9 m",
        "tidetime3": "15:21 h",
        "tideheight3": "0.4 m",
        "tidetime4": "21:58 h",
        "tideheight4": "1.2 m",
        "coefficient": "87 high"
    },
    {
        "day": "13 Wed",
        "time": "5:58 h 17:40 h",
        "tidetime1": "5:18 h",
        "tideheight1": "0.0 m",
        "tidetime2": "11:46 h",
        "tideheight2": "0.8 m",
        "tidetime3": "15:30 h",
        "tideheight3": "0.4 m",
        "tidetime4": "22:21 h",
        "tideheight4": "1.3 m",
        "coefficient": "87 high"
    },
    {
        "day": "14 Thu",
        "time": "5:59 h 17:40 h",
        "tidetime1": "6:03 h",
        "tideheight1": "0.0 m",
        "tidetime2": "12:53 h",
        "tideheight2": "0.8 m",
        "tidetime3": "15:31 h",
        "tideheight3": "0.4 m",
        "tidetime4": "22:46 h",
        "tideheight4": "1.4 m",
        "coefficient": "83 high"
    },
    {
        "day": "15 Fri",
        "time": "5:59 h 17:40 h",
        "tidetime1": "6:51 h",
        "tideheight1": "-0.1 m",
        "tidetime2": "23:15 h",
        "tideheight2": "1.4 m",
        "tidetime3": "no record",
        "tideheight3": "no record",
        "tidetime4": "no record",
        "tideheight4": "no record",
        "coefficient": "77 high"
    },
    {
        "day": "16 Sat",
        "time": "5:59 h 17:40 h",
        "tidetime1": "7:42 h",
        "tideheight1": "-0.1 m",
        "tidetime2": "23:47 h",
        "tideheight2": "1.5 m",
        "tidetime3": "no record",
        "tideheight3": "no record",
        "tidetime4": "no record",
        "tideheight4": "no record",
        "coefficient": "68 average"
    },
    {
        "day": "17 Sun",
        "time": "6:00 h 17:40 h",
        "tidetime1": "8:37 h",
        "tideheight1": "-0.2 m",
        "tidetime2": "no record",
        "tideheight2": "no record",
        "tidetime3": "no record",
        "tideheight3": "no record",
        "tidetime4": "no record",
        "tideheight4": "no record",
        "coefficient": "59 average"
    },
    {
        "day": "18 Mon",
        "time": "6:00 h 17:40 h",
        "tidetime1": "0:25 h",
        "tideheight1": "1.5 m",
        "tidetime2": "9:38 h",
        "tideheight2": "-0.2 m",
        "tidetime3": "no record",
        "tideheight3": "no record",
        "tidetime4": "no record",
        "tideheight4": "no record",
        "coefficient": "52 average"
    },
    {
        "day": "19 Tue",
        "time": "6:00 h 17:40 h",
        "tidetime1": "1:10 h",
        "tideheight1": "1.4 m",
        "tidetime2": "10:40 h",
        "tideheight2": "-0.1 m",
        "tidetime3": "no record",
        "tideheight3": "no record",
        "tidetime4": "no record",
        "tideheight4": "no record",
        "coefficient": "49 low"
    },
    {
        "day": "20 Wed",
        "time": "6:01 h 17:40 h",
        "tidetime1": "2:04 h",
        "tideheight1": "1.4 m",
        "tidetime2": "11:38 h",
        "tideheight2": "-0.1 m",
        "tidetime3": "no record",
        "tideheight3": "no record",
        "tidetime4": "no record",
        "tideheight4": "no record",
        "coefficient": "54 average"
    },
    {
        "day": "21 Thu",
        "time": "6:01 h 17:40 h",
        "tidetime1": "3:13 h",
        "tideheight1": "1.3 m",
        "tidetime2": "12:25 h",
        "tideheight2": "-0.1 m",
        "tidetime3": "no record",
        "tideheight3": "no record",
        "tidetime4": "no record",
        "tideheight4": "no record",
        "coefficient": "65 average"
    },
    {
        "day": "22 Fri",
        "time": "6:02 h 17:40 h",
        "tidetime1": "4:42 h",
        "tideheight1": "1.2 m",
        "tidetime2": "13:01 h",
        "tideheight2": "0.0 m",
        "tidetime3": "20:30 h",
        "tideheight3": "0.9 m",
        "tidetime4": "no record",
        "tideheight4": "no record",
        "coefficient": "77 high"
    },
    {
        "day": "23 Sat",
        "time": "6:02 h 17:41 h",
        "tidetime1": "0:26 h",
        "tideheight1": "0.5 m",
        "tidetime2": "6:25 h",
        "tideheight2": "1.0 m",
        "tidetime3": "13:28 h",
        "tideheight3": "0.1 m",
        "tidetime4": "20:28 h",
        "tideheight4": "1.0 m",
        "coefficient": "87 high"
    },
    {
        "day": "24 Sun",
        "time": "6:02 h 17:41 h",
        "tidetime1": "2:11 h",
        "tideheight1": "0.3 m",
        "tidetime2": "8:01 h",
        "tideheight2": "0.9 m",
        "tidetime3": "13:50 h",
        "tideheight3": "0.2 m",
        "tidetime4": "20:42 h",
        "tideheight4": "1.1 m",
        "coefficient": "95 very high"
    },
    {
        "day": "25 Mon",
        "time": "6:03 h 17:41 h",
        "tidetime1": "3:27 h",
        "tideheight1": "0.1 m",
        "tidetime2": "9:27 h",
        "tideheight2": "0.8 m",
        "tidetime3": "14:07 h",
        "tideheight3": "0.3 m",
        "tidetime4": "21:05 h",
        "tideheight4": "1.3 m",
        "coefficient": "99 very high"
    },
    {
        "day": "26 Tue",
        "time": "6:03 h 17:41 h",
        "tidetime1": "4:28 h",
        "tideheight1": "0.0 m",
        "tidetime2": "10:47 h",
        "tideheight2": "0.7 m",
        "tidetime3": "14:21 h",
        "tideheight3": "0.3 m",
        "tidetime4": "21:33 h",
        "tideheight4": "1.4 m",
        "coefficient": "98 very high"
    },
    {
        "day": "27 Wed",
        "time": "6:04 h 17:41 h",
        "tidetime1": "5:23 h",
        "tideheight1": "-0.1 m",
        "tidetime2": "12:09 h",
        "tideheight2": "0.7 m",
        "tidetime3": "14:28 h",
        "tideheight3": "0.3 m",
        "tidetime4": "22:04 h",
        "tideheight4": "1.5 m",
        "coefficient": "93 very high"
    },
    {
        "day": "28 Thu",
        "time": "6:04 h 17:41 h",
        "tidetime1": "6:15 h",
        "tideheight1": "-0.2 m",
        "tidetime2": "22:38 h",
        "tideheight2": "1.6 m",
        "tidetime3": "no record",
        "tideheight3": "no record",
        "tidetime4": "no record",
        "tideheight4": "no record",
        "coefficient": "85 high"
    },
    {
        "day": "29 Fri",
        "time": "6:05 h 17:42 h",
        "tidetime1": "7:06 h",
        "tideheight1": "-0.3 m",
        "tidetime2": "23:15 h",
        "tideheight2": "1.6 m",
        "tidetime3": "no record",
        "tideheight3": "no record",
        "tidetime4": "no record",
        "tideheight4": "no record",
        "coefficient": "75 high"
    },
    {
        "day": "30 Sat",
        "time": "6:05 h 17:42 h",
        "tidetime1": "7:56 h",
        "tideheight1": "-0.2 m",
        "tidetime2": "23:53 h",
        "tideheight2": "1.5 m",
        "tidetime3": "no record",
        "tideheight3": "no record",
        "tidetime4": "no record",
        "tideheight4": "no record",
        "coefficient": "64 average"
    }
]