[
    {
        "day": "1 Tue",
        "time": "5:48 h 18:16 h",
        "tidetime1": "4:03 h",
        "tideheight1": "0.3 m",
        "tidetime2": "10:41 h",
        "tideheight2": "1.2 m",
        "tidetime3": "18:02 h",
        "tideheight3": "0.0 m",
        "tidetime4": "no record",
        "tideheight4": "no record",
        "coefficient": "86 high"
    },
    {
        "day": "2 Wed",
        "time": "5:48 h 18:17 h",
        "tidetime1": "0:31 h",
        "tideheight1": "0.8 m",
        "tidetime2": "4:16 h",
        "tideheight2": "0.4 m",
        "tidetime3": "11:07 h",
        "tideheight3": "1.3 m",
        "tidetime4": "18:50 h",
        "tideheight4": "-0.1 m",
        "coefficient": "78 high"
    },
    {
        "day": "3 Thu",
        "time": "5:48 h 18:17 h",
        "tidetime1": "1:37 h",
        "tideheight1": "0.7 m",
        "tidetime2": "4:22 h",
        "tideheight2": "0.4 m",
        "tidetime3": "11:34 h",
        "tideheight3": "1.3 m",
        "tidetime4": "19:38 h",
        "tideheight4": "-0.1 m",
        "coefficient": "69 average"
    },
    {
        "day": "4 Fri",
        "time": "5:47 h 18:17 h",
        "tidetime1": "3:23 h",
        "tideheight1": "0.7 m",
        "tidetime2": "3:48 h",
        "tideheight2": "0.4 m",
        "tidetime3": "12:04 h",
        "tideheight3": "1.3 m",
        "tidetime4": "20:28 h",
        "tideheight4": "-0.1 m",
        "coefficient": "59 average"
    },
    {
        "day": "5 Sat",
        "time": "5:47 h 18:17 h",
        "tidetime1": "12:37 h",
        "tideheight1": "1.3 m",
        "tidetime2": "21:22 h",
        "tideheight2": "0.0 m",
        "tidetime3": "no record",
        "tideheight3": "no record",
        "tidetime4": "no record",
        "tideheight4": "no record",
        "coefficient": "49 low"
    },
    {
        "day": "6 Sun",
        "time": "5:47 h 18:17 h",
        "tidetime1": "13:15 h",
        "tideheight1": "1.3 m",
        "tidetime2": "22:20 h",
        "tideheight2": "0.0 m",
        "tidetime3": "no record",
        "tideheight3": "no record",
        "tidetime4": "no record",
        "tideheight4": "no record",
        "coefficient": "41 low"
    },
    {
        "day": "7 Mon",
        "time": "5:46 h 18:17 h",
        "tidetime1": "13:59 h",
        "tideheight1": "1.2 m",
        "tidetime2": "23:21 h",
        "tideheight2": "0.0 m",
        "tidetime3": "no record",
        "tideheight3": "no record",
        "tidetime4": "no record",
        "tideheight4": "no record",
        "coefficient": "36 low"
    },
    {
        "day": "8 Tue",
        "time": "5:46 h 18:17 h",
        "tidetime1": "14:55 h",
        "tideheight1": "1.2 m",
        "tidetime2": "no record",
        "tideheight2": "no record",
        "tidetime3": "no record",
        "tideheight3": "no record",
        "tidetime4": "no record",
        "tideheight4": "no record",
        "coefficient": "38 low"
    },
    {
        "day": "9 Wed",
        "time": "5:46 h 18:18 h",
        "tidetime1": "0:17 h",
        "tideheight1": "0.0 m",
        "tidetime2": "16:07 h",
        "tideheight2": "1.1 m",
        "tidetime3": "no record",
        "tideheight3": "no record",
        "tidetime4": "no record",
        "tideheight4": "no record",
        "coefficient": "45 low"
    },
    {
        "day": "10 Thu",
        "time": "5:46 h 18:18 h",
        "tidetime1": "1:03 h",
        "tideheight1": "0.1 m",
        "tidetime2": "17:33 h",
        "tideheight2": "1.1 m",
        "tidetime3": "no record",
        "tideheight3": "no record",
        "tidetime4": "no record",
        "tideheight4": "no record",
        "coefficient": "55 average"
    },
    {
        "day": "11 Fri",
        "time": "5:45 h 18:18 h",
        "tidetime1": "1:40 h",
        "tideheight1": "0.1 m",
        "tidetime2": "8:56 h",
        "tideheight2": "0.9 m",
        "tidetime3": "12:51 h",
        "tideheight3": "0.5 m",
        "tidetime4": "18:58 h",
        "tideheight4": "1.0 m",
        "coefficient": "67 average"
    },
    {
        "day": "12 Sat",
        "time": "5:45 h 18:18 h",
        "tidetime1": "2:08 h",
        "tideheight1": "0.2 m",
        "tidetime2": "8:55 h",
        "tideheight2": "0.9 m",
        "tidetime3": "14:13 h",
        "tideheight3": "0.4 m",
        "tidetime4": "20:13 h",
        "tideheight4": "1.0 m",
        "coefficient": "79 high"
    },
    {
        "day": "13 Sun",
        "time": "5:45 h 18:18 h",
        "tidetime1": "2:30 h",
        "tideheight1": "0.2 m",
        "tidetime2": "9:06 h",
        "tideheight2": "1.0 m",
        "tidetime3": "15:16 h",
        "tideheight3": "0.2 m",
        "tidetime4": "21:22 h",
        "tideheight4": "0.9 m",
        "coefficient": "89 high"
    },
    {
        "day": "14 Mon",
        "time": "5:45 h 18:18 h",
        "tidetime1": "2:49 h",
        "tideheight1": "0.3 m",
        "tidetime2": "9:23 h",
        "tideheight2": "1.1 m",
        "tidetime3": "16:11 h",
        "tideheight3": "0.1 m",
        "tidetime4": "22:28 h",
        "tideheight4": "0.9 m",
        "coefficient": "97 very high"
    },
    {
        "day": "15 Tue",
        "time": "5:44 h 18:19 h",
        "tidetime1": "3:05 h",
        "tideheight1": "0.3 m",
        "tidetime2": "9:45 h",
        "tideheight2": "1.3 m",
        "tidetime3": "17:03 h",
        "tideheight3": "0.0 m",
        "tidetime4": "23:36 h",
        "tideheight4": "0.8 m",
        "coefficient": "100 very high"
    },
    {
        "day": "16 Wed",
        "time": "5:44 h 18:19 h",
        "tidetime1": "3:19 h",
        "tideheight1": "0.4 m",
        "tidetime2": "10:12 h",
        "tideheight2": "1.4 m",
        "tidetime3": "17:55 h",
        "tideheight3": "-0.1 m",
        "tidetime4": "no record",
        "tideheight4": "no record",
        "coefficient": "99 very high"
    },
    {
        "day": "17 Thu",
        "time": "5:44 h 18:19 h",
        "tidetime1": "0:51 h",
        "tideheight1": "0.8 m",
        "tidetime2": "3:26 h",
        "tideheight2": "0.4 m",
        "tidetime3": "10:43 h",
        "tideheight3": "1.5 m",
        "tidetime4": "18:49 h",
        "tideheight4": "-0.2 m",
        "coefficient": "94 very high"
    },
    {
        "day": "18 Fri",
        "time": "5:44 h 18:19 h",
        "tidetime1": "11:19 h",
        "tideheight1": "1.5 m",
        "tidetime2": "19:46 h",
        "tideheight2": "-0.2 m",
        "tidetime3": "no record",
        "tideheight3": "no record",
        "tidetime4": "no record",
        "tideheight4": "no record",
        "coefficient": "85 high"
    },
    {
        "day": "19 Sat",
        "time": "5:44 h 18:19 h",
        "tidetime1": "11:59 h",
        "tideheight1": "1.6 m",
        "tidetime2": "20:45 h",
        "tideheight2": "-0.2 m",
        "tidetime3": "no record",
        "tideheight3": "no record",
        "tidetime4": "no record",
        "tideheight4": "no record",
        "coefficient": "74 high"
    },
    {
        "day": "20 Sun",
        "time": "5:44 h 18:20 h",
        "tidetime1": "12:45 h",
        "tideheight1": "1.6 m",
        "tidetime2": "21:45 h",
        "tideheight2": "-0.2 m",
        "tidetime3": "no record",
        "tideheight3": "no record",
        "tidetime4": "no record",
        "tideheight4": "no record",
        "coefficient": "64 average"
    },
    {
        "day": "21 Mon",
        "time": "5:44 h 18:20 h",
        "tidetime1": "13:35 h",
        "tideheight1": "1.5 m",
        "tidetime2": "22:45 h",
        "tideheight2": "-0.1 m",
        "tidetime3": "no record",
        "tideheight3": "no record",
        "tidetime4": "no record",
        "tideheight4": "no record",
        "coefficient": "57 average"
    },
    {
        "day": "22 Tue",
        "time": "5:44 h 18:20 h",
        "tidetime1": "14:34 h",
        "tideheight1": "1.4 m",
        "tidetime2": "23:38 h",
        "tideheight2": "-0.1 m",
        "tidetime3": "no record",
        "tideheight3": "no record",
        "tidetime4": "no record",
        "tideheight4": "no record",
        "coefficient": "56 average"
    },
    {
        "day": "23 Wed",
        "time": "5:43 h 18:20 h",
        "tidetime1": "15:44 h",
        "tideheight1": "1.3 m",
        "tidetime2": "no record",
        "tideheight2": "no record",
        "tidetime3": "no record",
        "tideheight3": "no record",
        "tidetime4": "no record",
        "tideheight4": "no record",
        "coefficient": "60 average"
    },
    {
        "day": "24 Thu",
        "time": "5:43 h 18:21 h",
        "tidetime1": "0:22 h",
        "tideheight1": "0.0 m",
        "tidetime2": "8:24 h",
        "tideheight2": "0.9 m",
        "tidetime3": "10:47 h",
        "tideheight3": "0.6 m",
        "tidetime4": "17:13 h",
        "tideheight4": "1.1 m",
        "coefficient": "66 average"
    },
    {
        "day": "25 Fri",
        "time": "5:43 h 18:21 h",
        "tidetime1": "0:56 h",
        "tideheight1": "0.1 m",
        "tidetime2": "8:16 h",
        "tideheight2": "1.0 m",
        "tidetime3": "13:12 h",
        "tideheight3": "0.5 m",
        "tidetime4": "18:52 h",
        "tideheight4": "1.0 m",
        "coefficient": "72 high"
    },
    {
        "day": "26 Sat",
        "time": "5:43 h 18:21 h",
        "tidetime1": "1:23 h",
        "tideheight1": "0.2 m",
        "tidetime2": "8:29 h",
        "tideheight2": "1.1 m",
        "tidetime3": "14:44 h",
        "tideheight3": "0.3 m",
        "tidetime4": "20:22 h",
        "tideheight4": "0.9 m",
        "coefficient": "78 high"
    },
    {
        "day": "27 Sun",
        "time": "5:43 h 18:21 h",
        "tidetime1": "1:46 h",
        "tideheight1": "0.3 m",
        "tidetime2": "8:49 h",
        "tideheight2": "1.2 m",
        "tidetime3": "15:50 h",
        "tideheight3": "0.2 m",
        "tidetime4": "21:41 h",
        "tideheight4": "0.8 m",
        "coefficient": "81 high"
    },
    {
        "day": "28 Mon",
        "time": "5:43 h 18:22 h",
        "tidetime1": "2:04 h",
        "tideheight1": "0.3 m",
        "tidetime2": "9:12 h",
        "tideheight2": "1.3 m",
        "tidetime3": "16:42 h",
        "tideheight3": "0.1 m",
        "tidetime4": "22:54 h",
        "tideheight4": "0.8 m",
        "coefficient": "83 high"
    },
    {
        "day": "29 Tue",
        "time": "5:43 h 18:22 h",
        "tidetime1": "2:21 h",
        "tideheight1": "0.4 m",
        "tidetime2": "9:38 h",
        "tideheight2": "1.4 m",
        "tidetime3": "17:28 h",
        "tideheight3": "0.0 m",
        "tidetime4": "no record",
        "tideheight4": "no record",
        "coefficient": "82 high"
    },
    {
        "day": "30 Wed",
        "time": "5:43 h 18:22 h",
        "tidetime1": "0:03 h",
        "tideheight1": "0.7 m",
        "tidetime2": "2:33 h",
        "tideheight2": "0.4 m",
        "tidetime3": "10:06 h",
        "tideheight3": "1.5 m",
        "tidetime4": "18:10 h",
        "tideheight4": "-0.1 m",
        "coefficient": "79 high"
    },
    {
        "day": "31 Thu",
        "time": "5:43 h 18:22 h",
        "tidetime1": "1:23 h",
        "tideheight1": "0.7 m",
        "tidetime2": "2:32 h",
        "tideheight2": "0.4 m",
        "tidetime3": "10:36 h",
        "tideheight3": "1.5 m",
        "tidetime4": "18:51 h",
        "tideheight4": "-0.1 m",
        "coefficient": "74 high"
    }
]