[
    {
        "day": "1 Sat",
        "time": "5:48 h 18:30 h",
        "tidetime1": "5:44 h",
        "tideheight1": "0.9 m",
        "tidetime2": "8:44 h",
        "tideheight2": "0.6 m",
        "tidetime3": "14:53 h",
        "tideheight3": "1.2 m",
        "tidetime4": "22:37 h",
        "tideheight4": "0.2 m",
        "coefficient": "49 low"
    },
    {
        "day": "2 Sun",
        "time": "5:49 h 18:30 h",
        "tidetime1": "6:07 h",
        "tideheight1": "1.0 m",
        "tidetime2": "11:05 h",
        "tideheight2": "0.6 m",
        "tidetime3": "16:00 h",
        "tideheight3": "1.0 m",
        "tidetime4": "23:01 h",
        "tideheight4": "0.3 m",
        "coefficient": "48 low"
    },
    {
        "day": "3 Mon",
        "time": "5:49 h 18:30 h",
        "tidetime1": "6:34 h",
        "tideheight1": "1.1 m",
        "tidetime2": "13:16 h",
        "tideheight2": "0.5 m",
        "tidetime3": "17:47 h",
        "tideheight3": "0.9 m",
        "tidetime4": "23:22 h",
        "tideheight4": "0.4 m",
        "coefficient": "51 average"
    },
    {
        "day": "4 Tue",
        "time": "5:49 h 18:30 h",
        "tidetime1": "7:03 h",
        "tideheight1": "1.2 m",
        "tidetime2": "14:44 h",
        "tideheight2": "0.4 m",
        "tidetime3": "19:54 h",
        "tideheight3": "0.8 m",
        "tidetime4": "23:40 h",
        "tideheight4": "0.4 m",
        "coefficient": "55 average"
    },
    {
        "day": "5 Wed",
        "time": "5:49 h 18:30 h",
        "tidetime1": "7:34 h",
        "tideheight1": "1.3 m",
        "tidetime2": "15:39 h",
        "tideheight2": "0.2 m",
        "tidetime3": "21:40 h",
        "tideheight3": "0.8 m",
        "tidetime4": "23:56 h",
        "tideheight4": "0.4 m",
        "coefficient": "61 average"
    },
    {
        "day": "6 Thu",
        "time": "5:50 h 18:30 h",
        "tidetime1": "8:06 h",
        "tideheight1": "1.4 m",
        "tidetime2": "16:22 h",
        "tideheight2": "0.2 m",
        "tidetime3": "23:13 h",
        "tideheight3": "0.8 m",
        "tidetime4": "no record",
        "tideheight4": "no record",
        "coefficient": "67 average"
    },
    {
        "day": "7 Fri",
        "time": "5:50 h 18:30 h",
        "tidetime1": "0:04 h",
        "tideheight1": "0.5 m",
        "tidetime2": "8:40 h",
        "tideheight2": "1.5 m",
        "tidetime3": "17:00 h",
        "tideheight3": "0.1 m",
        "tidetime4": "no record",
        "tideheight4": "no record",
        "coefficient": "71 high"
    },
    {
        "day": "8 Sat",
        "time": "5:50 h 18:30 h",
        "tidetime1": "9:15 h",
        "tideheight1": "1.5 m",
        "tidetime2": "17:36 h",
        "tideheight2": "0.0 m",
        "tidetime3": "no record",
        "tideheight3": "no record",
        "tidetime4": "no record",
        "tideheight4": "no record",
        "coefficient": "75 high"
    },
    {
        "day": "9 Sun",
        "time": "5:50 h 18:30 h",
        "tidetime1": "9:50 h",
        "tideheight1": "1.5 m",
        "tidetime2": "18:12 h",
        "tideheight2": "0.0 m",
        "tidetime3": "no record",
        "tideheight3": "no record",
        "tidetime4": "no record",
        "tideheight4": "no record",
        "coefficient": "77 high"
    },
    {
        "day": "10 Mon",
        "time": "5:51 h 18:30 h",
        "tidetime1": "10:25 h",
        "tideheight1": "1.6 m",
        "tidetime2": "18:47 h",
        "tideheight2": "0.0 m",
        "tidetime3": "no record",
        "tideheight3": "no record",
        "tidetime4": "no record",
        "tideheight4": "no record",
        "coefficient": "78 high"
    },
    {
        "day": "11 Tue",
        "time": "5:51 h 18:30 h",
        "tidetime1": "11:01 h",
        "tideheight1": "1.6 m",
        "tidetime2": "19:23 h",
        "tideheight2": "0.0 m",
        "tidetime3": "no record",
        "tideheight3": "no record",
        "tidetime4": "no record",
        "tideheight4": "no record",
        "coefficient": "78 high"
    },
    {
        "day": "12 Wed",
        "time": "5:51 h 18:30 h",
        "tidetime1": "11:35 h",
        "tideheight1": "1.5 m",
        "tidetime2": "19:56 h",
        "tideheight2": "0.0 m",
        "tidetime3": "no record",
        "tideheight3": "no record",
        "tidetime4": "no record",
        "tideheight4": "no record",
        "coefficient": "75 high"
    },
    {
        "day": "13 Thu",
        "time": "5:51 h 18:30 h",
        "tidetime1": "12:10 h",
        "tideheight1": "1.5 m",
        "tidetime2": "20:28 h",
        "tideheight2": "0.1 m",
        "tidetime3": "no record",
        "tideheight3": "no record",
        "tidetime4": "no record",
        "tideheight4": "no record",
        "coefficient": "72 high"
    },
    {
        "day": "14 Fri",
        "time": "5:52 h 18:30 h",
        "tidetime1": "12:47 h",
        "tideheight1": "1.4 m",
        "tidetime2": "20:58 h",
        "tideheight2": "0.1 m",
        "tidetime3": "no record",
        "tideheight3": "no record",
        "tidetime4": "no record",
        "tideheight4": "no record",
        "coefficient": "67 average"
    },
    {
        "day": "15 Sat",
        "time": "5:52 h 18:30 h",
        "tidetime1": "4:33 h",
        "tideheight1": "0.9 m",
        "tidetime2": "6:01 h",
        "tideheight2": "0.6 m",
        "tidetime3": "13:26 h",
        "tideheight3": "1.3 m",
        "tidetime4": "21:24 h",
        "tideheight4": "0.2 m",
        "coefficient": "62 average"
    },
    {
        "day": "16 Sun",
        "time": "5:52 h 18:30 h",
        "tidetime1": "4:45 h",
        "tideheight1": "0.9 m",
        "tidetime2": "7:57 h",
        "tideheight2": "0.6 m",
        "tidetime3": "14:13 h",
        "tideheight3": "1.2 m",
        "tidetime4": "21:48 h",
        "tideheight4": "0.3 m",
        "coefficient": "59 average"
    },
    {
        "day": "17 Mon",
        "time": "5:52 h 18:30 h",
        "tidetime1": "5:05 h",
        "tideheight1": "1.0 m",
        "tidetime2": "10:06 h",
        "tideheight2": "0.6 m",
        "tidetime3": "15:17 h",
        "tideheight3": "1.0 m",
        "tidetime4": "22:09 h",
        "tideheight4": "0.3 m",
        "coefficient": "58 average"
    },
    {
        "day": "18 Tue",
        "time": "5:52 h 18:30 h",
        "tidetime1": "5:33 h",
        "tideheight1": "1.2 m",
        "tidetime2": "12:19 h",
        "tideheight2": "0.5 m",
        "tidetime3": "17:11 h",
        "tideheight3": "0.9 m",
        "tidetime4": "22:26 h",
        "tideheight4": "0.4 m",
        "coefficient": "62 average"
    },
    {
        "day": "19 Wed",
        "time": "5:53 h 18:30 h",
        "tidetime1": "6:08 h",
        "tideheight1": "1.3 m",
        "tidetime2": "14:05 h",
        "tideheight2": "0.3 m",
        "tidetime3": "19:52 h",
        "tideheight3": "0.8 m",
        "tidetime4": "22:39 h",
        "tideheight4": "0.4 m",
        "coefficient": "69 average"
    },
    {
        "day": "20 Thu",
        "time": "5:53 h 18:30 h",
        "tidetime1": "6:49 h",
        "tideheight1": "1.4 m",
        "tidetime2": "15:15 h",
        "tideheight2": "0.1 m",
        "tidetime3": "no record",
        "tideheight3": "no record",
        "tidetime4": "no record",
        "tideheight4": "no record",
        "coefficient": "79 high"
    },
    {
        "day": "21 Fri",
        "time": "5:53 h 18:30 h",
        "tidetime1": "7:34 h",
        "tideheight1": "1.6 m",
        "tidetime2": "16:10 h",
        "tideheight2": "0.0 m",
        "tidetime3": "no record",
        "tideheight3": "no record",
        "tidetime4": "no record",
        "tideheight4": "no record",
        "coefficient": "88 high"
    },
    {
        "day": "22 Sat",
        "time": "5:53 h 18:30 h",
        "tidetime1": "8:23 h",
        "tideheight1": "1.7 m",
        "tidetime2": "16:58 h",
        "tideheight2": "-0.1 m",
        "tidetime3": "no record",
        "tideheight3": "no record",
        "tidetime4": "no record",
        "tideheight4": "no record",
        "coefficient": "95 very high"
    },
    {
        "day": "23 Sun",
        "time": "5:54 h 18:30 h",
        "tidetime1": "9:12 h",
        "tideheight1": "1.7 m",
        "tidetime2": "17:43 h",
        "tideheight2": "-0.1 m",
        "tidetime3": "no record",
        "tideheight3": "no record",
        "tidetime4": "no record",
        "tideheight4": "no record",
        "coefficient": "99 very high"
    },
    {
        "day": "24 Mon",
        "time": "5:54 h 18:29 h",
        "tidetime1": "10:01 h",
        "tideheight1": "1.8 m",
        "tidetime2": "18:25 h",
        "tideheight2": "-0.1 m",
        "tidetime3": "no record",
        "tideheight3": "no record",
        "tidetime4": "no record",
        "tideheight4": "no record",
        "coefficient": "99 very high"
    },
    {
        "day": "25 Tue",
        "time": "5:54 h 18:29 h",
        "tidetime1": "10:49 h",
        "tideheight1": "1.7 m",
        "tidetime2": "19:04 h",
        "tideheight2": "-0.1 m",
        "tidetime3": "no record",
        "tideheight3": "no record",
        "tidetime4": "no record",
        "tideheight4": "no record",
        "coefficient": "94 very high"
    },
    {
        "day": "26 Wed",
        "time": "5:54 h 18:29 h",
        "tidetime1": "1:57 h",
        "tideheight1": "0.7 m",
        "tidetime2": "3:33 h",
        "tideheight2": "0.4 m",
        "tidetime3": "11:35 h",
        "tideheight3": "1.7 m",
        "tidetime4": "19:40 h",
        "tideheight4": "0.0 m",
        "coefficient": "87 high"
    },
    {
        "day": "27 Thu",
        "time": "5:54 h 18:29 h",
        "tidetime1": "2:18 h",
        "tideheight1": "0.8 m",
        "tidetime2": "4:48 h",
        "tideheight2": "0.5 m",
        "tidetime3": "12:21 h",
        "tideheight3": "1.5 m",
        "tidetime4": "20:12 h",
        "tideheight4": "0.1 m",
        "coefficient": "77 high"
    },
    {
        "day": "28 Fri",
        "time": "5:54 h 18:29 h",
        "tidetime1": "2:45 h",
        "tideheight1": "0.9 m",
        "tidetime2": "6:03 h",
        "tideheight2": "0.5 m",
        "tidetime3": "13:05 h",
        "tideheight3": "1.4 m",
        "tidetime4": "20:40 h",
        "tideheight4": "0.2 m",
        "coefficient": "66 average"
    },
    {
        "day": "29 Sat",
        "time": "5:55 h 18:28 h",
        "tidetime1": "3:17 h",
        "tideheight1": "0.9 m",
        "tidetime2": "7:25 h",
        "tideheight2": "0.5 m",
        "tidetime3": "13:50 h",
        "tideheight3": "1.2 m",
        "tidetime4": "21:05 h",
        "tideheight4": "0.3 m",
        "coefficient": "56 average"
    },
    {
        "day": "30 Sun",
        "time": "5:55 h 18:28 h",
        "tidetime1": "3:52 h",
        "tideheight1": "1.0 m",
        "tidetime2": "9:00 h",
        "tideheight2": "0.5 m",
        "tidetime3": "14:40 h",
        "tideheight3": "1.1 m",
        "tidetime4": "21:26 h",
        "tideheight4": "0.4 m",
        "coefficient": "47 low"
    },
    {
        "day": "31 Mon",
        "time": "5:55 h 18:28 h",
        "tidetime1": "4:30 h",
        "tideheight1": "1.1 m",
        "tidetime2": "10:53 h",
        "tideheight2": "0.5 m",
        "tidetime3": "15:47 h",
        "tideheight3": "0.9 m",
        "tidetime4": "21:42 h",
        "tideheight4": "0.4 m",
        "coefficient": "42 low"
    }
]