[
    {
        "day": "1 Sun",
        "time": "5:48 h 18:30 h",
        "tidetime1": "11:26 h",
        "tideheight1": "1.5 m",
        "tidetime2": "19:59 h",
        "tideheight2": "0.0 m",
        "tidetime3": "no record",
        "tideheight3": "no record",
        "tidetime4": "no record",
        "tideheight4": "no record",
        "coefficient": "67 average"
    },
    {
        "day": "2 Mon",
        "time": "5:49 h 18:30 h",
        "tidetime1": "12:01 h",
        "tideheight1": "1.5 m",
        "tidetime2": "20:36 h",
        "tideheight2": "0.0 m",
        "tidetime3": "no record",
        "tideheight3": "no record",
        "tidetime4": "no record",
        "tideheight4": "no record",
        "coefficient": "63 average"
    },
    {
        "day": "3 Tue",
        "time": "5:49 h 18:30 h",
        "tidetime1": "12:37 h",
        "tideheight1": "1.5 m",
        "tidetime2": "21:12 h",
        "tideheight2": "0.1 m",
        "tidetime3": "no record",
        "tideheight3": "no record",
        "tidetime4": "no record",
        "tideheight4": "no record",
        "coefficient": "58 average"
    },
    {
        "day": "4 Wed",
        "time": "5:49 h 18:30 h",
        "tidetime1": "13:14 h",
        "tideheight1": "1.4 m",
        "tidetime2": "21:44 h",
        "tideheight2": "0.1 m",
        "tidetime3": "no record",
        "tideheight3": "no record",
        "tidetime4": "no record",
        "tideheight4": "no record",
        "coefficient": "54 average"
    },
    {
        "day": "5 Thu",
        "time": "5:49 h 18:30 h",
        "tidetime1": "13:54 h",
        "tideheight1": "1.3 m",
        "tidetime2": "22:13 h",
        "tideheight2": "0.2 m",
        "tidetime3": "no record",
        "tideheight3": "no record",
        "tidetime4": "no record",
        "tideheight4": "no record",
        "coefficient": "51 average"
    },
    {
        "day": "6 Fri",
        "time": "5:50 h 18:30 h",
        "tidetime1": "6:14 h",
        "tideheight1": "0.9 m",
        "tidetime2": "8:06 h",
        "tideheight2": "0.6 m",
        "tidetime3": "14:42 h",
        "tideheight3": "1.1 m",
        "tidetime4": "22:37 h",
        "tideheight4": "0.3 m",
        "coefficient": "50 average"
    },
    {
        "day": "7 Sat",
        "time": "5:50 h 18:30 h",
        "tidetime1": "6:09 h",
        "tideheight1": "1.0 m",
        "tidetime2": "10:48 h",
        "tideheight2": "0.6 m",
        "tidetime3": "15:52 h",
        "tideheight3": "1.0 m",
        "tidetime4": "22:57 h",
        "tideheight4": "0.3 m",
        "coefficient": "54 average"
    },
    {
        "day": "8 Sun",
        "time": "5:50 h 18:30 h",
        "tidetime1": "6:23 h",
        "tideheight1": "1.1 m",
        "tidetime2": "13:00 h",
        "tideheight2": "0.5 m",
        "tidetime3": "17:51 h",
        "tideheight3": "0.9 m",
        "tidetime4": "23:14 h",
        "tideheight4": "0.4 m",
        "coefficient": "60 average"
    },
    {
        "day": "9 Mon",
        "time": "5:50 h 18:30 h",
        "tidetime1": "6:47 h",
        "tideheight1": "1.2 m",
        "tidetime2": "14:28 h",
        "tideheight2": "0.3 m",
        "tidetime3": "20:11 h",
        "tideheight3": "0.8 m",
        "tidetime4": "23:28 h",
        "tideheight4": "0.4 m",
        "coefficient": "69 average"
    },
    {
        "day": "10 Tue",
        "time": "5:51 h 18:30 h",
        "tidetime1": "7:19 h",
        "tideheight1": "1.4 m",
        "tidetime2": "15:30 h",
        "tideheight2": "0.2 m",
        "tidetime3": "22:22 h",
        "tideheight3": "0.8 m",
        "tidetime4": "23:27 h",
        "tideheight4": "0.5 m",
        "coefficient": "79 high"
    },
    {
        "day": "11 Wed",
        "time": "5:51 h 18:30 h",
        "tidetime1": "7:56 h",
        "tideheight1": "1.5 m",
        "tidetime2": "16:22 h",
        "tideheight2": "0.0 m",
        "tidetime3": "no record",
        "tideheight3": "no record",
        "tidetime4": "no record",
        "tideheight4": "no record",
        "coefficient": "89 high"
    },
    {
        "day": "12 Thu",
        "time": "5:51 h 18:30 h",
        "tidetime1": "8:38 h",
        "tideheight1": "1.6 m",
        "tidetime2": "17:12 h",
        "tideheight2": "-0.1 m",
        "tidetime3": "no record",
        "tideheight3": "no record",
        "tidetime4": "no record",
        "tideheight4": "no record",
        "coefficient": "96 very high"
    },
    {
        "day": "13 Fri",
        "time": "5:51 h 18:30 h",
        "tidetime1": "9:23 h",
        "tideheight1": "1.7 m",
        "tidetime2": "17:59 h",
        "tideheight2": "-0.2 m",
        "tidetime3": "no record",
        "tideheight3": "no record",
        "tidetime4": "no record",
        "tideheight4": "no record",
        "coefficient": "100 very high"
    },
    {
        "day": "14 Sat",
        "time": "5:52 h 18:30 h",
        "tidetime1": "10:10 h",
        "tideheight1": "1.8 m",
        "tidetime2": "18:45 h",
        "tideheight2": "-0.2 m",
        "tidetime3": "no record",
        "tideheight3": "no record",
        "tidetime4": "no record",
        "tideheight4": "no record",
        "coefficient": "100 very high"
    },
    {
        "day": "15 Sun",
        "time": "5:52 h 18:30 h",
        "tidetime1": "10:58 h",
        "tideheight1": "1.8 m",
        "tidetime2": "19:30 h",
        "tideheight2": "-0.1 m",
        "tidetime3": "no record",
        "tideheight3": "no record",
        "tidetime4": "no record",
        "tideheight4": "no record",
        "coefficient": "96 very high"
    },
    {
        "day": "16 Mon",
        "time": "5:52 h 18:30 h",
        "tidetime1": "11:47 h",
        "tideheight1": "1.7 m",
        "tidetime2": "20:10 h",
        "tideheight2": "-0.1 m",
        "tidetime3": "no record",
        "tideheight3": "no record",
        "tidetime4": "no record",
        "tideheight4": "no record",
        "coefficient": "88 high"
    },
    {
        "day": "17 Tue",
        "time": "5:52 h 18:30 h",
        "tidetime1": "12:36 h",
        "tideheight1": "1.6 m",
        "tidetime2": "20:47 h",
        "tideheight2": "0.0 m",
        "tidetime3": "no record",
        "tideheight3": "no record",
        "tidetime4": "no record",
        "tideheight4": "no record",
        "coefficient": "78 high"
    },
    {
        "day": "18 Wed",
        "time": "5:52 h 18:30 h",
        "tidetime1": "3:54 h",
        "tideheight1": "0.8 m",
        "tidetime2": "5:55 h",
        "tideheight2": "0.5 m",
        "tidetime3": "13:25 h",
        "tideheight3": "1.4 m",
        "tidetime4": "21:18 h",
        "tideheight4": "0.1 m",
        "coefficient": "67 average"
    },
    {
        "day": "19 Thu",
        "time": "5:53 h 18:30 h",
        "tidetime1": "4:18 h",
        "tideheight1": "0.9 m",
        "tidetime2": "7:44 h",
        "tideheight2": "0.5 m",
        "tidetime3": "14:17 h",
        "tideheight3": "1.2 m",
        "tidetime4": "21:44 h",
        "tideheight4": "0.2 m",
        "coefficient": "58 average"
    },
    {
        "day": "20 Fri",
        "time": "5:53 h 18:30 h",
        "tidetime1": "4:49 h",
        "tideheight1": "1.0 m",
        "tidetime2": "9:47 h",
        "tideheight2": "0.5 m",
        "tidetime3": "15:18 h",
        "tideheight3": "1.1 m",
        "tidetime4": "22:05 h",
        "tideheight4": "0.3 m",
        "coefficient": "51 average"
    },
    {
        "day": "21 Sat",
        "time": "5:53 h 18:30 h",
        "tidetime1": "5:25 h",
        "tideheight1": "1.2 m",
        "tidetime2": "12:02 h",
        "tideheight2": "0.5 m",
        "tidetime3": "16:50 h",
        "tideheight3": "0.9 m",
        "tidetime4": "22:21 h",
        "tideheight4": "0.4 m",
        "coefficient": "49 low"
    },
    {
        "day": "22 Sun",
        "time": "5:53 h 18:30 h",
        "tidetime1": "6:04 h",
        "tideheight1": "1.3 m",
        "tidetime2": "14:03 h",
        "tideheight2": "0.4 m",
        "tidetime3": "19:19 h",
        "tideheight3": "0.8 m",
        "tidetime4": "22:30 h",
        "tideheight4": "0.4 m",
        "coefficient": "51 average"
    },
    {
        "day": "23 Mon",
        "time": "5:53 h 18:30 h",
        "tidetime1": "6:45 h",
        "tideheight1": "1.4 m",
        "tidetime2": "15:15 h",
        "tideheight2": "0.2 m",
        "tidetime3": "no record",
        "tideheight3": "no record",
        "tidetime4": "no record",
        "tideheight4": "no record",
        "coefficient": "55 average"
    },
    {
        "day": "24 Tue",
        "time": "5:54 h 18:29 h",
        "tidetime1": "7:25 h",
        "tideheight1": "1.4 m",
        "tidetime2": "16:04 h",
        "tideheight2": "0.2 m",
        "tidetime3": "no record",
        "tideheight3": "no record",
        "tidetime4": "no record",
        "tideheight4": "no record",
        "coefficient": "61 average"
    },
    {
        "day": "25 Wed",
        "time": "5:54 h 18:29 h",
        "tidetime1": "8:06 h",
        "tideheight1": "1.5 m",
        "tidetime2": "16:42 h",
        "tideheight2": "0.1 m",
        "tidetime3": "no record",
        "tideheight3": "no record",
        "tidetime4": "no record",
        "tideheight4": "no record",
        "coefficient": "67 average"
    },
    {
        "day": "26 Thu",
        "time": "5:54 h 18:29 h",
        "tidetime1": "8:47 h",
        "tideheight1": "1.5 m",
        "tidetime2": "17:18 h",
        "tideheight2": "0.1 m",
        "tidetime3": "no record",
        "tideheight3": "no record",
        "tidetime4": "no record",
        "tideheight4": "no record",
        "coefficient": "71 high"
    },
    {
        "day": "27 Fri",
        "time": "5:54 h 18:29 h",
        "tidetime1": "9:26 h",
        "tideheight1": "1.6 m",
        "tidetime2": "17:51 h",
        "tideheight2": "0.0 m",
        "tidetime3": "no record",
        "tideheight3": "no record",
        "tidetime4": "no record",
        "tideheight4": "no record",
        "coefficient": "75 high"
    },
    {
        "day": "28 Sat",
        "time": "5:54 h 18:29 h",
        "tidetime1": "10:04 h",
        "tideheight1": "1.6 m",
        "tidetime2": "18:25 h",
        "tideheight2": "0.0 m",
        "tidetime3": "no record",
        "tideheight3": "no record",
        "tidetime4": "no record",
        "tideheight4": "no record",
        "coefficient": "77 high"
    },
    {
        "day": "29 Sun",
        "time": "5:55 h 18:29 h",
        "tidetime1": "10:41 h",
        "tideheight1": "1.6 m",
        "tidetime2": "18:57 h",
        "tideheight2": "0.1 m",
        "tidetime3": "no record",
        "tideheight3": "no record",
        "tidetime4": "no record",
        "tideheight4": "no record",
        "coefficient": "77 high"
    },
    {
        "day": "30 Mon",
        "time": "5:55 h 18:28 h",
        "tidetime1": "1:54 h",
        "tideheight1": "0.8 m",
        "tidetime2": "2:59 h",
        "tideheight2": "0.5 m",
        "tidetime3": "11:18 h",
        "tideheight3": "1.5 m",
        "tidetime4": "19:28 h",
        "tideheight4": "0.1 m",
        "coefficient": "76 high"
    },
    {
        "day": "31 Tue",
        "time": "5:55 h 18:28 h",
        "tidetime1": "2:12 h",
        "tideheight1": "0.8 m",
        "tidetime2": "3:54 h",
        "tideheight2": "0.5 m",
        "tidetime3": "11:53 h",
        "tideheight3": "1.5 m",
        "tidetime4": "19:56 h",
        "tideheight4": "0.1 m",
        "coefficient": "73 high"
    }
]