[
    {
        "day": "1 Mon",
        "time": "6:19 h 18:16 h",
        "tidetime1": "6:41 h",
        "tideheight1": "-0.1 m",
        "tidetime2": "12:41 h",
        "tideheight2": "0.6 m",
        "tidetime3": "16:45 h",
        "tideheight3": "0.1 m",
        "tidetime4": "23:51 h",
        "tideheight4": "1.2 m",
        "coefficient": "104 very high"
    },
    {
        "day": "2 Tue",
        "time": "6:19 h 18:16 h",
        "tidetime1": "6:59 h",
        "tideheight1": "0.0 m",
        "tidetime2": "12:55 h",
        "tideheight2": "0.7 m",
        "tidetime3": "17:57 h",
        "tideheight3": "0.1 m",
        "tidetime4": "no record",
        "tideheight4": "no record",
        "coefficient": "97 very high"
    },
    {
        "day": "3 Wed",
        "time": "6:18 h 18:16 h",
        "tidetime1": "0:41 h",
        "tideheight1": "1.1 m",
        "tidetime2": "7:12 h",
        "tideheight2": "0.1 m",
        "tidetime3": "13:14 h",
        "tideheight3": "0.9 m",
        "tidetime4": "19:14 h",
        "tideheight4": "0.1 m",
        "coefficient": "85 high"
    },
    {
        "day": "4 Thu",
        "time": "6:18 h 18:16 h",
        "tidetime1": "1:38 h",
        "tideheight1": "0.9 m",
        "tidetime2": "7:19 h",
        "tideheight2": "0.2 m",
        "tidetime3": "13:41 h",
        "tideheight3": "1.0 m",
        "tidetime4": "20:40 h",
        "tideheight4": "0.0 m",
        "coefficient": "70 high"
    },
    {
        "day": "5 Fri",
        "time": "6:17 h 18:16 h",
        "tidetime1": "2:52 h",
        "tideheight1": "0.7 m",
        "tidetime2": "7:14 h",
        "tideheight2": "0.2 m",
        "tidetime3": "14:16 h",
        "tideheight3": "1.1 m",
        "tidetime4": "22:22 h",
        "tideheight4": "0.0 m",
        "coefficient": "55 average"
    },
    {
        "day": "6 Sat",
        "time": "6:17 h 18:16 h",
        "tidetime1": "15:03 h",
        "tideheight1": "1.2 m",
        "tidetime2": "no record",
        "tideheight2": "no record",
        "tidetime3": "no record",
        "tideheight3": "no record",
        "tidetime4": "no record",
        "tideheight4": "no record",
        "coefficient": "45 low"
    },
    {
        "day": "7 Sun",
        "time": "6:17 h 18:16 h",
        "tidetime1": "0:19 h",
        "tideheight1": "-0.1 m",
        "tidetime2": "16:02 h",
        "tideheight2": "1.3 m",
        "tidetime3": "no record",
        "tideheight3": "no record",
        "tidetime4": "no record",
        "tideheight4": "no record",
        "coefficient": "43 low"
    },
    {
        "day": "8 Mon",
        "time": "6:16 h 18:16 h",
        "tidetime1": "2:00 h",
        "tideheight1": "-0.2 m",
        "tidetime2": "17:15 h",
        "tideheight2": "1.3 m",
        "tidetime3": "no record",
        "tideheight3": "no record",
        "tidetime4": "no record",
        "tideheight4": "no record",
        "coefficient": "51 average"
    },
    {
        "day": "9 Tue",
        "time": "6:15 h 18:16 h",
        "tidetime1": "3:08 h",
        "tideheight1": "-0.2 m",
        "tidetime2": "18:34 h",
        "tideheight2": "1.3 m",
        "tidetime3": "no record",
        "tideheight3": "no record",
        "tidetime4": "no record",
        "tideheight4": "no record",
        "coefficient": "62 average"
    },
    {
        "day": "10 Wed",
        "time": "6:15 h 18:16 h",
        "tidetime1": "3:57 h",
        "tideheight1": "-0.3 m",
        "tidetime2": "19:46 h",
        "tideheight2": "1.3 m",
        "tidetime3": "no record",
        "tideheight3": "no record",
        "tidetime4": "no record",
        "tideheight4": "no record",
        "coefficient": "73 high"
    },
    {
        "day": "11 Thu",
        "time": "6:14 h 18:16 h",
        "tidetime1": "4:36 h",
        "tideheight1": "-0.2 m",
        "tidetime2": "20:48 h",
        "tideheight2": "1.3 m",
        "tidetime3": "no record",
        "tideheight3": "no record",
        "tidetime4": "no record",
        "tideheight4": "no record",
        "coefficient": "82 high"
    },
    {
        "day": "12 Fri",
        "time": "6:14 h 18:16 h",
        "tidetime1": "5:07 h",
        "tideheight1": "-0.2 m",
        "tidetime2": "11:50 h",
        "tideheight2": "0.6 m",
        "tidetime3": "13:47 h",
        "tideheight3": "0.2 m",
        "tidetime4": "21:41 h",
        "tideheight4": "1.3 m",
        "coefficient": "88 high"
    },
    {
        "day": "13 Sat",
        "time": "6:13 h 18:16 h",
        "tidetime1": "5:32 h",
        "tideheight1": "-0.1 m",
        "tidetime2": "11:42 h",
        "tideheight2": "0.6 m",
        "tidetime3": "15:10 h",
        "tideheight3": "0.2 m",
        "tidetime4": "22:27 h",
        "tideheight4": "1.2 m",
        "coefficient": "91 very high"
    },
    {
        "day": "14 Sun",
        "time": "6:13 h 18:16 h",
        "tidetime1": "5:53 h",
        "tideheight1": "0.0 m",
        "tidetime2": "11:48 h",
        "tideheight2": "0.7 m",
        "tidetime3": "16:14 h",
        "tideheight3": "0.2 m",
        "tidetime4": "23:11 h",
        "tideheight4": "1.2 m",
        "coefficient": "90 very high"
    },
    {
        "day": "15 Mon",
        "time": "6:12 h 18:16 h",
        "tidetime1": "6:11 h",
        "tideheight1": "0.0 m",
        "tidetime2": "12:00 h",
        "tideheight2": "0.8 m",
        "tidetime3": "17:12 h",
        "tideheight3": "0.1 m",
        "tidetime4": "23:53 h",
        "tideheight4": "1.1 m",
        "coefficient": "86 high"
    },
    {
        "day": "16 Tue",
        "time": "6:12 h 18:16 h",
        "tidetime1": "6:25 h",
        "tideheight1": "0.1 m",
        "tidetime2": "12:15 h",
        "tideheight2": "0.8 m",
        "tidetime3": "18:06 h",
        "tideheight3": "0.1 m",
        "tidetime4": "no record",
        "tideheight4": "no record",
        "coefficient": "80 high"
    },
    {
        "day": "17 Wed",
        "time": "6:11 h 18:16 h",
        "tidetime1": "0:36 h",
        "tideheight1": "1.0 m",
        "tidetime2": "6:36 h",
        "tideheight2": "0.2 m",
        "tidetime3": "12:32 h",
        "tideheight3": "0.9 m",
        "tidetime4": "19:02 h",
        "tideheight4": "0.1 m",
        "coefficient": "71 high"
    },
    {
        "day": "18 Thu",
        "time": "6:11 h 18:16 h",
        "tidetime1": "1:24 h",
        "tideheight1": "0.8 m",
        "tidetime2": "6:42 h",
        "tideheight2": "0.3 m",
        "tidetime3": "12:52 h",
        "tideheight3": "1.0 m",
        "tidetime4": "20:00 h",
        "tideheight4": "0.1 m",
        "coefficient": "61 average"
    },
    {
        "day": "19 Fri",
        "time": "6:10 h 18:16 h",
        "tidetime1": "2:22 h",
        "tideheight1": "0.7 m",
        "tidetime2": "6:36 h",
        "tideheight2": "0.3 m",
        "tidetime3": "13:17 h",
        "tideheight3": "1.0 m",
        "tidetime4": "21:06 h",
        "tideheight4": "0.0 m",
        "coefficient": "49 low"
    },
    {
        "day": "20 Sat",
        "time": "6:10 h 18:16 h",
        "tidetime1": "3:58 h",
        "tideheight1": "0.6 m",
        "tidetime2": "5:54 h",
        "tideheight2": "0.3 m",
        "tidetime3": "13:48 h",
        "tideheight3": "1.1 m",
        "tidetime4": "22:27 h",
        "tideheight4": "0.0 m",
        "coefficient": "38 low"
    },
    {
        "day": "21 Sun",
        "time": "6:09 h 18:16 h",
        "tidetime1": "14:29 h",
        "tideheight1": "1.1 m",
        "tidetime2": "no record",
        "tideheight2": "no record",
        "tidetime3": "no record",
        "tideheight3": "no record",
        "tidetime4": "no record",
        "tideheight4": "no record",
        "coefficient": "31 low"
    },
    {
        "day": "22 Mon",
        "time": "6:08 h 18:16 h",
        "tidetime1": "0:04 h",
        "tideheight1": "0.0 m",
        "tidetime2": "15:26 h",
        "tideheight2": "1.1 m",
        "tidetime3": "no record",
        "tideheight3": "no record",
        "tidetime4": "no record",
        "tideheight4": "no record",
        "coefficient": "31 low"
    },
    {
        "day": "23 Tue",
        "time": "6:08 h 18:16 h",
        "tidetime1": "1:33 h",
        "tideheight1": "-0.1 m",
        "tidetime2": "16:43 h",
        "tideheight2": "1.2 m",
        "tidetime3": "no record",
        "tideheight3": "no record",
        "tidetime4": "no record",
        "tideheight4": "no record",
        "coefficient": "40 low"
    },
    {
        "day": "24 Wed",
        "time": "6:07 h 18:16 h",
        "tidetime1": "2:37 h",
        "tideheight1": "-0.1 m",
        "tidetime2": "18:06 h",
        "tideheight2": "1.2 m",
        "tidetime3": "no record",
        "tideheight3": "no record",
        "tidetime4": "no record",
        "tideheight4": "no record",
        "coefficient": "54 average"
    },
    {
        "day": "25 Thu",
        "time": "6:07 h 18:16 h",
        "tidetime1": "3:24 h",
        "tideheight1": "-0.1 m",
        "tidetime2": "19:19 h",
        "tideheight2": "1.2 m",
        "tidetime3": "no record",
        "tideheight3": "no record",
        "tidetime4": "no record",
        "tideheight4": "no record",
        "coefficient": "70 high"
    },
    {
        "day": "26 Fri",
        "time": "6:06 h 18:16 h",
        "tidetime1": "4:00 h",
        "tideheight1": "-0.2 m",
        "tidetime2": "20:21 h",
        "tideheight2": "1.3 m",
        "tidetime3": "no record",
        "tideheight3": "no record",
        "tidetime4": "no record",
        "tideheight4": "no record",
        "coefficient": "86 high"
    },
    {
        "day": "27 Sat",
        "time": "6:06 h 18:16 h",
        "tidetime1": "4:30 h",
        "tideheight1": "-0.1 m",
        "tidetime2": "11:07 h",
        "tideheight2": "0.6 m",
        "tidetime3": "13:49 h",
        "tideheight3": "0.3 m",
        "tidetime4": "21:17 h",
        "tideheight4": "1.3 m",
        "coefficient": "100 very high"
    },
    {
        "day": "28 Sun",
        "time": "6:05 h 18:16 h",
        "tidetime1": "4:54 h",
        "tideheight1": "-0.1 m",
        "tidetime2": "11:02 h",
        "tideheight2": "0.7 m",
        "tidetime3": "15:09 h",
        "tideheight3": "0.2 m",
        "tidetime4": "22:11 h",
        "tideheight4": "1.2 m",
        "coefficient": "109 very high"
    },
    {
        "day": "29 Mon",
        "time": "6:04 h 18:16 h",
        "tidetime1": "5:14 h",
        "tideheight1": "0.0 m",
        "tidetime2": "11:09 h",
        "tideheight2": "0.8 m",
        "tidetime3": "16:19 h",
        "tideheight3": "0.1 m",
        "tidetime4": "23:06 h",
        "tideheight4": "1.1 m",
        "coefficient": "113 very high"
    },
    {
        "day": "30 Tue",
        "time": "6:04 h 18:16 h",
        "tidetime1": "5:29 h",
        "tideheight1": "0.1 m",
        "tidetime2": "11:24 h",
        "tideheight2": "0.9 m",
        "tidetime3": "17:26 h",
        "tideheight3": "0.0 m",
        "tidetime4": "no record",
        "tideheight4": "no record",
        "coefficient": "109 very high"
    },
    {
        "day": "31 Wed",
        "time": "6:03 h 18:16 h",
        "tidetime1": "0:04 h",
        "tideheight1": "1.0 m",
        "tidetime2": "5:39 h",
        "tideheight2": "0.2 m",
        "tidetime3": "11:44 h",
        "tideheight3": "1.1 m",
        "tidetime4": "18:34 h",
        "tideheight4": "-0.1 m",
        "coefficient": "99 very high"
    }
]