[
    {
        "day": "1 Wed",
        "time": "5:55 h 17:42 h",
        "tidetime1": "1:17 h",
        "tideheight1": "0.5 m",
        "tidetime2": "7:27 h",
        "tideheight2": "1.1 m",
        "tidetime3": "14:27 h",
        "tideheight3": "0.2 m",
        "tidetime4": "21:06 h",
        "tideheight4": "1.0 m",
        "coefficient": "85 high"
    },
    {
        "day": "2 Thu",
        "time": "5:55 h 17:42 h",
        "tidetime1": "2:27 h",
        "tideheight1": "0.4 m",
        "tidetime2": "8:35 h",
        "tideheight2": "1.1 m",
        "tidetime3": "14:50 h",
        "tideheight3": "0.2 m",
        "tidetime4": "21:19 h",
        "tideheight4": "1.1 m",
        "coefficient": "96 very high"
    },
    {
        "day": "3 Fri",
        "time": "5:56 h 17:42 h",
        "tidetime1": "3:25 h",
        "tideheight1": "0.2 m",
        "tidetime2": "9:38 h",
        "tideheight2": "1.0 m",
        "tidetime3": "15:10 h",
        "tideheight3": "0.3 m",
        "tidetime4": "21:38 h",
        "tideheight4": "1.2 m",
        "coefficient": "104 very high"
    },
    {
        "day": "4 Sat",
        "time": "5:56 h 17:41 h",
        "tidetime1": "4:20 h",
        "tideheight1": "0.1 m",
        "tidetime2": "10:40 h",
        "tideheight2": "0.9 m",
        "tidetime3": "15:28 h",
        "tideheight3": "0.3 m",
        "tidetime4": "22:02 h",
        "tideheight4": "1.3 m",
        "coefficient": "107 very high"
    },
    {
        "day": "5 Sun",
        "time": "5:56 h 17:41 h",
        "tidetime1": "5:13 h",
        "tideheight1": "0.0 m",
        "tidetime2": "11:44 h",
        "tideheight2": "0.9 m",
        "tidetime3": "15:44 h",
        "tideheight3": "0.4 m",
        "tidetime4": "22:30 h",
        "tideheight4": "1.4 m",
        "coefficient": "105 very high"
    },
    {
        "day": "6 Mon",
        "time": "5:56 h 17:41 h",
        "tidetime1": "6:08 h",
        "tideheight1": "-0.1 m",
        "tidetime2": "12:55 h",
        "tideheight2": "0.8 m",
        "tidetime3": "15:54 h",
        "tideheight3": "0.4 m",
        "tidetime4": "23:03 h",
        "tideheight4": "1.5 m",
        "coefficient": "97 very high"
    },
    {
        "day": "7 Tue",
        "time": "5:57 h 17:41 h",
        "tidetime1": "7:05 h",
        "tideheight1": "-0.2 m",
        "tidetime2": "14:30 h",
        "tideheight2": "0.7 m",
        "tidetime3": "15:45 h",
        "tideheight3": "0.4 m",
        "tidetime4": "23:41 h",
        "tideheight4": "1.5 m",
        "coefficient": "85 high"
    },
    {
        "day": "8 Wed",
        "time": "5:57 h 17:41 h",
        "tidetime1": "8:06 h",
        "tideheight1": "-0.2 m",
        "tidetime2": "no record",
        "tideheight2": "no record",
        "tidetime3": "no record",
        "tideheight3": "no record",
        "tidetime4": "no record",
        "tideheight4": "no record",
        "coefficient": "72 high"
    },
    {
        "day": "9 Thu",
        "time": "5:57 h 17:41 h",
        "tidetime1": "0:23 h",
        "tideheight1": "1.6 m",
        "tidetime2": "9:10 h",
        "tideheight2": "-0.2 m",
        "tidetime3": "no record",
        "tideheight3": "no record",
        "tidetime4": "no record",
        "tideheight4": "no record",
        "coefficient": "59 average"
    },
    {
        "day": "10 Fri",
        "time": "5:57 h 17:40 h",
        "tidetime1": "1:11 h",
        "tideheight1": "1.5 m",
        "tidetime2": "10:15 h",
        "tideheight2": "-0.1 m",
        "tidetime3": "no record",
        "tideheight3": "no record",
        "tidetime4": "no record",
        "tideheight4": "no record",
        "coefficient": "52 average"
    },
    {
        "day": "11 Sat",
        "time": "5:58 h 17:40 h",
        "tidetime1": "2:06 h",
        "tideheight1": "1.4 m",
        "tidetime2": "11:18 h",
        "tideheight2": "-0.1 m",
        "tidetime3": "no record",
        "tideheight3": "no record",
        "tidetime4": "no record",
        "tideheight4": "no record",
        "coefficient": "51 average"
    },
    {
        "day": "12 Sun",
        "time": "5:58 h 17:40 h",
        "tidetime1": "3:12 h",
        "tideheight1": "1.3 m",
        "tidetime2": "12:13 h",
        "tideheight2": "0.0 m",
        "tidetime3": "no record",
        "tideheight3": "no record",
        "tidetime4": "no record",
        "tideheight4": "no record",
        "coefficient": "57 average"
    },
    {
        "day": "13 Mon",
        "time": "5:58 h 17:40 h",
        "tidetime1": "4:36 h",
        "tideheight1": "1.2 m",
        "tidetime2": "12:56 h",
        "tideheight2": "0.1 m",
        "tidetime3": "20:29 h",
        "tideheight3": "0.9 m",
        "tidetime4": "no record",
        "tideheight4": "no record",
        "coefficient": "65 average"
    },
    {
        "day": "14 Tue",
        "time": "5:59 h 17:40 h",
        "tidetime1": "0:00 h",
        "tideheight1": "0.5 m",
        "tidetime2": "6:11 h",
        "tideheight2": "1.1 m",
        "tidetime3": "13:28 h",
        "tideheight3": "0.1 m",
        "tidetime4": "20:32 h",
        "tideheight4": "1.0 m",
        "coefficient": "73 high"
    },
    {
        "day": "15 Wed",
        "time": "5:59 h 17:40 h",
        "tidetime1": "1:50 h",
        "tideheight1": "0.4 m",
        "tidetime2": "7:39 h",
        "tideheight2": "1.0 m",
        "tidetime3": "13:54 h",
        "tideheight3": "0.2 m",
        "tidetime4": "20:48 h",
        "tideheight4": "1.1 m",
        "coefficient": "79 high"
    },
    {
        "day": "16 Thu",
        "time": "5:59 h 17:40 h",
        "tidetime1": "3:03 h",
        "tideheight1": "0.3 m",
        "tidetime2": "8:53 h",
        "tideheight2": "0.9 m",
        "tidetime3": "14:17 h",
        "tideheight3": "0.3 m",
        "tidetime4": "21:07 h",
        "tideheight4": "1.2 m",
        "coefficient": "84 high"
    },
    {
        "day": "17 Fri",
        "time": "6:00 h 17:40 h",
        "tidetime1": "3:59 h",
        "tideheight1": "0.2 m",
        "tidetime2": "9:59 h",
        "tideheight2": "0.8 m",
        "tidetime3": "14:37 h",
        "tideheight3": "0.3 m",
        "tidetime4": "21:30 h",
        "tideheight4": "1.2 m",
        "coefficient": "86 high"
    },
    {
        "day": "18 Sat",
        "time": "6:00 h 17:40 h",
        "tidetime1": "4:47 h",
        "tideheight1": "0.1 m",
        "tidetime2": "10:59 h",
        "tideheight2": "0.8 m",
        "tidetime3": "14:55 h",
        "tideheight3": "0.3 m",
        "tidetime4": "21:54 h",
        "tideheight4": "1.3 m",
        "coefficient": "84 high"
    },
    {
        "day": "19 Sun",
        "time": "6:01 h 17:40 h",
        "tidetime1": "5:30 h",
        "tideheight1": "0.0 m",
        "tidetime2": "11:57 h",
        "tideheight2": "0.7 m",
        "tidetime3": "15:10 h",
        "tideheight3": "0.4 m",
        "tidetime4": "22:20 h",
        "tideheight4": "1.4 m",
        "coefficient": "82 high"
    },
    {
        "day": "20 Mon",
        "time": "6:01 h 17:40 h",
        "tidetime1": "6:11 h",
        "tideheight1": "-0.1 m",
        "tidetime2": "12:59 h",
        "tideheight2": "0.7 m",
        "tidetime3": "15:19 h",
        "tideheight3": "0.4 m",
        "tidetime4": "22:47 h",
        "tideheight4": "1.4 m",
        "coefficient": "77 high"
    },
    {
        "day": "21 Tue",
        "time": "6:01 h 17:40 h",
        "tidetime1": "6:53 h",
        "tideheight1": "-0.1 m",
        "tidetime2": "14:25 h",
        "tideheight2": "0.7 m",
        "tidetime3": "15:03 h",
        "tideheight3": "0.4 m",
        "tidetime4": "23:16 h",
        "tideheight4": "1.4 m",
        "coefficient": "71 high"
    },
    {
        "day": "22 Wed",
        "time": "6:02 h 17:41 h",
        "tidetime1": "7:36 h",
        "tideheight1": "-0.1 m",
        "tidetime2": "23:47 h",
        "tideheight2": "1.4 m",
        "tidetime3": "no record",
        "tideheight3": "no record",
        "tidetime4": "no record",
        "tideheight4": "no record",
        "coefficient": "64 average"
    },
    {
        "day": "23 Thu",
        "time": "6:02 h 17:41 h",
        "tidetime1": "8:21 h",
        "tideheight1": "-0.1 m",
        "tidetime2": "no record",
        "tideheight2": "no record",
        "tidetime3": "no record",
        "tideheight3": "no record",
        "tidetime4": "no record",
        "tideheight4": "no record",
        "coefficient": "55 average"
    },
    {
        "day": "24 Fri",
        "time": "6:03 h 17:41 h",
        "tidetime1": "0:21 h",
        "tideheight1": "1.3 m",
        "tidetime2": "9:10 h",
        "tideheight2": "-0.1 m",
        "tidetime3": "no record",
        "tideheight3": "no record",
        "tidetime4": "no record",
        "tideheight4": "no record",
        "coefficient": "47 low"
    },
    {
        "day": "25 Sat",
        "time": "6:03 h 17:41 h",
        "tidetime1": "0:57 h",
        "tideheight1": "1.3 m",
        "tidetime2": "10:00 h",
        "tideheight2": "0.0 m",
        "tidetime3": "no record",
        "tideheight3": "no record",
        "tidetime4": "no record",
        "tideheight4": "no record",
        "coefficient": "42 low"
    },
    {
        "day": "26 Sun",
        "time": "6:03 h 17:41 h",
        "tidetime1": "1:38 h",
        "tideheight1": "1.2 m",
        "tidetime2": "10:49 h",
        "tideheight2": "0.0 m",
        "tidetime3": "no record",
        "tideheight3": "no record",
        "tidetime4": "no record",
        "tideheight4": "no record",
        "coefficient": "41 low"
    },
    {
        "day": "27 Mon",
        "time": "6:04 h 17:41 h",
        "tidetime1": "2:28 h",
        "tideheight1": "1.2 m",
        "tidetime2": "11:34 h",
        "tideheight2": "0.0 m",
        "tidetime3": "no record",
        "tideheight3": "no record",
        "tidetime4": "no record",
        "tideheight4": "no record",
        "coefficient": "46 low"
    },
    {
        "day": "28 Tue",
        "time": "6:04 h 17:41 h",
        "tidetime1": "3:35 h",
        "tideheight1": "1.1 m",
        "tidetime2": "12:11 h",
        "tideheight2": "0.1 m",
        "tidetime3": "20:07 h",
        "tideheight3": "0.9 m",
        "tidetime4": "23:37 h",
        "tideheight4": "0.5 m",
        "coefficient": "56 average"
    },
    {
        "day": "29 Wed",
        "time": "6:05 h 17:42 h",
        "tidetime1": "5:09 h",
        "tideheight1": "1.0 m",
        "tidetime2": "12:41 h",
        "tideheight2": "0.1 m",
        "tidetime3": "20:00 h",
        "tideheight3": "0.9 m",
        "tidetime4": "no record",
        "tideheight4": "no record",
        "coefficient": "68 average"
    },
    {
        "day": "30 Thu",
        "time": "6:05 h 17:42 h",
        "tidetime1": "1:30 h",
        "tideheight1": "0.4 m",
        "tidetime2": "6:52 h",
        "tideheight2": "0.9 m",
        "tidetime3": "13:07 h",
        "tideheight3": "0.2 m",
        "tidetime4": "20:11 h",
        "tideheight4": "1.0 m",
        "coefficient": "81 high"
    }
]