[
    {
        "day": "1 Wed",
        "time": "6:27 h 18:10 h",
        "tidetime1": "0:19 h",
        "tideheight1": "1.2 m",
        "tidetime2": "8:01 h",
        "tideheight2": "-0.1 m",
        "tidetime3": "14:31 h",
        "tideheight3": "0.6 m",
        "tidetime4": "18:07 h",
        "tideheight4": "0.3 m",
        "coefficient": "80 high"
    },
    {
        "day": "2 Thu",
        "time": "6:27 h 18:11 h",
        "tidetime1": "1:00 h",
        "tideheight1": "1.1 m",
        "tidetime2": "8:25 h",
        "tideheight2": "0.0 m",
        "tidetime3": "14:57 h",
        "tideheight3": "0.7 m",
        "tidetime4": "19:27 h",
        "tideheight4": "0.3 m",
        "coefficient": "71 high"
    },
    {
        "day": "3 Fri",
        "time": "6:27 h 18:11 h",
        "tidetime1": "1:46 h",
        "tideheight1": "1.0 m",
        "tidetime2": "8:45 h",
        "tideheight2": "0.1 m",
        "tidetime3": "15:28 h",
        "tideheight3": "0.8 m",
        "tidetime4": "21:05 h",
        "tideheight4": "0.2 m",
        "coefficient": "62 average"
    },
    {
        "day": "4 Sat",
        "time": "6:27 h 18:11 h",
        "tidetime1": "2:44 h",
        "tideheight1": "0.8 m",
        "tidetime2": "9:01 h",
        "tideheight2": "0.1 m",
        "tidetime3": "16:07 h",
        "tideheight3": "0.9 m",
        "tidetime4": "23:06 h",
        "tideheight4": "0.2 m",
        "coefficient": "56 average"
    },
    {
        "day": "5 Sun",
        "time": "6:27 h 18:12 h",
        "tidetime1": "4:19 h",
        "tideheight1": "0.6 m",
        "tidetime2": "9:12 h",
        "tideheight2": "0.2 m",
        "tidetime3": "16:55 h",
        "tideheight3": "1.1 m",
        "tidetime4": "no record",
        "tideheight4": "no record",
        "coefficient": "55 average"
    },
    {
        "day": "6 Mon",
        "time": "6:27 h 18:12 h",
        "tidetime1": "1:14 h",
        "tideheight1": "0.1 m",
        "tidetime2": "7:43 h",
        "tideheight2": "0.5 m",
        "tidetime3": "8:55 h",
        "tideheight3": "0.2 m",
        "tidetime4": "17:49 h",
        "tideheight4": "1.2 m",
        "coefficient": "60 average"
    },
    {
        "day": "7 Tue",
        "time": "6:26 h 18:12 h",
        "tidetime1": "2:43 h",
        "tideheight1": "-0.1 m",
        "tidetime2": "18:47 h",
        "tideheight2": "1.3 m",
        "tidetime3": "no record",
        "tideheight3": "no record",
        "tidetime4": "no record",
        "tideheight4": "no record",
        "coefficient": "70 high"
    },
    {
        "day": "8 Wed",
        "time": "6:26 h 18:12 h",
        "tidetime1": "3:41 h",
        "tideheight1": "-0.2 m",
        "tidetime2": "19:45 h",
        "tideheight2": "1.4 m",
        "tidetime3": "no record",
        "tideheight3": "no record",
        "tidetime4": "no record",
        "tideheight4": "no record",
        "coefficient": "81 high"
    },
    {
        "day": "9 Thu",
        "time": "6:26 h 18:13 h",
        "tidetime1": "4:28 h",
        "tideheight1": "-0.3 m",
        "tidetime2": "20:40 h",
        "tideheight2": "1.4 m",
        "tidetime3": "no record",
        "tideheight3": "no record",
        "tidetime4": "no record",
        "tideheight4": "no record",
        "coefficient": "90 very high"
    },
    {
        "day": "10 Fri",
        "time": "6:26 h 18:13 h",
        "tidetime1": "5:08 h",
        "tideheight1": "-0.3 m",
        "tidetime2": "21:31 h",
        "tideheight2": "1.4 m",
        "tidetime3": "no record",
        "tideheight3": "no record",
        "tidetime4": "no record",
        "tideheight4": "no record",
        "coefficient": "96 very high"
    },
    {
        "day": "11 Sat",
        "time": "6:26 h 18:13 h",
        "tidetime1": "5:45 h",
        "tideheight1": "-0.3 m",
        "tidetime2": "12:25 h",
        "tideheight2": "0.5 m",
        "tidetime3": "14:25 h",
        "tideheight3": "0.2 m",
        "tidetime4": "22:19 h",
        "tideheight4": "1.4 m",
        "coefficient": "98 very high"
    },
    {
        "day": "12 Sun",
        "time": "6:25 h 18:13 h",
        "tidetime1": "6:17 h",
        "tideheight1": "-0.2 m",
        "tidetime2": "12:39 h",
        "tideheight2": "0.6 m",
        "tidetime3": "15:36 h",
        "tideheight3": "0.2 m",
        "tidetime4": "23:04 h",
        "tideheight4": "1.3 m",
        "coefficient": "96 very high"
    },
    {
        "day": "13 Mon",
        "time": "6:25 h 18:14 h",
        "tidetime1": "6:47 h",
        "tideheight1": "-0.2 m",
        "tidetime2": "12:58 h",
        "tideheight2": "0.6 m",
        "tidetime3": "16:39 h",
        "tideheight3": "0.2 m",
        "tidetime4": "23:47 h",
        "tideheight4": "1.2 m",
        "coefficient": "90 very high"
    },
    {
        "day": "14 Tue",
        "time": "6:25 h 18:14 h",
        "tidetime1": "7:14 h",
        "tideheight1": "-0.1 m",
        "tidetime2": "13:20 h",
        "tideheight2": "0.7 m",
        "tidetime3": "17:39 h",
        "tideheight3": "0.2 m",
        "tidetime4": "no record",
        "tideheight4": "no record",
        "coefficient": "82 high"
    },
    {
        "day": "15 Wed",
        "time": "6:25 h 18:14 h",
        "tidetime1": "0:28 h",
        "tideheight1": "1.1 m",
        "tidetime2": "7:38 h",
        "tideheight2": "0.0 m",
        "tidetime3": "13:45 h",
        "tideheight3": "0.7 m",
        "tidetime4": "18:41 h",
        "tideheight4": "0.2 m",
        "coefficient": "71 high"
    },
    {
        "day": "16 Thu",
        "time": "6:24 h 18:14 h",
        "tidetime1": "1:09 h",
        "tideheight1": "1.0 m",
        "tidetime2": "7:59 h",
        "tideheight2": "0.1 m",
        "tidetime3": "14:12 h",
        "tideheight3": "0.8 m",
        "tidetime4": "19:47 h",
        "tideheight4": "0.2 m",
        "coefficient": "60 average"
    },
    {
        "day": "17 Fri",
        "time": "6:24 h 18:14 h",
        "tidetime1": "1:51 h",
        "tideheight1": "0.9 m",
        "tidetime2": "8:16 h",
        "tideheight2": "0.1 m",
        "tidetime3": "14:43 h",
        "tideheight3": "0.9 m",
        "tidetime4": "21:05 h",
        "tideheight4": "0.2 m",
        "coefficient": "49 low"
    },
    {
        "day": "18 Sat",
        "time": "6:24 h 18:15 h",
        "tidetime1": "2:41 h",
        "tideheight1": "0.7 m",
        "tidetime2": "8:28 h",
        "tideheight2": "0.2 m",
        "tidetime3": "15:21 h",
        "tideheight3": "0.9 m",
        "tidetime4": "22:40 h",
        "tideheight4": "0.2 m",
        "coefficient": "40 low"
    },
    {
        "day": "19 Sun",
        "time": "6:23 h 18:15 h",
        "tidetime1": "3:57 h",
        "tideheight1": "0.6 m",
        "tidetime2": "8:30 h",
        "tideheight2": "0.2 m",
        "tidetime3": "16:08 h",
        "tideheight3": "1.0 m",
        "tidetime4": "no record",
        "tideheight4": "no record",
        "coefficient": "35 low"
    },
    {
        "day": "20 Mon",
        "time": "6:23 h 18:15 h",
        "tidetime1": "0:33 h",
        "tideheight1": "0.1 m",
        "tidetime2": "17:04 h",
        "tideheight2": "1.0 m",
        "tidetime3": "no record",
        "tideheight3": "no record",
        "tidetime4": "no record",
        "tideheight4": "no record",
        "coefficient": "36 low"
    },
    {
        "day": "21 Tue",
        "time": "6:23 h 18:15 h",
        "tidetime1": "2:06 h",
        "tideheight1": "0.1 m",
        "tidetime2": "18:06 h",
        "tideheight2": "1.1 m",
        "tidetime3": "no record",
        "tideheight3": "no record",
        "tidetime4": "no record",
        "tideheight4": "no record",
        "coefficient": "44 low"
    },
    {
        "day": "22 Wed",
        "time": "6:22 h 18:15 h",
        "tidetime1": "3:05 h",
        "tideheight1": "0.0 m",
        "tidetime2": "19:05 h",
        "tideheight2": "1.1 m",
        "tidetime3": "no record",
        "tideheight3": "no record",
        "tidetime4": "no record",
        "tideheight4": "no record",
        "coefficient": "56 average"
    },
    {
        "day": "23 Thu",
        "time": "6:22 h 18:15 h",
        "tidetime1": "3:49 h",
        "tideheight1": "-0.1 m",
        "tidetime2": "19:59 h",
        "tideheight2": "1.2 m",
        "tidetime3": "no record",
        "tideheight3": "no record",
        "tidetime4": "no record",
        "tideheight4": "no record",
        "coefficient": "67 average"
    },
    {
        "day": "24 Fri",
        "time": "6:22 h 18:15 h",
        "tidetime1": "4:25 h",
        "tideheight1": "-0.1 m",
        "tidetime2": "20:47 h",
        "tideheight2": "1.2 m",
        "tidetime3": "no record",
        "tideheight3": "no record",
        "tidetime4": "no record",
        "tideheight4": "no record",
        "coefficient": "80 high"
    },
    {
        "day": "25 Sat",
        "time": "6:21 h 18:15 h",
        "tidetime1": "4:58 h",
        "tideheight1": "-0.1 m",
        "tidetime2": "11:34 h",
        "tideheight2": "0.6 m",
        "tidetime3": "13:42 h",
        "tideheight3": "0.3 m",
        "tidetime4": "21:31 h",
        "tideheight4": "1.3 m",
        "coefficient": "90 very high"
    },
    {
        "day": "26 Sun",
        "time": "6:21 h 18:16 h",
        "tidetime1": "5:28 h",
        "tideheight1": "-0.1 m",
        "tidetime2": "11:45 h",
        "tideheight2": "0.6 m",
        "tidetime3": "14:47 h",
        "tideheight3": "0.2 m",
        "tidetime4": "22:14 h",
        "tideheight4": "1.3 m",
        "coefficient": "97 very high"
    },
    {
        "day": "27 Mon",
        "time": "6:20 h 18:16 h",
        "tidetime1": "5:55 h",
        "tideheight1": "-0.1 m",
        "tidetime2": "12:01 h",
        "tideheight2": "0.6 m",
        "tidetime3": "15:45 h",
        "tideheight3": "0.2 m",
        "tidetime4": "22:56 h",
        "tideheight4": "1.2 m",
        "coefficient": "102 very high"
    },
    {
        "day": "28 Tue",
        "time": "6:20 h 18:16 h",
        "tidetime1": "6:20 h",
        "tideheight1": "-0.1 m",
        "tidetime2": "12:21 h",
        "tideheight2": "0.7 m",
        "tidetime3": "16:43 h",
        "tideheight3": "0.2 m",
        "tidetime4": "23:40 h",
        "tideheight4": "1.2 m",
        "coefficient": "102 very high"
    }
]