[
    {
        "day": "1 Fri",
        "time": "5:48 h 18:17 h",
        "tidetime1": "14:56 h",
        "tideheight1": "1.3 m",
        "tidetime2": "no record",
        "tideheight2": "no record",
        "tidetime3": "no record",
        "tideheight3": "no record",
        "tidetime4": "no record",
        "tideheight4": "no record",
        "coefficient": "48 low"
    },
    {
        "day": "2 Sat",
        "time": "5:48 h 18:17 h",
        "tidetime1": "0:46 h",
        "tideheight1": "-0.1 m",
        "tidetime2": "16:17 h",
        "tideheight2": "1.3 m",
        "tidetime3": "no record",
        "tideheight3": "no record",
        "tidetime4": "no record",
        "tideheight4": "no record",
        "coefficient": "60 average"
    },
    {
        "day": "3 Sun",
        "time": "5:47 h 18:17 h",
        "tidetime1": "1:34 h",
        "tideheight1": "-0.1 m",
        "tidetime2": "17:51 h",
        "tideheight2": "1.2 m",
        "tidetime3": "no record",
        "tideheight3": "no record",
        "tidetime4": "no record",
        "tideheight4": "no record",
        "coefficient": "75 high"
    },
    {
        "day": "4 Mon",
        "time": "5:47 h 18:17 h",
        "tidetime1": "2:10 h",
        "tideheight1": "0.0 m",
        "tidetime2": "9:28 h",
        "tideheight2": "0.8 m",
        "tidetime3": "12:42 h",
        "tideheight3": "0.5 m",
        "tidetime4": "19:21 h",
        "tideheight4": "1.1 m",
        "coefficient": "90 very high"
    },
    {
        "day": "5 Tue",
        "time": "5:47 h 18:17 h",
        "tidetime1": "2:38 h",
        "tideheight1": "0.1 m",
        "tidetime2": "9:18 h",
        "tideheight2": "0.9 m",
        "tidetime3": "14:24 h",
        "tideheight3": "0.3 m",
        "tidetime4": "20:43 h",
        "tideheight4": "1.1 m",
        "coefficient": "101 very high"
    },
    {
        "day": "6 Wed",
        "time": "5:47 h 18:17 h",
        "tidetime1": "2:58 h",
        "tideheight1": "0.2 m",
        "tidetime2": "9:27 h",
        "tideheight2": "1.1 m",
        "tidetime3": "15:40 h",
        "tideheight3": "0.1 m",
        "tidetime4": "21:59 h",
        "tideheight4": "1.0 m",
        "coefficient": "108 very high"
    },
    {
        "day": "7 Thu",
        "time": "5:46 h 18:17 h",
        "tidetime1": "3:15 h",
        "tideheight1": "0.3 m",
        "tidetime2": "9:46 h",
        "tideheight2": "1.2 m",
        "tidetime3": "16:47 h",
        "tideheight3": "0.0 m",
        "tidetime4": "23:14 h",
        "tideheight4": "0.9 m",
        "coefficient": "108 very high"
    },
    {
        "day": "8 Fri",
        "time": "5:46 h 18:17 h",
        "tidetime1": "3:27 h",
        "tideheight1": "0.3 m",
        "tidetime2": "10:12 h",
        "tideheight2": "1.4 m",
        "tidetime3": "17:48 h",
        "tideheight3": "-0.1 m",
        "tidetime4": "no record",
        "tideheight4": "no record",
        "coefficient": "102 very high"
    },
    {
        "day": "9 Sat",
        "time": "5:46 h 18:18 h",
        "tidetime1": "0:34 h",
        "tideheight1": "0.8 m",
        "tidetime2": "3:32 h",
        "tideheight2": "0.4 m",
        "tidetime3": "10:43 h",
        "tideheight3": "1.5 m",
        "tidetime4": "18:47 h",
        "tideheight4": "-0.2 m",
        "coefficient": "91 very high"
    },
    {
        "day": "10 Sun",
        "time": "5:45 h 18:18 h",
        "tidetime1": "2:32 h",
        "tideheight1": "0.7 m",
        "tidetime2": "2:59 h",
        "tideheight2": "0.4 m",
        "tidetime3": "11:18 h",
        "tideheight3": "1.6 m",
        "tidetime4": "19:47 h",
        "tideheight4": "-0.2 m",
        "coefficient": "78 high"
    },
    {
        "day": "11 Mon",
        "time": "5:45 h 18:18 h",
        "tidetime1": "11:57 h",
        "tideheight1": "1.6 m",
        "tidetime2": "20:47 h",
        "tideheight2": "-0.2 m",
        "tidetime3": "no record",
        "tideheight3": "no record",
        "tidetime4": "no record",
        "tideheight4": "no record",
        "coefficient": "64 average"
    },
    {
        "day": "12 Tue",
        "time": "5:45 h 18:18 h",
        "tidetime1": "12:40 h",
        "tideheight1": "1.6 m",
        "tidetime2": "21:49 h",
        "tideheight2": "-0.2 m",
        "tidetime3": "no record",
        "tideheight3": "no record",
        "tidetime4": "no record",
        "tideheight4": "no record",
        "coefficient": "52 average"
    },
    {
        "day": "13 Wed",
        "time": "5:45 h 18:18 h",
        "tidetime1": "13:26 h",
        "tideheight1": "1.5 m",
        "tidetime2": "22:52 h",
        "tideheight2": "-0.1 m",
        "tidetime3": "no record",
        "tideheight3": "no record",
        "tidetime4": "no record",
        "tideheight4": "no record",
        "coefficient": "42 low"
    },
    {
        "day": "14 Thu",
        "time": "5:45 h 18:19 h",
        "tidetime1": "14:18 h",
        "tideheight1": "1.4 m",
        "tidetime2": "23:51 h",
        "tideheight2": "-0.1 m",
        "tidetime3": "no record",
        "tideheight3": "no record",
        "tidetime4": "no record",
        "tideheight4": "no record",
        "coefficient": "39 low"
    },
    {
        "day": "15 Fri",
        "time": "5:44 h 18:19 h",
        "tidetime1": "15:20 h",
        "tideheight1": "1.3 m",
        "tidetime2": "no record",
        "tideheight2": "no record",
        "tidetime3": "no record",
        "tideheight3": "no record",
        "tidetime4": "no record",
        "tideheight4": "no record",
        "coefficient": "42 low"
    },
    {
        "day": "16 Sat",
        "time": "5:44 h 18:19 h",
        "tidetime1": "0:40 h",
        "tideheight1": "0.0 m",
        "tidetime2": "16:37 h",
        "tideheight2": "1.2 m",
        "tidetime3": "no record",
        "tideheight3": "no record",
        "tidetime4": "no record",
        "tideheight4": "no record",
        "coefficient": "48 low"
    },
    {
        "day": "17 Sun",
        "time": "5:44 h 18:19 h",
        "tidetime1": "1:18 h",
        "tideheight1": "0.1 m",
        "tidetime2": "9:17 h",
        "tideheight2": "0.9 m",
        "tidetime3": "11:34 h",
        "tideheight3": "0.5 m",
        "tidetime4": "18:05 h",
        "tideheight4": "1.1 m",
        "coefficient": "56 average"
    },
    {
        "day": "18 Mon",
        "time": "5:44 h 18:19 h",
        "tidetime1": "1:47 h",
        "tideheight1": "0.2 m",
        "tidetime2": "8:50 h",
        "tideheight2": "0.9 m",
        "tidetime3": "13:36 h",
        "tideheight3": "0.4 m",
        "tidetime4": "19:28 h",
        "tideheight4": "1.0 m",
        "coefficient": "64 average"
    },
    {
        "day": "19 Tue",
        "time": "5:44 h 18:20 h",
        "tidetime1": "2:08 h",
        "tideheight1": "0.2 m",
        "tidetime2": "8:51 h",
        "tideheight2": "1.0 m",
        "tidetime3": "14:50 h",
        "tideheight3": "0.3 m",
        "tidetime4": "20:42 h",
        "tideheight4": "0.9 m",
        "coefficient": "70 high"
    },
    {
        "day": "20 Wed",
        "time": "5:44 h 18:20 h",
        "tidetime1": "2:25 h",
        "tideheight1": "0.3 m",
        "tidetime2": "9:02 h",
        "tideheight2": "1.1 m",
        "tidetime3": "15:46 h",
        "tideheight3": "0.2 m",
        "tidetime4": "21:48 h",
        "tideheight4": "0.9 m",
        "coefficient": "76 high"
    },
    {
        "day": "21 Thu",
        "time": "5:44 h 18:20 h",
        "tidetime1": "2:38 h",
        "tideheight1": "0.4 m",
        "tidetime2": "9:19 h",
        "tideheight2": "1.2 m",
        "tidetime3": "16:34 h",
        "tideheight3": "0.1 m",
        "tidetime4": "22:52 h",
        "tideheight4": "0.8 m",
        "coefficient": "79 high"
    },
    {
        "day": "22 Fri",
        "time": "5:43 h 18:20 h",
        "tidetime1": "2:47 h",
        "tideheight1": "0.4 m",
        "tidetime2": "9:40 h",
        "tideheight2": "1.3 m",
        "tidetime3": "17:19 h",
        "tideheight3": "0.0 m",
        "tidetime4": "23:59 h",
        "tideheight4": "0.8 m",
        "coefficient": "81 high"
    },
    {
        "day": "23 Sat",
        "time": "5:43 h 18:21 h",
        "tidetime1": "2:52 h",
        "tideheight1": "0.4 m",
        "tidetime2": "10:04 h",
        "tideheight2": "1.4 m",
        "tidetime3": "18:03 h",
        "tideheight3": "-0.1 m",
        "tidetime4": "no record",
        "tideheight4": "no record",
        "coefficient": "80 high"
    },
    {
        "day": "24 Sun",
        "time": "5:43 h 18:21 h",
        "tidetime1": "1:21 h",
        "tideheight1": "0.8 m",
        "tidetime2": "2:40 h",
        "tideheight2": "0.5 m",
        "tidetime3": "10:30 h",
        "tideheight3": "1.4 m",
        "tidetime4": "18:48 h",
        "tideheight4": "-0.1 m",
        "coefficient": "77 high"
    },
    {
        "day": "25 Mon",
        "time": "5:43 h 18:21 h",
        "tidetime1": "11:00 h",
        "tideheight1": "1.5 m",
        "tidetime2": "19:35 h",
        "tideheight2": "-0.1 m",
        "tidetime3": "no record",
        "tideheight3": "no record",
        "tidetime4": "no record",
        "tideheight4": "no record",
        "coefficient": "72 high"
    },
    {
        "day": "26 Tue",
        "time": "5:43 h 18:21 h",
        "tidetime1": "11:32 h",
        "tideheight1": "1.5 m",
        "tidetime2": "20:26 h",
        "tideheight2": "-0.2 m",
        "tidetime3": "no record",
        "tideheight3": "no record",
        "tidetime4": "no record",
        "tideheight4": "no record",
        "coefficient": "66 average"
    },
    {
        "day": "27 Wed",
        "time": "5:43 h 18:22 h",
        "tidetime1": "12:09 h",
        "tideheight1": "1.5 m",
        "tidetime2": "21:20 h",
        "tideheight2": "-0.1 m",
        "tidetime3": "no record",
        "tideheight3": "no record",
        "tidetime4": "no record",
        "tideheight4": "no record",
        "coefficient": "59 average"
    },
    {
        "day": "28 Thu",
        "time": "5:43 h 18:22 h",
        "tidetime1": "12:50 h",
        "tideheight1": "1.5 m",
        "tidetime2": "22:15 h",
        "tideheight2": "-0.1 m",
        "tidetime3": "no record",
        "tideheight3": "no record",
        "tidetime4": "no record",
        "tideheight4": "no record",
        "coefficient": "54 average"
    },
    {
        "day": "29 Fri",
        "time": "5:43 h 18:22 h",
        "tidetime1": "13:39 h",
        "tideheight1": "1.5 m",
        "tidetime2": "23:07 h",
        "tideheight2": "-0.1 m",
        "tidetime3": "no record",
        "tideheight3": "no record",
        "tidetime4": "no record",
        "tideheight4": "no record",
        "coefficient": "52 average"
    },
    {
        "day": "30 Sat",
        "time": "5:43 h 18:22 h",
        "tidetime1": "14:36 h",
        "tideheight1": "1.4 m",
        "tidetime2": "23:51 h",
        "tideheight2": "0.0 m",
        "tidetime3": "no record",
        "tideheight3": "no record",
        "tidetime4": "no record",
        "tideheight4": "no record",
        "coefficient": "56 average"
    },
    {
        "day": "31 Sun",
        "time": "5:43 h 18:23 h",
        "tidetime1": "15:49 h",
        "tideheight1": "1.2 m",
        "tidetime2": "no record",
        "tideheight2": "no record",
        "tidetime3": "no record",
        "tideheight3": "no record",
        "tidetime4": "no record",
        "tideheight4": "no record",
        "coefficient": "65 average"
    }
]