[
    {
        "day": "1 Mon",
        "time": "6:21 h 17:56 h",
        "tidetime1": "4:41 h",
        "tideheight1": "-0.2 m",
        "tidetime2": "21:01 h",
        "tideheight2": "1.5 m",
        "tidetime3": "no record",
        "tideheight3": "no record",
        "tidetime4": "no record",
        "tideheight4": "no record",
        "coefficient": "100 very high"
    },
    {
        "day": "2 Tue",
        "time": "6:22 h 17:56 h",
        "tidetime1": "5:30 h",
        "tideheight1": "-0.3 m",
        "tidetime2": "21:45 h",
        "tideheight2": "1.6 m",
        "tidetime3": "no record",
        "tideheight3": "no record",
        "tidetime4": "no record",
        "tideheight4": "no record",
        "coefficient": "103 very high"
    },
    {
        "day": "3 Wed",
        "time": "6:22 h 17:57 h",
        "tidetime1": "6:19 h",
        "tideheight1": "-0.4 m",
        "tidetime2": "22:31 h",
        "tideheight2": "1.6 m",
        "tidetime3": "no record",
        "tideheight3": "no record",
        "tidetime4": "no record",
        "tideheight4": "no record",
        "coefficient": "101 very high"
    },
    {
        "day": "4 Thu",
        "time": "6:22 h 17:57 h",
        "tidetime1": "7:06 h",
        "tideheight1": "-0.4 m",
        "tidetime2": "23:18 h",
        "tideheight2": "1.6 m",
        "tidetime3": "no record",
        "tideheight3": "no record",
        "tidetime4": "no record",
        "tideheight4": "no record",
        "coefficient": "95 very high"
    },
    {
        "day": "5 Fri",
        "time": "6:23 h 17:58 h",
        "tidetime1": "7:51 h",
        "tideheight1": "-0.4 m",
        "tidetime2": "no record",
        "tideheight2": "no record",
        "tidetime3": "no record",
        "tideheight3": "no record",
        "tidetime4": "no record",
        "tideheight4": "no record",
        "coefficient": "86 high"
    },
    {
        "day": "6 Sat",
        "time": "6:23 h 17:59 h",
        "tidetime1": "0:05 h",
        "tideheight1": "1.5 m",
        "tidetime2": "8:33 h",
        "tideheight2": "-0.3 m",
        "tidetime3": "no record",
        "tideheight3": "no record",
        "tidetime4": "no record",
        "tideheight4": "no record",
        "coefficient": "75 high"
    },
    {
        "day": "7 Sun",
        "time": "6:24 h 17:59 h",
        "tidetime1": "0:52 h",
        "tideheight1": "1.4 m",
        "tidetime2": "9:12 h",
        "tideheight2": "-0.2 m",
        "tidetime3": "17:05 h",
        "tideheight3": "0.6 m",
        "tidetime4": "17:43 h",
        "tideheight4": "0.3 m",
        "coefficient": "64 average"
    },
    {
        "day": "8 Mon",
        "time": "6:24 h 18:00 h",
        "tidetime1": "1:40 h",
        "tideheight1": "1.2 m",
        "tidetime2": "9:45 h",
        "tideheight2": "-0.1 m",
        "tidetime3": "17:10 h",
        "tideheight3": "0.7 m",
        "tidetime4": "20:01 h",
        "tideheight4": "0.4 m",
        "coefficient": "54 average"
    },
    {
        "day": "9 Tue",
        "time": "6:24 h 18:00 h",
        "tidetime1": "2:30 h",
        "tideheight1": "1.0 m",
        "tidetime2": "10:12 h",
        "tideheight2": "0.0 m",
        "tidetime3": "17:36 h",
        "tideheight3": "0.8 m",
        "tidetime4": "22:21 h",
        "tideheight4": "0.4 m",
        "coefficient": "48 low"
    },
    {
        "day": "10 Wed",
        "time": "6:24 h 18:01 h",
        "tidetime1": "3:30 h",
        "tideheight1": "0.8 m",
        "tidetime2": "10:35 h",
        "tideheight2": "0.1 m",
        "tidetime3": "18:07 h",
        "tideheight3": "0.9 m",
        "tidetime4": "no record",
        "tideheight4": "no record",
        "coefficient": "47 low"
    },
    {
        "day": "11 Thu",
        "time": "6:25 h 18:01 h",
        "tidetime1": "0:49 h",
        "tideheight1": "0.3 m",
        "tidetime2": "5:12 h",
        "tideheight2": "0.7 m",
        "tidetime3": "10:53 h",
        "tideheight3": "0.2 m",
        "tidetime4": "18:40 h",
        "tideheight4": "1.0 m",
        "coefficient": "49 low"
    },
    {
        "day": "12 Fri",
        "time": "6:25 h 18:02 h",
        "tidetime1": "2:37 h",
        "tideheight1": "0.2 m",
        "tidetime2": "7:42 h",
        "tideheight2": "0.6 m",
        "tidetime3": "11:06 h",
        "tideheight3": "0.2 m",
        "tidetime4": "19:15 h",
        "tideheight4": "1.1 m",
        "coefficient": "54 average"
    },
    {
        "day": "13 Sat",
        "time": "6:25 h 18:02 h",
        "tidetime1": "3:37 h",
        "tideheight1": "0.0 m",
        "tidetime2": "10:00 h",
        "tideheight2": "0.5 m",
        "tidetime3": "11:06 h",
        "tideheight3": "0.2 m",
        "tidetime4": "19:50 h",
        "tideheight4": "1.2 m",
        "coefficient": "60 average"
    },
    {
        "day": "14 Sun",
        "time": "6:26 h 18:03 h",
        "tidetime1": "4:19 h",
        "tideheight1": "-0.1 m",
        "tidetime2": "20:27 h",
        "tideheight2": "1.3 m",
        "tidetime3": "no record",
        "tideheight3": "no record",
        "tidetime4": "no record",
        "tideheight4": "no record",
        "coefficient": "66 average"
    },
    {
        "day": "15 Mon",
        "time": "6:26 h 18:03 h",
        "tidetime1": "4:55 h",
        "tideheight1": "-0.1 m",
        "tidetime2": "21:03 h",
        "tideheight2": "1.3 m",
        "tidetime3": "no record",
        "tideheight3": "no record",
        "tidetime4": "no record",
        "tideheight4": "no record",
        "coefficient": "72 high"
    },
    {
        "day": "16 Tue",
        "time": "6:26 h 18:04 h",
        "tidetime1": "5:30 h",
        "tideheight1": "-0.2 m",
        "tidetime2": "21:40 h",
        "tideheight2": "1.3 m",
        "tidetime3": "no record",
        "tideheight3": "no record",
        "tidetime4": "no record",
        "tideheight4": "no record",
        "coefficient": "76 high"
    },
    {
        "day": "17 Wed",
        "time": "6:26 h 18:04 h",
        "tidetime1": "6:04 h",
        "tideheight1": "-0.2 m",
        "tidetime2": "22:17 h",
        "tideheight2": "1.4 m",
        "tidetime3": "no record",
        "tideheight3": "no record",
        "tidetime4": "no record",
        "tideheight4": "no record",
        "coefficient": "78 high"
    },
    {
        "day": "18 Thu",
        "time": "6:26 h 18:05 h",
        "tidetime1": "6:38 h",
        "tideheight1": "-0.2 m",
        "tidetime2": "22:52 h",
        "tideheight2": "1.4 m",
        "tidetime3": "no record",
        "tideheight3": "no record",
        "tidetime4": "no record",
        "tideheight4": "no record",
        "coefficient": "79 high"
    },
    {
        "day": "19 Fri",
        "time": "6:27 h 18:05 h",
        "tidetime1": "7:12 h",
        "tideheight1": "-0.2 m",
        "tidetime2": "23:27 h",
        "tideheight2": "1.3 m",
        "tidetime3": "no record",
        "tideheight3": "no record",
        "tidetime4": "no record",
        "tideheight4": "no record",
        "coefficient": "78 high"
    },
    {
        "day": "20 Sat",
        "time": "6:27 h 18:06 h",
        "tidetime1": "7:44 h",
        "tideheight1": "-0.2 m",
        "tidetime2": "no record",
        "tideheight2": "no record",
        "tidetime3": "no record",
        "tideheight3": "no record",
        "tidetime4": "no record",
        "tideheight4": "no record",
        "coefficient": "75 high"
    },
    {
        "day": "21 Sun",
        "time": "6:27 h 18:06 h",
        "tidetime1": "0:02 h",
        "tideheight1": "1.3 m",
        "tidetime2": "8:14 h",
        "tideheight2": "-0.1 m",
        "tidetime3": "15:23 h",
        "tideheight3": "0.6 m",
        "tidetime4": "16:33 h",
        "tideheight4": "0.3 m",
        "coefficient": "71 high"
    },
    {
        "day": "22 Mon",
        "time": "6:27 h 18:06 h",
        "tidetime1": "0:37 h",
        "tideheight1": "1.2 m",
        "tidetime2": "8:42 h",
        "tideheight2": "-0.1 m",
        "tidetime3": "15:42 h",
        "tideheight3": "0.6 m",
        "tidetime4": "17:47 h",
        "tideheight4": "0.3 m",
        "coefficient": "65 average"
    },
    {
        "day": "23 Tue",
        "time": "6:27 h 18:07 h",
        "tidetime1": "1:13 h",
        "tideheight1": "1.1 m",
        "tidetime2": "9:06 h",
        "tideheight2": "0.0 m",
        "tidetime3": "16:02 h",
        "tideheight3": "0.7 m",
        "tidetime4": "19:18 h",
        "tideheight4": "0.3 m",
        "coefficient": "60 average"
    },
    {
        "day": "24 Wed",
        "time": "6:27 h 18:07 h",
        "tidetime1": "1:55 h",
        "tideheight1": "1.0 m",
        "tidetime2": "9:26 h",
        "tideheight2": "0.1 m",
        "tidetime3": "16:26 h",
        "tideheight3": "0.8 m",
        "tidetime4": "21:11 h",
        "tideheight4": "0.3 m",
        "coefficient": "55 average"
    },
    {
        "day": "25 Thu",
        "time": "6:27 h 18:08 h",
        "tidetime1": "2:49 h",
        "tideheight1": "0.8 m",
        "tidetime2": "9:43 h",
        "tideheight2": "0.1 m",
        "tidetime3": "16:54 h",
        "tideheight3": "0.9 m",
        "tidetime4": "23:26 h",
        "tideheight4": "0.3 m",
        "coefficient": "53 average"
    },
    {
        "day": "26 Fri",
        "time": "6:27 h 18:08 h",
        "tidetime1": "4:24 h",
        "tideheight1": "0.7 m",
        "tidetime2": "9:55 h",
        "tideheight2": "0.2 m",
        "tidetime3": "17:31 h",
        "tideheight3": "1.0 m",
        "tidetime4": "no record",
        "tideheight4": "no record",
        "coefficient": "56 average"
    },
    {
        "day": "27 Sat",
        "time": "6:27 h 18:08 h",
        "tidetime1": "1:31 h",
        "tideheight1": "0.1 m",
        "tidetime2": "7:30 h",
        "tideheight2": "0.5 m",
        "tidetime3": "9:54 h",
        "tideheight3": "0.2 m",
        "tidetime4": "18:14 h",
        "tideheight4": "1.1 m",
        "coefficient": "64 average"
    },
    {
        "day": "28 Sun",
        "time": "6:27 h 18:09 h",
        "tidetime1": "2:52 h",
        "tideheight1": "-0.1 m",
        "tidetime2": "19:03 h",
        "tideheight2": "1.3 m",
        "tidetime3": "no record",
        "tideheight3": "no record",
        "tidetime4": "no record",
        "tideheight4": "no record",
        "coefficient": "75 high"
    },
    {
        "day": "29 Mon",
        "time": "6:27 h 18:09 h",
        "tidetime1": "3:49 h",
        "tideheight1": "-0.2 m",
        "tidetime2": "19:55 h",
        "tideheight2": "1.4 m",
        "tidetime3": "no record",
        "tideheight3": "no record",
        "tidetime4": "no record",
        "tideheight4": "no record",
        "coefficient": "87 high"
    },
    {
        "day": "30 Tue",
        "time": "6:27 h 18:10 h",
        "tidetime1": "4:38 h",
        "tideheight1": "-0.3 m",
        "tidetime2": "20:47 h",
        "tideheight2": "1.5 m",
        "tidetime3": "no record",
        "tideheight3": "no record",
        "tidetime4": "no record",
        "tideheight4": "no record",
        "coefficient": "97 very high"
    },
    {
        "day": "31 Wed",
        "time": "6:27 h 18:10 h",
        "tidetime1": "5:24 h",
        "tideheight1": "-0.4 m",
        "tidetime2": "21:38 h",
        "tideheight2": "1.5 m",
        "tidetime3": "no record",
        "tideheight3": "no record",
        "tidetime4": "no record",
        "tideheight4": "no record",
        "coefficient": "104 very high"
    }
]