[
    {
        "day": "1 Sat",
        "time": "5:48 h 18:16 h",
        "tidetime1": "12:13 h",
        "tideheight1": "1.6 m",
        "tidetime2": "21:12 h",
        "tideheight2": "-0.3 m",
        "tidetime3": "no record",
        "tideheight3": "no record",
        "tidetime4": "no record",
        "tideheight4": "no record",
        "coefficient": "63 average"
    },
    {
        "day": "2 Sun",
        "time": "5:48 h 18:17 h",
        "tidetime1": "13:00 h",
        "tideheight1": "1.6 m",
        "tidetime2": "22:25 h",
        "tideheight2": "-0.2 m",
        "tidetime3": "no record",
        "tideheight3": "no record",
        "tidetime4": "no record",
        "tideheight4": "no record",
        "coefficient": "50 average"
    },
    {
        "day": "3 Mon",
        "time": "5:48 h 18:17 h",
        "tidetime1": "13:53 h",
        "tideheight1": "1.5 m",
        "tidetime2": "23:38 h",
        "tideheight2": "-0.2 m",
        "tidetime3": "no record",
        "tideheight3": "no record",
        "tidetime4": "no record",
        "tideheight4": "no record",
        "coefficient": "43 low"
    },
    {
        "day": "4 Tue",
        "time": "5:47 h 18:17 h",
        "tidetime1": "14:56 h",
        "tideheight1": "1.4 m",
        "tidetime2": "no record",
        "tideheight2": "no record",
        "tidetime3": "no record",
        "tideheight3": "no record",
        "tidetime4": "no record",
        "tideheight4": "no record",
        "coefficient": "44 low"
    },
    {
        "day": "5 Wed",
        "time": "5:47 h 18:17 h",
        "tidetime1": "0:41 h",
        "tideheight1": "-0.1 m",
        "tidetime2": "16:13 h",
        "tideheight2": "1.3 m",
        "tidetime3": "no record",
        "tideheight3": "no record",
        "tidetime4": "no record",
        "tideheight4": "no record",
        "coefficient": "51 average"
    },
    {
        "day": "6 Thu",
        "time": "5:47 h 18:17 h",
        "tidetime1": "1:30 h",
        "tideheight1": "0.0 m",
        "tidetime2": "17:42 h",
        "tideheight2": "1.2 m",
        "tidetime3": "no record",
        "tideheight3": "no record",
        "tidetime4": "no record",
        "tideheight4": "no record",
        "coefficient": "59 average"
    },
    {
        "day": "7 Fri",
        "time": "5:46 h 18:17 h",
        "tidetime1": "2:04 h",
        "tideheight1": "0.0 m",
        "tidetime2": "9:27 h",
        "tideheight2": "0.8 m",
        "tidetime3": "12:32 h",
        "tideheight3": "0.5 m",
        "tidetime4": "19:08 h",
        "tideheight4": "1.1 m",
        "coefficient": "67 average"
    },
    {
        "day": "8 Sat",
        "time": "5:46 h 18:17 h",
        "tidetime1": "2:28 h",
        "tideheight1": "0.1 m",
        "tidetime2": "9:15 h",
        "tideheight2": "0.9 m",
        "tidetime3": "14:15 h",
        "tideheight3": "0.4 m",
        "tidetime4": "20:22 h",
        "tideheight4": "1.0 m",
        "coefficient": "73 high"
    },
    {
        "day": "9 Sun",
        "time": "5:46 h 18:18 h",
        "tidetime1": "2:46 h",
        "tideheight1": "0.2 m",
        "tidetime2": "9:20 h",
        "tideheight2": "1.0 m",
        "tidetime3": "15:24 h",
        "tideheight3": "0.3 m",
        "tidetime4": "21:27 h",
        "tideheight4": "0.9 m",
        "coefficient": "78 high"
    },
    {
        "day": "10 Mon",
        "time": "5:46 h 18:18 h",
        "tidetime1": "3:00 h",
        "tideheight1": "0.3 m",
        "tidetime2": "9:32 h",
        "tideheight2": "1.1 m",
        "tidetime3": "16:18 h",
        "tideheight3": "0.1 m",
        "tidetime4": "22:29 h",
        "tideheight4": "0.9 m",
        "coefficient": "80 high"
    },
    {
        "day": "11 Tue",
        "time": "5:45 h 18:18 h",
        "tidetime1": "3:11 h",
        "tideheight1": "0.3 m",
        "tidetime2": "9:48 h",
        "tideheight2": "1.2 m",
        "tidetime3": "17:06 h",
        "tideheight3": "0.1 m",
        "tidetime4": "23:30 h",
        "tideheight4": "0.8 m",
        "coefficient": "80 high"
    },
    {
        "day": "12 Wed",
        "time": "5:45 h 18:18 h",
        "tidetime1": "3:18 h",
        "tideheight1": "0.4 m",
        "tidetime2": "10:08 h",
        "tideheight2": "1.3 m",
        "tidetime3": "17:49 h",
        "tideheight3": "0.0 m",
        "tidetime4": "no record",
        "tideheight4": "no record",
        "coefficient": "78 high"
    },
    {
        "day": "13 Thu",
        "time": "5:45 h 18:18 h",
        "tidetime1": "0:35 h",
        "tideheight1": "0.8 m",
        "tidetime2": "3:19 h",
        "tideheight2": "0.4 m",
        "tidetime3": "10:31 h",
        "tideheight3": "1.3 m",
        "tidetime4": "18:33 h",
        "tideheight4": "-0.1 m",
        "coefficient": "74 high"
    },
    {
        "day": "14 Fri",
        "time": "5:45 h 18:18 h",
        "tidetime1": "2:10 h",
        "tideheight1": "0.7 m",
        "tidetime2": "2:51 h",
        "tideheight2": "0.4 m",
        "tidetime3": "10:56 h",
        "tideheight3": "1.4 m",
        "tidetime4": "19:17 h",
        "tideheight4": "-0.1 m",
        "coefficient": "69 average"
    },
    {
        "day": "15 Sat",
        "time": "5:44 h 18:19 h",
        "tidetime1": "11:25 h",
        "tideheight1": "1.4 m",
        "tidetime2": "20:05 h",
        "tideheight2": "-0.1 m",
        "tidetime3": "no record",
        "tideheight3": "no record",
        "tidetime4": "no record",
        "tideheight4": "no record",
        "coefficient": "62 average"
    },
    {
        "day": "16 Sun",
        "time": "5:44 h 18:19 h",
        "tidetime1": "11:57 h",
        "tideheight1": "1.4 m",
        "tidetime2": "20:58 h",
        "tideheight2": "-0.1 m",
        "tidetime3": "no record",
        "tideheight3": "no record",
        "tidetime4": "no record",
        "tideheight4": "no record",
        "coefficient": "54 average"
    },
    {
        "day": "17 Mon",
        "time": "5:44 h 18:19 h",
        "tidetime1": "12:33 h",
        "tideheight1": "1.4 m",
        "tidetime2": "21:56 h",
        "tideheight2": "-0.1 m",
        "tidetime3": "no record",
        "tideheight3": "no record",
        "tidetime4": "no record",
        "tideheight4": "no record",
        "coefficient": "46 low"
    },
    {
        "day": "18 Tue",
        "time": "5:44 h 18:19 h",
        "tidetime1": "13:15 h",
        "tideheight1": "1.4 m",
        "tidetime2": "22:55 h",
        "tideheight2": "-0.1 m",
        "tidetime3": "no record",
        "tideheight3": "no record",
        "tidetime4": "no record",
        "tideheight4": "no record",
        "coefficient": "42 low"
    },
    {
        "day": "19 Wed",
        "time": "5:44 h 18:20 h",
        "tidetime1": "14:04 h",
        "tideheight1": "1.4 m",
        "tidetime2": "23:50 h",
        "tideheight2": "-0.1 m",
        "tidetime3": "no record",
        "tideheight3": "no record",
        "tidetime4": "no record",
        "tideheight4": "no record",
        "coefficient": "42 low"
    },
    {
        "day": "20 Thu",
        "time": "5:44 h 18:20 h",
        "tidetime1": "15:06 h",
        "tideheight1": "1.3 m",
        "tidetime2": "no record",
        "tideheight2": "no record",
        "tidetime3": "no record",
        "tideheight3": "no record",
        "tidetime4": "no record",
        "tideheight4": "no record",
        "coefficient": "50 average"
    },
    {
        "day": "21 Fri",
        "time": "5:44 h 18:20 h",
        "tidetime1": "0:34 h",
        "tideheight1": "0.0 m",
        "tidetime2": "16:25 h",
        "tideheight2": "1.2 m",
        "tidetime3": "no record",
        "tideheight3": "no record",
        "tidetime4": "no record",
        "tideheight4": "no record",
        "coefficient": "61 average"
    },
    {
        "day": "22 Sat",
        "time": "5:44 h 18:20 h",
        "tidetime1": "1:07 h",
        "tideheight1": "0.0 m",
        "tidetime2": "8:58 h",
        "tideheight2": "0.9 m",
        "tidetime3": "11:39 h",
        "tideheight3": "0.5 m",
        "tidetime4": "18:01 h",
        "tideheight4": "1.1 m",
        "coefficient": "75 high"
    },
    {
        "day": "23 Sun",
        "time": "5:43 h 18:20 h",
        "tidetime1": "1:32 h",
        "tideheight1": "0.1 m",
        "tidetime2": "8:32 h",
        "tideheight2": "1.0 m",
        "tidetime3": "13:44 h",
        "tideheight3": "0.4 m",
        "tidetime4": "19:39 h",
        "tideheight4": "1.0 m",
        "coefficient": "87 high"
    },
    {
        "day": "24 Mon",
        "time": "5:43 h 18:21 h",
        "tidetime1": "1:49 h",
        "tideheight1": "0.2 m",
        "tidetime2": "8:36 h",
        "tideheight2": "1.1 m",
        "tidetime3": "15:07 h",
        "tideheight3": "0.2 m",
        "tidetime4": "21:12 h",
        "tideheight4": "0.9 m",
        "coefficient": "97 very high"
    },
    {
        "day": "25 Tue",
        "time": "5:43 h 18:21 h",
        "tidetime1": "2:02 h",
        "tideheight1": "0.3 m",
        "tidetime2": "8:52 h",
        "tideheight2": "1.3 m",
        "tidetime3": "16:13 h",
        "tideheight3": "0.0 m",
        "tidetime4": "22:43 h",
        "tideheight4": "0.8 m",
        "coefficient": "102 very high"
    },
    {
        "day": "26 Wed",
        "time": "5:43 h 18:21 h",
        "tidetime1": "2:09 h",
        "tideheight1": "0.4 m",
        "tidetime2": "9:18 h",
        "tideheight2": "1.5 m",
        "tidetime3": "17:14 h",
        "tideheight3": "-0.1 m",
        "tidetime4": "no record",
        "tideheight4": "no record",
        "coefficient": "102 very high"
    },
    {
        "day": "27 Thu",
        "time": "5:43 h 18:21 h",
        "tidetime1": "0:26 h",
        "tideheight1": "0.7 m",
        "tidetime2": "1:59 h",
        "tideheight2": "0.4 m",
        "tidetime3": "9:50 h",
        "tideheight3": "1.6 m",
        "tidetime4": "18:12 h",
        "tideheight4": "-0.3 m",
        "coefficient": "97 very high"
    },
    {
        "day": "28 Fri",
        "time": "5:43 h 18:22 h",
        "tidetime1": "10:29 h",
        "tideheight1": "1.7 m",
        "tidetime2": "19:11 h",
        "tideheight2": "-0.3 m",
        "tidetime3": "no record",
        "tideheight3": "no record",
        "tidetime4": "no record",
        "tideheight4": "no record",
        "coefficient": "88 high"
    },
    {
        "day": "29 Sat",
        "time": "5:43 h 18:22 h",
        "tidetime1": "11:11 h",
        "tideheight1": "1.8 m",
        "tidetime2": "20:09 h",
        "tideheight2": "-0.3 m",
        "tidetime3": "no record",
        "tideheight3": "no record",
        "tidetime4": "no record",
        "tideheight4": "no record",
        "coefficient": "77 high"
    },
    {
        "day": "30 Sun",
        "time": "5:43 h 18:22 h",
        "tidetime1": "11:57 h",
        "tideheight1": "1.7 m",
        "tidetime2": "21:09 h",
        "tideheight2": "-0.3 m",
        "tidetime3": "no record",
        "tideheight3": "no record",
        "tidetime4": "no record",
        "tideheight4": "no record",
        "coefficient": "65 average"
    },
    {
        "day": "31 Mon",
        "time": "5:43 h 18:22 h",
        "tidetime1": "12:46 h",
        "tideheight1": "1.7 m",
        "tidetime2": "22:06 h",
        "tideheight2": "-0.2 m",
        "tidetime3": "no record",
        "tideheight3": "no record",
        "tidetime4": "no record",
        "tideheight4": "no record",
        "coefficient": "55 average"
    }
]