[
    {
        "day": "1 Thu",
        "time": "5:54 h 17:56 h",
        "tidetime1": "2:52 h",
        "tideheight1": "0.4 m",
        "tidetime2": "9:45 h",
        "tideheight2": "1.3 m",
        "tidetime3": "16:49 h",
        "tideheight3": "0.2 m",
        "tidetime4": "22:47 h",
        "tideheight4": "0.9 m",
        "coefficient": "87 high"
    },
    {
        "day": "2 Fri",
        "time": "5:54 h 17:55 h",
        "tidetime1": "3:49 h",
        "tideheight1": "0.4 m",
        "tidetime2": "10:30 h",
        "tideheight2": "1.3 m",
        "tidetime3": "17:06 h",
        "tideheight3": "0.3 m",
        "tidetime4": "22:59 h",
        "tideheight4": "1.0 m",
        "coefficient": "87 high"
    },
    {
        "day": "3 Sat",
        "time": "5:53 h 17:54 h",
        "tidetime1": "4:41 h",
        "tideheight1": "0.3 m",
        "tidetime2": "11:13 h",
        "tideheight2": "1.2 m",
        "tidetime3": "17:21 h",
        "tideheight3": "0.4 m",
        "tidetime4": "23:14 h",
        "tideheight4": "1.1 m",
        "coefficient": "85 high"
    },
    {
        "day": "4 Sun",
        "time": "5:53 h 17:54 h",
        "tidetime1": "5:30 h",
        "tideheight1": "0.2 m",
        "tidetime2": "11:58 h",
        "tideheight2": "1.1 m",
        "tidetime3": "17:33 h",
        "tideheight3": "0.4 m",
        "tidetime4": "23:32 h",
        "tideheight4": "1.2 m",
        "coefficient": "80 high"
    },
    {
        "day": "5 Mon",
        "time": "5:53 h 17:53 h",
        "tidetime1": "6:19 h",
        "tideheight1": "0.2 m",
        "tidetime2": "12:47 h",
        "tideheight2": "1.0 m",
        "tidetime3": "17:39 h",
        "tideheight3": "0.5 m",
        "tidetime4": "23:52 h",
        "tideheight4": "1.2 m",
        "coefficient": "72 high"
    },
    {
        "day": "6 Tue",
        "time": "5:53 h 17:53 h",
        "tidetime1": "7:10 h",
        "tideheight1": "0.2 m",
        "tidetime2": "13:46 h",
        "tideheight2": "0.9 m",
        "tidetime3": "17:37 h",
        "tideheight3": "0.5 m",
        "tidetime4": "no record",
        "tideheight4": "no record",
        "coefficient": "63 average"
    },
    {
        "day": "7 Wed",
        "time": "5:53 h 17:52 h",
        "tidetime1": "0:15 h",
        "tideheight1": "1.3 m",
        "tidetime2": "8:05 h",
        "tideheight2": "0.1 m",
        "tidetime3": "15:18 h",
        "tideheight3": "0.8 m",
        "tidetime4": "17:07 h",
        "tideheight4": "0.5 m",
        "coefficient": "53 average"
    },
    {
        "day": "8 Thu",
        "time": "5:53 h 17:52 h",
        "tidetime1": "0:42 h",
        "tideheight1": "1.3 m",
        "tidetime2": "9:10 h",
        "tideheight2": "0.1 m",
        "tidetime3": "no record",
        "tideheight3": "no record",
        "tidetime4": "no record",
        "tideheight4": "no record",
        "coefficient": "42 low"
    },
    {
        "day": "9 Fri",
        "time": "5:53 h 17:51 h",
        "tidetime1": "1:16 h",
        "tideheight1": "1.3 m",
        "tidetime2": "10:28 h",
        "tideheight2": "0.1 m",
        "tidetime3": "no record",
        "tideheight3": "no record",
        "tidetime4": "no record",
        "tideheight4": "no record",
        "coefficient": "35 low"
    },
    {
        "day": "10 Sat",
        "time": "5:53 h 17:51 h",
        "tidetime1": "2:01 h",
        "tideheight1": "1.3 m",
        "tidetime2": "11:53 h",
        "tideheight2": "0.1 m",
        "tidetime3": "no record",
        "tideheight3": "no record",
        "tidetime4": "no record",
        "tideheight4": "no record",
        "coefficient": "35 low"
    },
    {
        "day": "11 Sun",
        "time": "5:53 h 17:50 h",
        "tidetime1": "3:03 h",
        "tideheight1": "1.3 m",
        "tidetime2": "13:07 h",
        "tideheight2": "0.1 m",
        "tidetime3": "no record",
        "tideheight3": "no record",
        "tidetime4": "no record",
        "tideheight4": "no record",
        "coefficient": "44 low"
    },
    {
        "day": "12 Mon",
        "time": "5:53 h 17:50 h",
        "tidetime1": "4:26 h",
        "tideheight1": "1.3 m",
        "tidetime2": "14:02 h",
        "tideheight2": "0.0 m",
        "tidetime3": "no record",
        "tideheight3": "no record",
        "tidetime4": "no record",
        "tideheight4": "no record",
        "coefficient": "59 average"
    },
    {
        "day": "13 Tue",
        "time": "5:53 h 17:49 h",
        "tidetime1": "5:55 h",
        "tideheight1": "1.3 m",
        "tidetime2": "14:44 h",
        "tideheight2": "0.0 m",
        "tidetime3": "no record",
        "tideheight3": "no record",
        "tidetime4": "no record",
        "tideheight4": "no record",
        "coefficient": "77 high"
    },
    {
        "day": "14 Wed",
        "time": "5:53 h 17:49 h",
        "tidetime1": "7:14 h",
        "tideheight1": "1.3 m",
        "tidetime2": "15:17 h",
        "tideheight2": "0.0 m",
        "tidetime3": "22:06 h",
        "tideheight3": "0.9 m",
        "tidetime4": "no record",
        "tideheight4": "no record",
        "coefficient": "94 very high"
    },
    {
        "day": "15 Thu",
        "time": "5:53 h 17:48 h",
        "tidetime1": "1:25 h",
        "tideheight1": "0.5 m",
        "tidetime2": "8:23 h",
        "tideheight2": "1.3 m",
        "tidetime3": "15:43 h",
        "tideheight3": "0.1 m",
        "tidetime4": "22:03 h",
        "tideheight4": "0.9 m",
        "coefficient": "107 very high"
    },
    {
        "day": "16 Fri",
        "time": "5:53 h 17:48 h",
        "tidetime1": "2:47 h",
        "tideheight1": "0.4 m",
        "tidetime2": "9:27 h",
        "tideheight2": "1.3 m",
        "tidetime3": "16:04 h",
        "tideheight3": "0.2 m",
        "tidetime4": "22:12 h",
        "tideheight4": "1.0 m",
        "coefficient": "114 very high"
    },
    {
        "day": "17 Sat",
        "time": "5:53 h 17:47 h",
        "tidetime1": "3:57 h",
        "tideheight1": "0.2 m",
        "tidetime2": "10:30 h",
        "tideheight2": "1.2 m",
        "tidetime3": "16:20 h",
        "tideheight3": "0.3 m",
        "tidetime4": "22:29 h",
        "tideheight4": "1.2 m",
        "coefficient": "115 very high"
    },
    {
        "day": "18 Sun",
        "time": "5:53 h 17:47 h",
        "tidetime1": "5:03 h",
        "tideheight1": "0.1 m",
        "tidetime2": "11:35 h",
        "tideheight2": "1.0 m",
        "tidetime3": "16:32 h",
        "tideheight3": "0.4 m",
        "tidetime4": "22:53 h",
        "tideheight4": "1.3 m",
        "coefficient": "108 very high"
    },
    {
        "day": "19 Mon",
        "time": "5:54 h 17:46 h",
        "tidetime1": "6:07 h",
        "tideheight1": "0.0 m",
        "tidetime2": "12:47 h",
        "tideheight2": "0.9 m",
        "tidetime3": "16:38 h",
        "tideheight3": "0.4 m",
        "tidetime4": "23:23 h",
        "tideheight4": "1.5 m",
        "coefficient": "95 very high"
    },
    {
        "day": "20 Tue",
        "time": "5:54 h 17:46 h",
        "tidetime1": "7:13 h",
        "tideheight1": "-0.1 m",
        "tidetime2": "14:21 h",
        "tideheight2": "0.8 m",
        "tidetime3": "16:25 h",
        "tideheight3": "0.5 m",
        "tidetime4": "23:59 h",
        "tideheight4": "1.6 m",
        "coefficient": "78 high"
    },
    {
        "day": "21 Wed",
        "time": "5:54 h 17:46 h",
        "tidetime1": "8:23 h",
        "tideheight1": "-0.1 m",
        "tidetime2": "no record",
        "tideheight2": "no record",
        "tidetime3": "no record",
        "tideheight3": "no record",
        "tidetime4": "no record",
        "tideheight4": "no record",
        "coefficient": "61 average"
    },
    {
        "day": "22 Thu",
        "time": "5:54 h 17:45 h",
        "tidetime1": "0:39 h",
        "tideheight1": "1.6 m",
        "tidetime2": "9:38 h",
        "tideheight2": "-0.1 m",
        "tidetime3": "no record",
        "tideheight3": "no record",
        "tidetime4": "no record",
        "tideheight4": "no record",
        "coefficient": "46 low"
    },
    {
        "day": "23 Fri",
        "time": "5:54 h 17:45 h",
        "tidetime1": "1:26 h",
        "tideheight1": "1.6 m",
        "tidetime2": "10:57 h",
        "tideheight2": "-0.1 m",
        "tidetime3": "no record",
        "tideheight3": "no record",
        "tidetime4": "no record",
        "tideheight4": "no record",
        "coefficient": "38 low"
    },
    {
        "day": "24 Sat",
        "time": "5:54 h 17:44 h",
        "tidetime1": "2:22 h",
        "tideheight1": "1.5 m",
        "tidetime2": "12:13 h",
        "tideheight2": "-0.1 m",
        "tidetime3": "no record",
        "tideheight3": "no record",
        "tidetime4": "no record",
        "tideheight4": "no record",
        "coefficient": "40 low"
    },
    {
        "day": "25 Sun",
        "time": "5:54 h 17:44 h",
        "tidetime1": "3:31 h",
        "tideheight1": "1.4 m",
        "tidetime2": "13:15 h",
        "tideheight2": "0.0 m",
        "tidetime3": "no record",
        "tideheight3": "no record",
        "tidetime4": "no record",
        "tideheight4": "no record",
        "coefficient": "48 low"
    },
    {
        "day": "26 Mon",
        "time": "5:54 h 17:44 h",
        "tidetime1": "4:57 h",
        "tideheight1": "1.3 m",
        "tidetime2": "14:01 h",
        "tideheight2": "0.0 m",
        "tidetime3": "no record",
        "tideheight3": "no record",
        "tidetime4": "no record",
        "tideheight4": "no record",
        "coefficient": "58 average"
    },
    {
        "day": "27 Tue",
        "time": "5:54 h 17:43 h",
        "tidetime1": "6:24 h",
        "tideheight1": "1.2 m",
        "tidetime2": "14:34 h",
        "tideheight2": "0.1 m",
        "tidetime3": "21:41 h",
        "tideheight3": "0.9 m",
        "tidetime4": "no record",
        "tideheight4": "no record",
        "coefficient": "67 average"
    },
    {
        "day": "28 Wed",
        "time": "5:55 h 17:43 h",
        "tidetime1": "0:59 h",
        "tideheight1": "0.5 m",
        "tidetime2": "7:39 h",
        "tideheight2": "1.2 m",
        "tidetime3": "14:59 h",
        "tideheight3": "0.2 m",
        "tidetime4": "21:34 h",
        "tideheight4": "0.9 m",
        "coefficient": "75 high"
    },
    {
        "day": "29 Thu",
        "time": "5:55 h 17:43 h",
        "tidetime1": "2:22 h",
        "tideheight1": "0.4 m",
        "tidetime2": "8:41 h",
        "tideheight2": "1.1 m",
        "tidetime3": "15:18 h",
        "tideheight3": "0.2 m",
        "tidetime4": "21:39 h",
        "tideheight4": "1.0 m",
        "coefficient": "80 high"
    },
    {
        "day": "30 Fri",
        "time": "5:55 h 17:42 h",
        "tidetime1": "3:23 h",
        "tideheight1": "0.3 m",
        "tidetime2": "9:36 h",
        "tideheight2": "1.0 m",
        "tidetime3": "15:34 h",
        "tideheight3": "0.3 m",
        "tidetime4": "21:51 h",
        "tideheight4": "1.1 m",
        "coefficient": "83 high"
    },
    {
        "day": "31 Sat",
        "time": "5:55 h 17:42 h",
        "tidetime1": "4:14 h",
        "tideheight1": "0.2 m",
        "tidetime2": "10:28 h",
        "tideheight2": "1.0 m",
        "tidetime3": "15:47 h",
        "tideheight3": "0.3 m",
        "tidetime4": "22:06 h",
        "tideheight4": "1.2 m",
        "coefficient": "84 high"
    }
]