[
    {
        "day": "1 Wed",
        "time": "5:55 h 18:28 h",
        "tidetime1": "2:35 h",
        "tideheight1": "0.8 m",
        "tidetime2": "4:51 h",
        "tideheight2": "0.5 m",
        "tidetime3": "12:28 h",
        "tideheight3": "1.4 m",
        "tidetime4": "20:22 h",
        "tideheight4": "0.2 m",
        "coefficient": "68 average"
    },
    {
        "day": "2 Thu",
        "time": "5:55 h 18:28 h",
        "tidetime1": "2:58 h",
        "tideheight1": "0.9 m",
        "tidetime2": "5:55 h",
        "tideheight2": "0.5 m",
        "tidetime3": "13:05 h",
        "tideheight3": "1.3 m",
        "tidetime4": "20:45 h",
        "tideheight4": "0.2 m",
        "coefficient": "63 average"
    },
    {
        "day": "3 Fri",
        "time": "5:55 h 18:27 h",
        "tidetime1": "3:22 h",
        "tideheight1": "0.9 m",
        "tidetime2": "7:13 h",
        "tideheight2": "0.5 m",
        "tidetime3": "13:46 h",
        "tideheight3": "1.2 m",
        "tidetime4": "21:03 h",
        "tideheight4": "0.3 m",
        "coefficient": "57 average"
    },
    {
        "day": "4 Sat",
        "time": "5:55 h 18:27 h",
        "tidetime1": "3:49 h",
        "tideheight1": "1.0 m",
        "tidetime2": "8:51 h",
        "tideheight2": "0.5 m",
        "tidetime3": "14:37 h",
        "tideheight3": "1.1 m",
        "tidetime4": "21:18 h",
        "tideheight4": "0.4 m",
        "coefficient": "53 average"
    },
    {
        "day": "5 Sun",
        "time": "5:55 h 18:27 h",
        "tidetime1": "4:19 h",
        "tideheight1": "1.1 m",
        "tidetime2": "10:49 h",
        "tideheight2": "0.5 m",
        "tidetime3": "16:01 h",
        "tideheight3": "0.9 m",
        "tidetime4": "21:28 h",
        "tideheight4": "0.4 m",
        "coefficient": "51 average"
    },
    {
        "day": "6 Mon",
        "time": "5:56 h 18:26 h",
        "tidetime1": "4:56 h",
        "tideheight1": "1.2 m",
        "tidetime2": "12:51 h",
        "tideheight2": "0.4 m",
        "tidetime3": "18:48 h",
        "tideheight3": "0.8 m",
        "tidetime4": "21:26 h",
        "tideheight4": "0.5 m",
        "coefficient": "55 average"
    },
    {
        "day": "7 Tue",
        "time": "5:56 h 18:26 h",
        "tidetime1": "5:41 h",
        "tideheight1": "1.3 m",
        "tidetime2": "14:20 h",
        "tideheight2": "0.2 m",
        "tidetime3": "no record",
        "tideheight3": "no record",
        "tidetime4": "no record",
        "tideheight4": "no record",
        "coefficient": "63 average"
    },
    {
        "day": "8 Wed",
        "time": "5:56 h 18:26 h",
        "tidetime1": "6:32 h",
        "tideheight1": "1.5 m",
        "tidetime2": "15:22 h",
        "tideheight2": "0.1 m",
        "tidetime3": "no record",
        "tideheight3": "no record",
        "tidetime4": "no record",
        "tideheight4": "no record",
        "coefficient": "75 high"
    },
    {
        "day": "9 Thu",
        "time": "5:56 h 18:25 h",
        "tidetime1": "7:26 h",
        "tideheight1": "1.6 m",
        "tidetime2": "16:13 h",
        "tideheight2": "0.0 m",
        "tidetime3": "no record",
        "tideheight3": "no record",
        "tidetime4": "no record",
        "tideheight4": "no record",
        "coefficient": "87 high"
    },
    {
        "day": "10 Fri",
        "time": "5:56 h 18:25 h",
        "tidetime1": "8:20 h",
        "tideheight1": "1.7 m",
        "tidetime2": "16:58 h",
        "tideheight2": "-0.1 m",
        "tidetime3": "no record",
        "tideheight3": "no record",
        "tidetime4": "no record",
        "tideheight4": "no record",
        "coefficient": "98 very high"
    },
    {
        "day": "11 Sat",
        "time": "5:56 h 18:25 h",
        "tidetime1": "9:14 h",
        "tideheight1": "1.7 m",
        "tidetime2": "17:40 h",
        "tideheight2": "-0.1 m",
        "tidetime3": "no record",
        "tideheight3": "no record",
        "tidetime4": "no record",
        "tideheight4": "no record",
        "coefficient": "104 very high"
    },
    {
        "day": "12 Sun",
        "time": "5:56 h 18:24 h",
        "tidetime1": "10:06 h",
        "tideheight1": "1.7 m",
        "tidetime2": "18:19 h",
        "tideheight2": "-0.1 m",
        "tidetime3": "no record",
        "tideheight3": "no record",
        "tidetime4": "no record",
        "tideheight4": "no record",
        "coefficient": "106 very high"
    },
    {
        "day": "13 Mon",
        "time": "5:56 h 18:24 h",
        "tidetime1": "0:56 h",
        "tideheight1": "0.8 m",
        "tidetime2": "3:02 h",
        "tideheight2": "0.4 m",
        "tidetime3": "10:56 h",
        "tideheight3": "1.7 m",
        "tidetime4": "18:54 h",
        "tideheight4": "0.0 m",
        "coefficient": "102 very high"
    },
    {
        "day": "14 Tue",
        "time": "5:56 h 18:23 h",
        "tidetime1": "1:12 h",
        "tideheight1": "0.8 m",
        "tidetime2": "4:19 h",
        "tideheight2": "0.4 m",
        "tidetime3": "11:46 h",
        "tideheight3": "1.6 m",
        "tidetime4": "19:24 h",
        "tideheight4": "0.1 m",
        "coefficient": "93 very high"
    },
    {
        "day": "15 Wed",
        "time": "5:56 h 18:23 h",
        "tidetime1": "1:34 h",
        "tideheight1": "0.9 m",
        "tidetime2": "5:34 h",
        "tideheight2": "0.4 m",
        "tidetime3": "12:35 h",
        "tideheight3": "1.4 m",
        "tidetime4": "19:51 h",
        "tideheight4": "0.2 m",
        "coefficient": "82 high"
    },
    {
        "day": "16 Thu",
        "time": "5:56 h 18:22 h",
        "tidetime1": "2:01 h",
        "tideheight1": "1.0 m",
        "tidetime2": "6:52 h",
        "tideheight2": "0.4 m",
        "tidetime3": "13:26 h",
        "tideheight3": "1.3 m",
        "tidetime4": "20:12 h",
        "tideheight4": "0.3 m",
        "coefficient": "68 average"
    },
    {
        "day": "17 Fri",
        "time": "5:56 h 18:22 h",
        "tidetime1": "2:34 h",
        "tideheight1": "1.1 m",
        "tidetime2": "8:17 h",
        "tideheight2": "0.4 m",
        "tidetime3": "14:21 h",
        "tideheight3": "1.1 m",
        "tidetime4": "20:30 h",
        "tideheight4": "0.4 m",
        "coefficient": "55 average"
    },
    {
        "day": "18 Sat",
        "time": "5:56 h 18:22 h",
        "tidetime1": "3:12 h",
        "tideheight1": "1.2 m",
        "tidetime2": "9:56 h",
        "tideheight2": "0.4 m",
        "tidetime3": "15:33 h",
        "tideheight3": "0.9 m",
        "tidetime4": "20:41 h",
        "tideheight4": "0.4 m",
        "coefficient": "45 low"
    },
    {
        "day": "19 Sun",
        "time": "5:56 h 18:21 h",
        "tidetime1": "3:57 h",
        "tideheight1": "1.2 m",
        "tidetime2": "11:50 h",
        "tideheight2": "0.4 m",
        "tidetime3": "17:49 h",
        "tideheight3": "0.8 m",
        "tidetime4": "20:35 h",
        "tideheight4": "0.5 m",
        "coefficient": "40 low"
    },
    {
        "day": "20 Mon",
        "time": "5:56 h 18:21 h",
        "tidetime1": "4:49 h",
        "tideheight1": "1.3 m",
        "tidetime2": "13:37 h",
        "tideheight2": "0.3 m",
        "tidetime3": "no record",
        "tideheight3": "no record",
        "tidetime4": "no record",
        "tideheight4": "no record",
        "coefficient": "41 low"
    },
    {
        "day": "21 Tue",
        "time": "5:56 h 18:20 h",
        "tidetime1": "5:46 h",
        "tideheight1": "1.4 m",
        "tidetime2": "14:47 h",
        "tideheight2": "0.2 m",
        "tidetime3": "no record",
        "tideheight3": "no record",
        "tidetime4": "no record",
        "tideheight4": "no record",
        "coefficient": "47 low"
    },
    {
        "day": "22 Wed",
        "time": "5:56 h 18:20 h",
        "tidetime1": "6:44 h",
        "tideheight1": "1.4 m",
        "tidetime2": "15:35 h",
        "tideheight2": "0.2 m",
        "tidetime3": "no record",
        "tideheight3": "no record",
        "tidetime4": "no record",
        "tideheight4": "no record",
        "coefficient": "56 average"
    },
    {
        "day": "23 Thu",
        "time": "5:56 h 18:19 h",
        "tidetime1": "7:38 h",
        "tideheight1": "1.4 m",
        "tidetime2": "16:14 h",
        "tideheight2": "0.1 m",
        "tidetime3": "no record",
        "tideheight3": "no record",
        "tidetime4": "no record",
        "tideheight4": "no record",
        "coefficient": "64 average"
    },
    {
        "day": "24 Fri",
        "time": "5:56 h 18:19 h",
        "tidetime1": "8:27 h",
        "tideheight1": "1.5 m",
        "tidetime2": "16:47 h",
        "tideheight2": "0.1 m",
        "tidetime3": "23:49 h",
        "tideheight3": "0.8 m",
        "tidetime4": "no record",
        "tideheight4": "no record",
        "coefficient": "72 high"
    },
    {
        "day": "25 Sat",
        "time": "5:56 h 18:18 h",
        "tidetime1": "0:53 h",
        "tideheight1": "0.5 m",
        "tidetime2": "9:11 h",
        "tideheight2": "1.5 m",
        "tidetime3": "17:18 h",
        "tideheight3": "0.1 m",
        "tidetime4": "23:44 h",
        "tideheight4": "0.8 m",
        "coefficient": "78 high"
    },
    {
        "day": "26 Sun",
        "time": "5:56 h 18:18 h",
        "tidetime1": "2:08 h",
        "tideheight1": "0.5 m",
        "tidetime2": "9:53 h",
        "tideheight2": "1.5 m",
        "tidetime3": "17:47 h",
        "tideheight3": "0.1 m",
        "tidetime4": "23:55 h",
        "tideheight4": "0.8 m",
        "coefficient": "83 high"
    },
    {
        "day": "27 Mon",
        "time": "5:56 h 18:17 h",
        "tidetime1": "3:05 h",
        "tideheight1": "0.5 m",
        "tidetime2": "10:32 h",
        "tideheight2": "1.5 m",
        "tidetime3": "18:13 h",
        "tideheight3": "0.2 m",
        "tidetime4": "no record",
        "tideheight4": "no record",
        "coefficient": "85 high"
    },
    {
        "day": "28 Tue",
        "time": "5:56 h 18:16 h",
        "tidetime1": "0:13 h",
        "tideheight1": "0.9 m",
        "tidetime2": "3:56 h",
        "tideheight2": "0.4 m",
        "tidetime3": "11:09 h",
        "tideheight3": "1.4 m",
        "tidetime4": "18:37 h",
        "tideheight4": "0.2 m",
        "coefficient": "85 high"
    },
    {
        "day": "29 Wed",
        "time": "5:56 h 18:16 h",
        "tidetime1": "0:33 h",
        "tideheight1": "0.9 m",
        "tidetime2": "4:47 h",
        "tideheight2": "0.4 m",
        "tidetime3": "11:47 h",
        "tideheight3": "1.4 m",
        "tidetime4": "18:59 h",
        "tideheight4": "0.3 m",
        "coefficient": "83 high"
    },
    {
        "day": "30 Thu",
        "time": "5:56 h 18:15 h",
        "tidetime1": "0:55 h",
        "tideheight1": "0.9 m",
        "tidetime2": "5:39 h",
        "tideheight2": "0.4 m",
        "tidetime3": "12:26 h",
        "tideheight3": "1.3 m",
        "tidetime4": "19:16 h",
        "tideheight4": "0.3 m",
        "coefficient": "78 high"
    },
    {
        "day": "31 Fri",
        "time": "5:56 h 18:15 h",
        "tidetime1": "1:17 h",
        "tideheight1": "1.0 m",
        "tidetime2": "6:38 h",
        "tideheight2": "0.4 m",
        "tidetime3": "13:08 h",
        "tideheight3": "1.2 m",
        "tidetime4": "19:31 h",
        "tideheight4": "0.4 m",
        "coefficient": "70 high"
    }
]