[
    {
        "day": "1 Wed",
        "time": "6:03 h 18:16 h",
        "tidetime1": "14:28 h",
        "tideheight1": "1.2 m",
        "tidetime2": "no record",
        "tideheight2": "no record",
        "tidetime3": "no record",
        "tideheight3": "no record",
        "tidetime4": "no record",
        "tideheight4": "no record",
        "coefficient": "37 low"
    },
    {
        "day": "2 Thu",
        "time": "6:02 h 18:16 h",
        "tidetime1": "0:17 h",
        "tideheight1": "-0.1 m",
        "tidetime2": "15:33 h",
        "tideheight2": "1.2 m",
        "tidetime3": "no record",
        "tideheight3": "no record",
        "tidetime4": "no record",
        "tideheight4": "no record",
        "coefficient": "42 low"
    },
    {
        "day": "3 Fri",
        "time": "6:01 h 18:16 h",
        "tidetime1": "1:35 h",
        "tideheight1": "-0.1 m",
        "tidetime2": "16:56 h",
        "tideheight2": "1.2 m",
        "tidetime3": "no record",
        "tideheight3": "no record",
        "tidetime4": "no record",
        "tideheight4": "no record",
        "coefficient": "55 average"
    },
    {
        "day": "4 Sat",
        "time": "6:01 h 18:16 h",
        "tidetime1": "2:32 h",
        "tideheight1": "-0.2 m",
        "tidetime2": "18:23 h",
        "tideheight2": "1.3 m",
        "tidetime3": "no record",
        "tideheight3": "no record",
        "tidetime4": "no record",
        "tideheight4": "no record",
        "coefficient": "72 high"
    },
    {
        "day": "5 Sun",
        "time": "6:00 h 18:16 h",
        "tidetime1": "3:15 h",
        "tideheight1": "-0.2 m",
        "tidetime2": "19:41 h",
        "tideheight2": "1.3 m",
        "tidetime3": "no record",
        "tideheight3": "no record",
        "tidetime4": "no record",
        "tideheight4": "no record",
        "coefficient": "89 high"
    },
    {
        "day": "6 Mon",
        "time": "6:00 h 18:16 h",
        "tidetime1": "3:49 h",
        "tideheight1": "-0.1 m",
        "tidetime2": "10:36 h",
        "tideheight2": "0.7 m",
        "tidetime3": "13:34 h",
        "tideheight3": "0.3 m",
        "tidetime4": "20:48 h",
        "tideheight4": "1.3 m",
        "coefficient": "104 very high"
    },
    {
        "day": "7 Tue",
        "time": "5:59 h 18:15 h",
        "tidetime1": "4:17 h",
        "tideheight1": "-0.1 m",
        "tidetime2": "10:31 h",
        "tideheight2": "0.8 m",
        "tidetime3": "15:01 h",
        "tideheight3": "0.2 m",
        "tidetime4": "21:52 h",
        "tideheight4": "1.2 m",
        "coefficient": "113 very high"
    },
    {
        "day": "8 Wed",
        "time": "5:59 h 18:15 h",
        "tidetime1": "4:38 h",
        "tideheight1": "0.0 m",
        "tidetime2": "10:42 h",
        "tideheight2": "0.9 m",
        "tidetime3": "16:14 h",
        "tideheight3": "0.1 m",
        "tidetime4": "22:53 h",
        "tideheight4": "1.1 m",
        "coefficient": "116 very high"
    },
    {
        "day": "9 Thu",
        "time": "5:58 h 18:15 h",
        "tidetime1": "4:55 h",
        "tideheight1": "0.2 m",
        "tidetime2": "11:00 h",
        "tideheight2": "1.0 m",
        "tidetime3": "17:22 h",
        "tideheight3": "0.0 m",
        "tidetime4": "23:56 h",
        "tideheight4": "1.0 m",
        "coefficient": "111 very high"
    },
    {
        "day": "10 Fri",
        "time": "5:58 h 18:15 h",
        "tidetime1": "5:08 h",
        "tideheight1": "0.2 m",
        "tidetime2": "11:24 h",
        "tideheight2": "1.2 m",
        "tidetime3": "18:28 h",
        "tideheight3": "-0.1 m",
        "tidetime4": "no record",
        "tideheight4": "no record",
        "coefficient": "99 very high"
    },
    {
        "day": "11 Sat",
        "time": "5:57 h 18:15 h",
        "tidetime1": "1:04 h",
        "tideheight1": "0.8 m",
        "tidetime2": "5:16 h",
        "tideheight2": "0.3 m",
        "tidetime3": "11:54 h",
        "tideheight3": "1.3 m",
        "tidetime4": "19:35 h",
        "tideheight4": "-0.2 m",
        "coefficient": "84 high"
    },
    {
        "day": "12 Sun",
        "time": "5:57 h 18:15 h",
        "tidetime1": "2:29 h",
        "tideheight1": "0.7 m",
        "tidetime2": "5:10 h",
        "tideheight2": "0.3 m",
        "tidetime3": "12:29 h",
        "tideheight3": "1.4 m",
        "tidetime4": "20:45 h",
        "tideheight4": "-0.2 m",
        "coefficient": "67 average"
    },
    {
        "day": "13 Mon",
        "time": "5:56 h 18:15 h",
        "tidetime1": "13:09 h",
        "tideheight1": "1.4 m",
        "tidetime2": "22:02 h",
        "tideheight2": "-0.2 m",
        "tidetime3": "no record",
        "tideheight3": "no record",
        "tidetime4": "no record",
        "tideheight4": "no record",
        "coefficient": "51 average"
    },
    {
        "day": "14 Tue",
        "time": "5:55 h 18:15 h",
        "tidetime1": "13:55 h",
        "tideheight1": "1.4 m",
        "tidetime2": "23:23 h",
        "tideheight2": "-0.1 m",
        "tidetime3": "no record",
        "tideheight3": "no record",
        "tidetime4": "no record",
        "tideheight4": "no record",
        "coefficient": "39 low"
    },
    {
        "day": "15 Wed",
        "time": "5:55 h 18:16 h",
        "tidetime1": "14:51 h",
        "tideheight1": "1.3 m",
        "tidetime2": "no record",
        "tideheight2": "no record",
        "tidetime3": "no record",
        "tideheight3": "no record",
        "tidetime4": "no record",
        "tideheight4": "no record",
        "coefficient": "36 low"
    },
    {
        "day": "16 Thu",
        "time": "5:54 h 18:16 h",
        "tidetime1": "0:41 h",
        "tideheight1": "-0.1 m",
        "tidetime2": "16:03 h",
        "tideheight2": "1.3 m",
        "tidetime3": "no record",
        "tideheight3": "no record",
        "tidetime4": "no record",
        "tideheight4": "no record",
        "coefficient": "42 low"
    },
    {
        "day": "17 Fri",
        "time": "5:54 h 18:16 h",
        "tidetime1": "1:44 h",
        "tideheight1": "-0.1 m",
        "tidetime2": "17:29 h",
        "tideheight2": "1.2 m",
        "tidetime3": "no record",
        "tideheight3": "no record",
        "tidetime4": "no record",
        "tideheight4": "no record",
        "coefficient": "51 average"
    },
    {
        "day": "18 Sat",
        "time": "5:54 h 18:16 h",
        "tidetime1": "2:30 h",
        "tideheight1": "0.0 m",
        "tidetime2": "18:53 h",
        "tideheight2": "1.1 m",
        "tidetime3": "no record",
        "tideheight3": "no record",
        "tidetime4": "no record",
        "tideheight4": "no record",
        "coefficient": "60 average"
    },
    {
        "day": "19 Sun",
        "time": "5:53 h 18:16 h",
        "tidetime1": "3:04 h",
        "tideheight1": "0.0 m",
        "tidetime2": "10:04 h",
        "tideheight2": "0.7 m",
        "tidetime3": "13:06 h",
        "tideheight3": "0.4 m",
        "tidetime4": "20:03 h",
        "tideheight4": "1.1 m",
        "coefficient": "69 average"
    },
    {
        "day": "20 Mon",
        "time": "5:53 h 18:16 h",
        "tidetime1": "3:29 h",
        "tideheight1": "0.1 m",
        "tidetime2": "9:55 h",
        "tideheight2": "0.8 m",
        "tidetime3": "14:28 h",
        "tideheight3": "0.3 m",
        "tidetime4": "21:01 h",
        "tideheight4": "1.1 m",
        "coefficient": "76 high"
    },
    {
        "day": "21 Tue",
        "time": "5:52 h 18:16 h",
        "tidetime1": "3:49 h",
        "tideheight1": "0.1 m",
        "tidetime2": "10:00 h",
        "tideheight2": "0.9 m",
        "tidetime3": "15:28 h",
        "tideheight3": "0.2 m",
        "tidetime4": "21:53 h",
        "tideheight4": "1.0 m",
        "coefficient": "82 high"
    },
    {
        "day": "22 Wed",
        "time": "5:52 h 18:16 h",
        "tidetime1": "4:06 h",
        "tideheight1": "0.2 m",
        "tidetime2": "10:11 h",
        "tideheight2": "1.0 m",
        "tidetime3": "16:20 h",
        "tideheight3": "0.1 m",
        "tidetime4": "22:43 h",
        "tideheight4": "1.0 m",
        "coefficient": "84 high"
    },
    {
        "day": "23 Thu",
        "time": "5:51 h 18:16 h",
        "tidetime1": "4:19 h",
        "tideheight1": "0.3 m",
        "tidetime2": "10:27 h",
        "tideheight2": "1.0 m",
        "tidetime3": "17:08 h",
        "tideheight3": "0.1 m",
        "tidetime4": "23:33 h",
        "tideheight4": "0.9 m",
        "coefficient": "85 high"
    },
    {
        "day": "24 Fri",
        "time": "5:51 h 18:16 h",
        "tidetime1": "4:30 h",
        "tideheight1": "0.3 m",
        "tidetime2": "10:45 h",
        "tideheight2": "1.1 m",
        "tidetime3": "17:54 h",
        "tideheight3": "0.0 m",
        "tidetime4": "no record",
        "tideheight4": "no record",
        "coefficient": "83 high"
    },
    {
        "day": "25 Sat",
        "time": "5:50 h 18:16 h",
        "tidetime1": "0:27 h",
        "tideheight1": "0.8 m",
        "tidetime2": "4:36 h",
        "tideheight2": "0.4 m",
        "tidetime3": "11:07 h",
        "tideheight3": "1.2 m",
        "tidetime4": "18:40 h",
        "tideheight4": "0.0 m",
        "coefficient": "78 high"
    },
    {
        "day": "26 Sun",
        "time": "5:50 h 18:16 h",
        "tidetime1": "1:30 h",
        "tideheight1": "0.8 m",
        "tidetime2": "4:34 h",
        "tideheight2": "0.4 m",
        "tidetime3": "11:30 h",
        "tideheight3": "1.3 m",
        "tidetime4": "19:29 h",
        "tideheight4": "-0.1 m",
        "coefficient": "71 high"
    },
    {
        "day": "27 Mon",
        "time": "5:50 h 18:16 h",
        "tidetime1": "3:15 h",
        "tideheight1": "0.7 m",
        "tidetime2": "3:54 h",
        "tideheight2": "0.4 m",
        "tidetime3": "11:56 h",
        "tideheight3": "1.3 m",
        "tidetime4": "20:22 h",
        "tideheight4": "-0.1 m",
        "coefficient": "62 average"
    },
    {
        "day": "28 Tue",
        "time": "5:49 h 18:16 h",
        "tidetime1": "12:27 h",
        "tideheight1": "1.3 m",
        "tidetime2": "21:23 h",
        "tideheight2": "-0.1 m",
        "tidetime3": "no record",
        "tideheight3": "no record",
        "tidetime4": "no record",
        "tideheight4": "no record",
        "coefficient": "53 average"
    },
    {
        "day": "29 Wed",
        "time": "5:49 h 18:16 h",
        "tidetime1": "13:05 h",
        "tideheight1": "1.4 m",
        "tidetime2": "22:32 h",
        "tideheight2": "-0.1 m",
        "tidetime3": "no record",
        "tideheight3": "no record",
        "tidetime4": "no record",
        "tideheight4": "no record",
        "coefficient": "45 low"
    },
    {
        "day": "30 Thu",
        "time": "5:48 h 18:16 h",
        "tidetime1": "13:54 h",
        "tideheight1": "1.3 m",
        "tidetime2": "23:44 h",
        "tideheight2": "-0.1 m",
        "tidetime3": "no record",
        "tideheight3": "no record",
        "tidetime4": "no record",
        "tideheight4": "no record",
        "coefficient": "42 low"
    }
]