[
    {
        "day": "1 Thu",
        "time": "6:20 h 18:16 h",
        "tidetime1": "4:59 h",
        "tideheight1": "-0.3 m",
        "tidetime2": "11:52 h",
        "tideheight2": "0.5 m",
        "tidetime3": "13:35 h",
        "tideheight3": "0.2 m",
        "tidetime4": "21:35 h",
        "tideheight4": "1.4 m",
        "coefficient": "104 very high"
    },
    {
        "day": "2 Fri",
        "time": "6:19 h 18:16 h",
        "tidetime1": "5:33 h",
        "tideheight1": "-0.2 m",
        "tidetime2": "11:53 h",
        "tideheight2": "0.6 m",
        "tidetime3": "15:02 h",
        "tideheight3": "0.2 m",
        "tidetime4": "22:27 h",
        "tideheight4": "1.4 m",
        "coefficient": "106 very high"
    },
    {
        "day": "3 Sat",
        "time": "6:19 h 18:16 h",
        "tidetime1": "6:02 h",
        "tideheight1": "-0.2 m",
        "tidetime2": "12:08 h",
        "tideheight2": "0.6 m",
        "tidetime3": "16:12 h",
        "tideheight3": "0.1 m",
        "tidetime4": "23:17 h",
        "tideheight4": "1.3 m",
        "coefficient": "104 very high"
    },
    {
        "day": "4 Sun",
        "time": "6:18 h 18:16 h",
        "tidetime1": "6:28 h",
        "tideheight1": "-0.1 m",
        "tidetime2": "12:27 h",
        "tideheight2": "0.7 m",
        "tidetime3": "17:18 h",
        "tideheight3": "0.1 m",
        "tidetime4": "no record",
        "tideheight4": "no record",
        "coefficient": "96 very high"
    },
    {
        "day": "5 Mon",
        "time": "6:18 h 18:16 h",
        "tidetime1": "0:05 h",
        "tideheight1": "1.1 m",
        "tidetime2": "6:51 h",
        "tideheight2": "0.0 m",
        "tidetime3": "12:50 h",
        "tideheight3": "0.8 m",
        "tidetime4": "18:22 h",
        "tideheight4": "0.1 m",
        "coefficient": "85 high"
    },
    {
        "day": "6 Tue",
        "time": "6:17 h 18:16 h",
        "tidetime1": "0:52 h",
        "tideheight1": "1.0 m",
        "tidetime2": "7:10 h",
        "tideheight2": "0.1 m",
        "tidetime3": "13:17 h",
        "tideheight3": "0.9 m",
        "tidetime4": "19:29 h",
        "tideheight4": "0.1 m",
        "coefficient": "71 high"
    },
    {
        "day": "7 Wed",
        "time": "6:17 h 18:16 h",
        "tidetime1": "1:42 h",
        "tideheight1": "0.8 m",
        "tidetime2": "7:24 h",
        "tideheight2": "0.2 m",
        "tidetime3": "13:47 h",
        "tideheight3": "1.0 m",
        "tidetime4": "20:40 h",
        "tideheight4": "0.1 m",
        "coefficient": "57 average"
    },
    {
        "day": "8 Thu",
        "time": "6:16 h 18:16 h",
        "tidetime1": "2:39 h",
        "tideheight1": "0.7 m",
        "tidetime2": "7:32 h",
        "tideheight2": "0.2 m",
        "tidetime3": "14:22 h",
        "tideheight3": "1.0 m",
        "tidetime4": "22:01 h",
        "tideheight4": "0.1 m",
        "coefficient": "45 low"
    },
    {
        "day": "9 Fri",
        "time": "6:16 h 18:16 h",
        "tidetime1": "4:08 h",
        "tideheight1": "0.6 m",
        "tidetime2": "7:21 h",
        "tideheight2": "0.3 m",
        "tidetime3": "15:03 h",
        "tideheight3": "1.1 m",
        "tidetime4": "23:37 h",
        "tideheight4": "0.1 m",
        "coefficient": "35 low"
    },
    {
        "day": "10 Sat",
        "time": "6:15 h 18:16 h",
        "tidetime1": "15:56 h",
        "tideheight1": "1.1 m",
        "tidetime2": "no record",
        "tideheight2": "no record",
        "tidetime3": "no record",
        "tideheight3": "no record",
        "tidetime4": "no record",
        "tideheight4": "no record",
        "coefficient": "32 low"
    },
    {
        "day": "11 Sun",
        "time": "6:15 h 18:16 h",
        "tidetime1": "1:14 h",
        "tideheight1": "0.0 m",
        "tidetime2": "17:03 h",
        "tideheight2": "1.1 m",
        "tidetime3": "no record",
        "tideheight3": "no record",
        "tidetime4": "no record",
        "tideheight4": "no record",
        "coefficient": "37 low"
    },
    {
        "day": "12 Mon",
        "time": "6:14 h 18:16 h",
        "tidetime1": "2:26 h",
        "tideheight1": "0.0 m",
        "tidetime2": "18:17 h",
        "tideheight2": "1.1 m",
        "tidetime3": "no record",
        "tideheight3": "no record",
        "tidetime4": "no record",
        "tideheight4": "no record",
        "coefficient": "47 low"
    },
    {
        "day": "13 Tue",
        "time": "6:14 h 18:16 h",
        "tidetime1": "3:15 h",
        "tideheight1": "0.0 m",
        "tidetime2": "19:23 h",
        "tideheight2": "1.1 m",
        "tidetime3": "no record",
        "tideheight3": "no record",
        "tidetime4": "no record",
        "tideheight4": "no record",
        "coefficient": "58 average"
    },
    {
        "day": "14 Wed",
        "time": "6:13 h 18:16 h",
        "tidetime1": "3:54 h",
        "tideheight1": "-0.1 m",
        "tidetime2": "20:19 h",
        "tideheight2": "1.2 m",
        "tidetime3": "no record",
        "tideheight3": "no record",
        "tidetime4": "no record",
        "tideheight4": "no record",
        "coefficient": "69 average"
    },
    {
        "day": "15 Thu",
        "time": "6:12 h 18:16 h",
        "tidetime1": "4:27 h",
        "tideheight1": "-0.1 m",
        "tidetime2": "11:00 h",
        "tideheight2": "0.6 m",
        "tidetime3": "13:35 h",
        "tideheight3": "0.3 m",
        "tidetime4": "21:08 h",
        "tideheight4": "1.2 m",
        "coefficient": "79 high"
    },
    {
        "day": "16 Fri",
        "time": "6:12 h 18:16 h",
        "tidetime1": "4:55 h",
        "tideheight1": "-0.1 m",
        "tidetime2": "11:04 h",
        "tideheight2": "0.6 m",
        "tidetime3": "14:40 h",
        "tideheight3": "0.2 m",
        "tidetime4": "21:52 h",
        "tideheight4": "1.2 m",
        "coefficient": "88 high"
    },
    {
        "day": "17 Sat",
        "time": "6:11 h 18:16 h",
        "tidetime1": "5:19 h",
        "tideheight1": "0.0 m",
        "tidetime2": "11:17 h",
        "tideheight2": "0.7 m",
        "tidetime3": "15:36 h",
        "tideheight3": "0.2 m",
        "tidetime4": "22:35 h",
        "tideheight4": "1.2 m",
        "coefficient": "94 very high"
    },
    {
        "day": "18 Sun",
        "time": "6:11 h 18:16 h",
        "tidetime1": "5:41 h",
        "tideheight1": "0.0 m",
        "tidetime2": "11:34 h",
        "tideheight2": "0.7 m",
        "tidetime3": "16:28 h",
        "tideheight3": "0.2 m",
        "tidetime4": "23:17 h",
        "tideheight4": "1.1 m",
        "coefficient": "96 very high"
    },
    {
        "day": "19 Mon",
        "time": "6:10 h 18:16 h",
        "tidetime1": "6:00 h",
        "tideheight1": "0.1 m",
        "tidetime2": "11:53 h",
        "tideheight2": "0.8 m",
        "tidetime3": "17:21 h",
        "tideheight3": "0.1 m",
        "tidetime4": "no record",
        "tideheight4": "no record",
        "coefficient": "95 very high"
    },
    {
        "day": "20 Tue",
        "time": "6:10 h 18:16 h",
        "tidetime1": "0:01 h",
        "tideheight1": "1.0 m",
        "tidetime2": "6:16 h",
        "tideheight2": "0.1 m",
        "tidetime3": "12:13 h",
        "tideheight3": "0.9 m",
        "tidetime4": "18:16 h",
        "tideheight4": "0.1 m",
        "coefficient": "90 very high"
    },
    {
        "day": "21 Wed",
        "time": "6:09 h 18:16 h",
        "tidetime1": "0:49 h",
        "tideheight1": "0.9 m",
        "tidetime2": "6:29 h",
        "tideheight2": "0.2 m",
        "tidetime3": "12:36 h",
        "tideheight3": "1.0 m",
        "tidetime4": "19:17 h",
        "tideheight4": "0.0 m",
        "coefficient": "82 high"
    },
    {
        "day": "22 Thu",
        "time": "6:09 h 18:16 h",
        "tidetime1": "1:44 h",
        "tideheight1": "0.8 m",
        "tidetime2": "6:38 h",
        "tideheight2": "0.3 m",
        "tidetime3": "13:03 h",
        "tideheight3": "1.1 m",
        "tidetime4": "20:25 h",
        "tideheight4": "0.0 m",
        "coefficient": "70 high"
    },
    {
        "day": "23 Fri",
        "time": "6:08 h 18:16 h",
        "tidetime1": "3:00 h",
        "tideheight1": "0.7 m",
        "tidetime2": "6:37 h",
        "tideheight2": "0.3 m",
        "tidetime3": "13:38 h",
        "tideheight3": "1.1 m",
        "tidetime4": "21:46 h",
        "tideheight4": "0.0 m",
        "coefficient": "58 average"
    },
    {
        "day": "24 Sat",
        "time": "6:07 h 18:16 h",
        "tidetime1": "14:24 h",
        "tideheight1": "1.2 m",
        "tidetime2": "23:20 h",
        "tideheight2": "-0.1 m",
        "tidetime3": "no record",
        "tideheight3": "no record",
        "tidetime4": "no record",
        "tideheight4": "no record",
        "coefficient": "50 average"
    },
    {
        "day": "25 Sun",
        "time": "6:07 h 18:16 h",
        "tidetime1": "15:23 h",
        "tideheight1": "1.2 m",
        "tidetime2": "no record",
        "tideheight2": "no record",
        "tidetime3": "no record",
        "tideheight3": "no record",
        "tidetime4": "no record",
        "tideheight4": "no record",
        "coefficient": "49 low"
    },
    {
        "day": "26 Mon",
        "time": "6:06 h 18:16 h",
        "tidetime1": "0:53 h",
        "tideheight1": "-0.1 m",
        "tidetime2": "16:38 h",
        "tideheight2": "1.3 m",
        "tidetime3": "no record",
        "tideheight3": "no record",
        "tidetime4": "no record",
        "tideheight4": "no record",
        "coefficient": "57 average"
    },
    {
        "day": "27 Tue",
        "time": "6:06 h 18:16 h",
        "tidetime1": "2:06 h",
        "tideheight1": "-0.2 m",
        "tidetime2": "18:03 h",
        "tideheight2": "1.3 m",
        "tidetime3": "no record",
        "tideheight3": "no record",
        "tidetime4": "no record",
        "tideheight4": "no record",
        "coefficient": "70 high"
    },
    {
        "day": "28 Wed",
        "time": "6:05 h 18:16 h",
        "tidetime1": "2:59 h",
        "tideheight1": "-0.2 m",
        "tidetime2": "19:22 h",
        "tideheight2": "1.3 m",
        "tidetime3": "no record",
        "tideheight3": "no record",
        "tidetime4": "no record",
        "tideheight4": "no record",
        "coefficient": "83 high"
    },
    {
        "day": "29 Thu",
        "time": "6:05 h 18:16 h",
        "tidetime1": "3:39 h",
        "tideheight1": "-0.1 m",
        "tidetime2": "10:36 h",
        "tideheight2": "0.7 m",
        "tidetime3": "13:02 h",
        "tideheight3": "0.3 m",
        "tidetime4": "20:31 h",
        "tideheight4": "1.2 m",
        "coefficient": "94 very high"
    },
    {
        "day": "30 Fri",
        "time": "6:04 h 18:16 h",
        "tidetime1": "4:12 h",
        "tideheight1": "-0.1 m",
        "tidetime2": "10:35 h",
        "tideheight2": "0.7 m",
        "tidetime3": "14:34 h",
        "tideheight3": "0.2 m",
        "tidetime4": "21:32 h",
        "tideheight4": "1.2 m",
        "coefficient": "101 very high"
    },
    {
        "day": "31 Sat",
        "time": "6:03 h 18:16 h",
        "tidetime1": "4:39 h",
        "tideheight1": "0.0 m",
        "tidetime2": "10:48 h",
        "tideheight2": "0.8 m",
        "tidetime3": "15:45 h",
        "tideheight3": "0.2 m",
        "tidetime4": "22:27 h",
        "tideheight4": "1.1 m",
        "coefficient": "102 very high"
    }
]