[
    {
        "day": "1 Sun",
        "time": "5:55 h 17:42 h",
        "tidetime1": "5:01 h",
        "tideheight1": "0.1 m",
        "tidetime2": "11:20 h",
        "tideheight2": "0.9 m",
        "tidetime3": "15:57 h",
        "tideheight3": "0.4 m",
        "tidetime4": "22:25 h",
        "tideheight4": "1.2 m",
        "coefficient": "83 high"
    },
    {
        "day": "2 Mon",
        "time": "5:55 h 17:42 h",
        "tidetime1": "5:45 h",
        "tideheight1": "0.1 m",
        "tidetime2": "12:16 h",
        "tideheight2": "0.9 m",
        "tidetime3": "16:03 h",
        "tideheight3": "0.4 m",
        "tidetime4": "22:47 h",
        "tideheight4": "1.3 m",
        "coefficient": "79 high"
    },
    {
        "day": "3 Tue",
        "time": "5:56 h 17:41 h",
        "tidetime1": "6:30 h",
        "tideheight1": "0.0 m",
        "tidetime2": "13:23 h",
        "tideheight2": "0.8 m",
        "tidetime3": "15:59 h",
        "tideheight3": "0.5 m",
        "tidetime4": "23:10 h",
        "tideheight4": "1.4 m",
        "coefficient": "73 high"
    },
    {
        "day": "4 Wed",
        "time": "5:56 h 17:41 h",
        "tidetime1": "7:17 h",
        "tideheight1": "0.0 m",
        "tidetime2": "23:37 h",
        "tideheight2": "1.4 m",
        "tidetime3": "no record",
        "tideheight3": "no record",
        "tidetime4": "no record",
        "tideheight4": "no record",
        "coefficient": "65 average"
    },
    {
        "day": "5 Thu",
        "time": "5:56 h 17:41 h",
        "tidetime1": "8:08 h",
        "tideheight1": "0.0 m",
        "tidetime2": "no record",
        "tideheight2": "no record",
        "tidetime3": "no record",
        "tideheight3": "no record",
        "tidetime4": "no record",
        "tideheight4": "no record",
        "coefficient": "55 average"
    },
    {
        "day": "6 Fri",
        "time": "5:56 h 17:41 h",
        "tidetime1": "0:07 h",
        "tideheight1": "1.4 m",
        "tidetime2": "9:06 h",
        "tideheight2": "0.0 m",
        "tidetime3": "no record",
        "tideheight3": "no record",
        "tidetime4": "no record",
        "tideheight4": "no record",
        "coefficient": "46 low"
    },
    {
        "day": "7 Sat",
        "time": "5:57 h 17:41 h",
        "tidetime1": "0:43 h",
        "tideheight1": "1.4 m",
        "tidetime2": "10:12 h",
        "tideheight2": "-0.1 m",
        "tidetime3": "no record",
        "tideheight3": "no record",
        "tidetime4": "no record",
        "tideheight4": "no record",
        "coefficient": "40 low"
    },
    {
        "day": "8 Sun",
        "time": "5:57 h 17:41 h",
        "tidetime1": "1:27 h",
        "tideheight1": "1.4 m",
        "tidetime2": "11:19 h",
        "tideheight2": "-0.1 m",
        "tidetime3": "no record",
        "tideheight3": "no record",
        "tidetime4": "no record",
        "tideheight4": "no record",
        "coefficient": "40 low"
    },
    {
        "day": "9 Mon",
        "time": "5:57 h 17:41 h",
        "tidetime1": "2:24 h",
        "tideheight1": "1.3 m",
        "tidetime2": "12:18 h",
        "tideheight2": "-0.1 m",
        "tidetime3": "no record",
        "tideheight3": "no record",
        "tidetime4": "no record",
        "tideheight4": "no record",
        "coefficient": "49 low"
    },
    {
        "day": "10 Tue",
        "time": "5:57 h 17:40 h",
        "tidetime1": "3:39 h",
        "tideheight1": "1.3 m",
        "tidetime2": "13:04 h",
        "tideheight2": "0.0 m",
        "tidetime3": "no record",
        "tideheight3": "no record",
        "tidetime4": "no record",
        "tideheight4": "no record",
        "coefficient": "63 average"
    },
    {
        "day": "11 Wed",
        "time": "5:58 h 17:40 h",
        "tidetime1": "5:13 h",
        "tideheight1": "1.2 m",
        "tidetime2": "13:39 h",
        "tideheight2": "0.0 m",
        "tidetime3": "21:07 h",
        "tideheight3": "0.9 m",
        "tidetime4": "no record",
        "tideheight4": "no record",
        "coefficient": "78 high"
    },
    {
        "day": "12 Thu",
        "time": "5:58 h 17:40 h",
        "tidetime1": "0:26 h",
        "tideheight1": "0.5 m",
        "tidetime2": "6:48 h",
        "tideheight2": "1.1 m",
        "tidetime3": "14:05 h",
        "tideheight3": "0.1 m",
        "tidetime4": "20:54 h",
        "tideheight4": "1.0 m",
        "coefficient": "93 very high"
    },
    {
        "day": "13 Fri",
        "time": "5:58 h 17:40 h",
        "tidetime1": "2:08 h",
        "tideheight1": "0.4 m",
        "tidetime2": "8:15 h",
        "tideheight2": "1.0 m",
        "tidetime3": "14:26 h",
        "tideheight3": "0.2 m",
        "tidetime4": "21:02 h",
        "tideheight4": "1.1 m",
        "coefficient": "104 very high"
    },
    {
        "day": "14 Sat",
        "time": "5:59 h 17:40 h",
        "tidetime1": "3:23 h",
        "tideheight1": "0.2 m",
        "tidetime2": "9:35 h",
        "tideheight2": "0.9 m",
        "tidetime3": "14:41 h",
        "tideheight3": "0.3 m",
        "tidetime4": "21:20 h",
        "tideheight4": "1.3 m",
        "coefficient": "109 very high"
    },
    {
        "day": "15 Sun",
        "time": "5:59 h 17:40 h",
        "tidetime1": "4:27 h",
        "tideheight1": "0.0 m",
        "tidetime2": "10:53 h",
        "tideheight2": "0.8 m",
        "tidetime3": "14:52 h",
        "tideheight3": "0.4 m",
        "tidetime4": "21:45 h",
        "tideheight4": "1.4 m",
        "coefficient": "108 very high"
    },
    {
        "day": "16 Mon",
        "time": "5:59 h 17:40 h",
        "tidetime1": "5:27 h",
        "tideheight1": "-0.2 m",
        "tidetime2": "12:17 h",
        "tideheight2": "0.7 m",
        "tidetime3": "14:55 h",
        "tideheight3": "0.4 m",
        "tidetime4": "22:17 h",
        "tideheight4": "1.6 m",
        "coefficient": "101 very high"
    },
    {
        "day": "17 Tue",
        "time": "6:00 h 17:40 h",
        "tidetime1": "6:27 h",
        "tideheight1": "-0.2 m",
        "tidetime2": "22:53 h",
        "tideheight2": "1.6 m",
        "tidetime3": "no record",
        "tideheight3": "no record",
        "tidetime4": "no record",
        "tideheight4": "no record",
        "coefficient": "89 high"
    },
    {
        "day": "18 Wed",
        "time": "6:00 h 17:40 h",
        "tidetime1": "7:26 h",
        "tideheight1": "-0.3 m",
        "tidetime2": "23:33 h",
        "tideheight2": "1.7 m",
        "tidetime3": "no record",
        "tideheight3": "no record",
        "tidetime4": "no record",
        "tideheight4": "no record",
        "coefficient": "75 high"
    },
    {
        "day": "19 Thu",
        "time": "6:01 h 17:40 h",
        "tidetime1": "8:26 h",
        "tideheight1": "-0.3 m",
        "tidetime2": "no record",
        "tideheight2": "no record",
        "tidetime3": "no record",
        "tideheight3": "no record",
        "tidetime4": "no record",
        "tideheight4": "no record",
        "coefficient": "61 average"
    },
    {
        "day": "20 Fri",
        "time": "6:01 h 17:40 h",
        "tidetime1": "0:16 h",
        "tideheight1": "1.6 m",
        "tidetime2": "9:28 h",
        "tideheight2": "-0.2 m",
        "tidetime3": "no record",
        "tideheight3": "no record",
        "tidetime4": "no record",
        "tideheight4": "no record",
        "coefficient": "49 low"
    },
    {
        "day": "21 Sat",
        "time": "6:01 h 17:40 h",
        "tidetime1": "1:03 h",
        "tideheight1": "1.5 m",
        "tidetime2": "10:30 h",
        "tideheight2": "-0.2 m",
        "tidetime3": "no record",
        "tideheight3": "no record",
        "tidetime4": "no record",
        "tideheight4": "no record",
        "coefficient": "42 low"
    },
    {
        "day": "22 Sun",
        "time": "6:02 h 17:41 h",
        "tidetime1": "1:55 h",
        "tideheight1": "1.4 m",
        "tidetime2": "11:27 h",
        "tideheight2": "-0.1 m",
        "tidetime3": "no record",
        "tideheight3": "no record",
        "tidetime4": "no record",
        "tideheight4": "no record",
        "coefficient": "41 low"
    },
    {
        "day": "23 Mon",
        "time": "6:02 h 17:41 h",
        "tidetime1": "2:54 h",
        "tideheight1": "1.3 m",
        "tidetime2": "12:16 h",
        "tideheight2": "0.0 m",
        "tidetime3": "no record",
        "tideheight3": "no record",
        "tidetime4": "no record",
        "tideheight4": "no record",
        "coefficient": "45 low"
    },
    {
        "day": "24 Tue",
        "time": "6:03 h 17:41 h",
        "tidetime1": "4:07 h",
        "tideheight1": "1.1 m",
        "tidetime2": "12:53 h",
        "tideheight2": "0.0 m",
        "tidetime3": "20:57 h",
        "tideheight3": "0.8 m",
        "tidetime4": "23:22 h",
        "tideheight4": "0.5 m",
        "coefficient": "52 average"
    },
    {
        "day": "25 Wed",
        "time": "6:03 h 17:41 h",
        "tidetime1": "5:36 h",
        "tideheight1": "1.0 m",
        "tidetime2": "13:20 h",
        "tideheight2": "0.1 m",
        "tidetime3": "20:33 h",
        "tideheight3": "0.9 m",
        "tidetime4": "no record",
        "tideheight4": "no record",
        "coefficient": "59 average"
    },
    {
        "day": "26 Thu",
        "time": "6:04 h 17:41 h",
        "tidetime1": "1:32 h",
        "tideheight1": "0.4 m",
        "tidetime2": "7:06 h",
        "tideheight2": "0.9 m",
        "tidetime3": "13:40 h",
        "tideheight3": "0.2 m",
        "tidetime4": "20:35 h",
        "tideheight4": "1.0 m",
        "coefficient": "66 average"
    },
    {
        "day": "27 Fri",
        "time": "6:04 h 17:41 h",
        "tidetime1": "2:48 h",
        "tideheight1": "0.3 m",
        "tidetime2": "8:25 h",
        "tideheight2": "0.8 m",
        "tidetime3": "13:56 h",
        "tideheight3": "0.3 m",
        "tidetime4": "20:46 h",
        "tideheight4": "1.1 m",
        "coefficient": "72 high"
    },
    {
        "day": "28 Sat",
        "time": "6:05 h 17:42 h",
        "tidetime1": "3:43 h",
        "tideheight1": "0.2 m",
        "tidetime2": "9:36 h",
        "tideheight2": "0.8 m",
        "tidetime3": "14:09 h",
        "tideheight3": "0.3 m",
        "tidetime4": "21:03 h",
        "tideheight4": "1.2 m",
        "coefficient": "76 high"
    },
    {
        "day": "29 Sun",
        "time": "6:05 h 17:42 h",
        "tidetime1": "4:29 h",
        "tideheight1": "0.1 m",
        "tidetime2": "10:43 h",
        "tideheight2": "0.7 m",
        "tidetime3": "14:19 h",
        "tideheight3": "0.3 m",
        "tidetime4": "21:25 h",
        "tideheight4": "1.3 m",
        "coefficient": "78 high"
    },
    {
        "day": "30 Mon",
        "time": "6:06 h 17:42 h",
        "tidetime1": "5:12 h",
        "tideheight1": "0.0 m",
        "tidetime2": "11:50 h",
        "tideheight2": "0.7 m",
        "tidetime3": "14:24 h",
        "tideheight3": "0.4 m",
        "tidetime4": "21:50 h",
        "tideheight4": "1.3 m",
        "coefficient": "79 high"
    }
]