[
    {
        "day": "1 Wed",
        "time": "6:19 h 18:16 h",
        "tidetime1": "6:42 h",
        "tideheight1": "0.0 m",
        "tidetime2": "12:42 h",
        "tideheight2": "0.7 m",
        "tidetime3": "17:43 h",
        "tideheight3": "0.1 m",
        "tidetime4": "no record",
        "tideheight4": "no record",
        "coefficient": "97 very high"
    },
    {
        "day": "2 Thu",
        "time": "6:19 h 18:16 h",
        "tidetime1": "0:25 h",
        "tideheight1": "1.1 m",
        "tidetime2": "7:02 h",
        "tideheight2": "0.1 m",
        "tidetime3": "13:06 h",
        "tideheight3": "0.8 m",
        "tidetime4": "18:48 h",
        "tideheight4": "0.1 m",
        "coefficient": "88 high"
    },
    {
        "day": "3 Fri",
        "time": "6:18 h 18:16 h",
        "tidetime1": "1:15 h",
        "tideheight1": "0.9 m",
        "tidetime2": "7:19 h",
        "tideheight2": "0.1 m",
        "tidetime3": "13:35 h",
        "tideheight3": "0.9 m",
        "tidetime4": "20:01 h",
        "tideheight4": "0.1 m",
        "coefficient": "76 high"
    },
    {
        "day": "4 Sat",
        "time": "6:18 h 18:16 h",
        "tidetime1": "2:13 h",
        "tideheight1": "0.8 m",
        "tidetime2": "7:31 h",
        "tideheight2": "0.2 m",
        "tidetime3": "14:11 h",
        "tideheight3": "1.0 m",
        "tidetime4": "21:28 h",
        "tideheight4": "0.1 m",
        "coefficient": "63 average"
    },
    {
        "day": "5 Sun",
        "time": "6:18 h 18:16 h",
        "tidetime1": "3:36 h",
        "tideheight1": "0.6 m",
        "tidetime2": "7:35 h",
        "tideheight2": "0.2 m",
        "tidetime3": "14:56 h",
        "tideheight3": "1.1 m",
        "tidetime4": "23:11 h",
        "tideheight4": "0.0 m",
        "coefficient": "53 average"
    },
    {
        "day": "6 Mon",
        "time": "6:17 h 18:16 h",
        "tidetime1": "15:53 h",
        "tideheight1": "1.2 m",
        "tidetime2": "no record",
        "tideheight2": "no record",
        "tidetime3": "no record",
        "tideheight3": "no record",
        "tidetime4": "no record",
        "tideheight4": "no record",
        "coefficient": "49 low"
    },
    {
        "day": "7 Tue",
        "time": "6:17 h 18:16 h",
        "tidetime1": "1:00 h",
        "tideheight1": "-0.1 m",
        "tidetime2": "17:03 h",
        "tideheight2": "1.2 m",
        "tidetime3": "no record",
        "tideheight3": "no record",
        "tidetime4": "no record",
        "tideheight4": "no record",
        "coefficient": "55 average"
    },
    {
        "day": "8 Wed",
        "time": "6:16 h 18:16 h",
        "tidetime1": "2:21 h",
        "tideheight1": "-0.1 m",
        "tidetime2": "18:18 h",
        "tideheight2": "1.3 m",
        "tidetime3": "no record",
        "tideheight3": "no record",
        "tidetime4": "no record",
        "tideheight4": "no record",
        "coefficient": "65 average"
    },
    {
        "day": "9 Thu",
        "time": "6:16 h 18:16 h",
        "tidetime1": "3:17 h",
        "tideheight1": "-0.2 m",
        "tidetime2": "19:29 h",
        "tideheight2": "1.3 m",
        "tidetime3": "no record",
        "tideheight3": "no record",
        "tidetime4": "no record",
        "tideheight4": "no record",
        "coefficient": "77 high"
    },
    {
        "day": "10 Fri",
        "time": "6:15 h 18:16 h",
        "tidetime1": "4:00 h",
        "tideheight1": "-0.2 m",
        "tidetime2": "11:20 h",
        "tideheight2": "0.6 m",
        "tidetime3": "12:11 h",
        "tideheight3": "0.3 m",
        "tidetime4": "20:32 h",
        "tideheight4": "1.3 m",
        "coefficient": "86 high"
    },
    {
        "day": "11 Sat",
        "time": "6:14 h 18:16 h",
        "tidetime1": "4:34 h",
        "tideheight1": "-0.1 m",
        "tidetime2": "11:04 h",
        "tideheight2": "0.6 m",
        "tidetime3": "14:00 h",
        "tideheight3": "0.2 m",
        "tidetime4": "21:27 h",
        "tideheight4": "1.3 m",
        "coefficient": "93 very high"
    },
    {
        "day": "12 Sun",
        "time": "6:14 h 18:16 h",
        "tidetime1": "5:04 h",
        "tideheight1": "-0.1 m",
        "tidetime2": "11:14 h",
        "tideheight2": "0.7 m",
        "tidetime3": "15:13 h",
        "tideheight3": "0.2 m",
        "tidetime4": "22:16 h",
        "tideheight4": "1.2 m",
        "coefficient": "96 very high"
    },
    {
        "day": "13 Mon",
        "time": "6:13 h 18:16 h",
        "tidetime1": "5:29 h",
        "tideheight1": "0.0 m",
        "tidetime2": "11:31 h",
        "tideheight2": "0.7 m",
        "tidetime3": "16:14 h",
        "tideheight3": "0.2 m",
        "tidetime4": "23:02 h",
        "tideheight4": "1.1 m",
        "coefficient": "95 very high"
    },
    {
        "day": "14 Tue",
        "time": "6:13 h 18:16 h",
        "tidetime1": "5:52 h",
        "tideheight1": "0.0 m",
        "tidetime2": "11:50 h",
        "tideheight2": "0.8 m",
        "tidetime3": "17:09 h",
        "tideheight3": "0.1 m",
        "tidetime4": "23:45 h",
        "tideheight4": "1.1 m",
        "coefficient": "90 very high"
    },
    {
        "day": "15 Wed",
        "time": "6:12 h 18:16 h",
        "tidetime1": "6:13 h",
        "tideheight1": "0.1 m",
        "tidetime2": "12:11 h",
        "tideheight2": "0.9 m",
        "tidetime3": "18:02 h",
        "tideheight3": "0.1 m",
        "tidetime4": "no record",
        "tideheight4": "no record",
        "coefficient": "84 high"
    },
    {
        "day": "16 Thu",
        "time": "6:12 h 18:16 h",
        "tidetime1": "0:28 h",
        "tideheight1": "1.0 m",
        "tidetime2": "6:32 h",
        "tideheight2": "0.2 m",
        "tidetime3": "12:33 h",
        "tideheight3": "0.9 m",
        "tidetime4": "18:55 h",
        "tideheight4": "0.1 m",
        "coefficient": "74 high"
    },
    {
        "day": "17 Fri",
        "time": "6:11 h 18:16 h",
        "tidetime1": "1:13 h",
        "tideheight1": "0.9 m",
        "tidetime2": "6:47 h",
        "tideheight2": "0.2 m",
        "tidetime3": "12:59 h",
        "tideheight3": "1.0 m",
        "tidetime4": "19:51 h",
        "tideheight4": "0.1 m",
        "coefficient": "64 average"
    },
    {
        "day": "18 Sat",
        "time": "6:11 h 18:16 h",
        "tidetime1": "2:03 h",
        "tideheight1": "0.8 m",
        "tidetime2": "6:57 h",
        "tideheight2": "0.3 m",
        "tidetime3": "13:27 h",
        "tideheight3": "1.0 m",
        "tidetime4": "20:53 h",
        "tideheight4": "0.1 m",
        "coefficient": "52 average"
    },
    {
        "day": "19 Sun",
        "time": "6:10 h 18:16 h",
        "tidetime1": "3:08 h",
        "tideheight1": "0.7 m",
        "tidetime2": "6:56 h",
        "tideheight2": "0.3 m",
        "tidetime3": "14:02 h",
        "tideheight3": "1.0 m",
        "tidetime4": "22:07 h",
        "tideheight4": "0.1 m",
        "coefficient": "42 low"
    },
    {
        "day": "20 Mon",
        "time": "6:10 h 18:16 h",
        "tidetime1": "14:45 h",
        "tideheight1": "1.1 m",
        "tidetime2": "23:35 h",
        "tideheight2": "0.1 m",
        "tidetime3": "no record",
        "tideheight3": "no record",
        "tidetime4": "no record",
        "tideheight4": "no record",
        "coefficient": "34 low"
    },
    {
        "day": "21 Tue",
        "time": "6:09 h 18:16 h",
        "tidetime1": "15:42 h",
        "tideheight1": "1.1 m",
        "tidetime2": "no record",
        "tideheight2": "no record",
        "tidetime3": "no record",
        "tideheight3": "no record",
        "tidetime4": "no record",
        "tideheight4": "no record",
        "coefficient": "35 low"
    },
    {
        "day": "22 Wed",
        "time": "6:08 h 18:16 h",
        "tidetime1": "1:03 h",
        "tideheight1": "0.0 m",
        "tidetime2": "16:55 h",
        "tideheight2": "1.1 m",
        "tidetime3": "no record",
        "tideheight3": "no record",
        "tidetime4": "no record",
        "tideheight4": "no record",
        "coefficient": "41 low"
    },
    {
        "day": "23 Thu",
        "time": "6:08 h 18:16 h",
        "tidetime1": "2:10 h",
        "tideheight1": "0.0 m",
        "tidetime2": "18:12 h",
        "tideheight2": "1.1 m",
        "tidetime3": "no record",
        "tideheight3": "no record",
        "tidetime4": "no record",
        "tideheight4": "no record",
        "coefficient": "53 average"
    },
    {
        "day": "24 Fri",
        "time": "6:07 h 18:16 h",
        "tidetime1": "2:58 h",
        "tideheight1": "0.0 m",
        "tidetime2": "19:21 h",
        "tideheight2": "1.1 m",
        "tidetime3": "no record",
        "tideheight3": "no record",
        "tidetime4": "no record",
        "tideheight4": "no record",
        "coefficient": "67 average"
    },
    {
        "day": "25 Sat",
        "time": "6:07 h 18:16 h",
        "tidetime1": "3:35 h",
        "tideheight1": "0.0 m",
        "tidetime2": "10:29 h",
        "tideheight2": "0.7 m",
        "tidetime3": "12:49 h",
        "tideheight3": "0.3 m",
        "tidetime4": "20:20 h",
        "tideheight4": "1.2 m",
        "coefficient": "81 high"
    },
    {
        "day": "26 Sun",
        "time": "6:06 h 18:16 h",
        "tidetime1": "4:05 h",
        "tideheight1": "0.0 m",
        "tidetime2": "10:28 h",
        "tideheight2": "0.7 m",
        "tidetime3": "14:09 h",
        "tideheight3": "0.3 m",
        "tidetime4": "21:13 h",
        "tideheight4": "1.2 m",
        "coefficient": "94 very high"
    },
    {
        "day": "27 Mon",
        "time": "6:06 h 18:16 h",
        "tidetime1": "4:32 h",
        "tideheight1": "0.0 m",
        "tidetime2": "10:40 h",
        "tideheight2": "0.7 m",
        "tidetime3": "15:13 h",
        "tideheight3": "0.2 m",
        "tidetime4": "22:03 h",
        "tideheight4": "1.2 m",
        "coefficient": "104 very high"
    },
    {
        "day": "28 Tue",
        "time": "6:05 h 18:16 h",
        "tidetime1": "4:56 h",
        "tideheight1": "0.0 m",
        "tidetime2": "10:56 h",
        "tideheight2": "0.8 m",
        "tidetime3": "16:12 h",
        "tideheight3": "0.1 m",
        "tidetime4": "22:54 h",
        "tideheight4": "1.1 m",
        "coefficient": "108 very high"
    },
    {
        "day": "29 Wed",
        "time": "6:04 h 18:16 h",
        "tidetime1": "5:17 h",
        "tideheight1": "0.1 m",
        "tidetime2": "11:16 h",
        "tideheight2": "0.9 m",
        "tidetime3": "17:10 h",
        "tideheight3": "0.0 m",
        "tidetime4": "23:46 h",
        "tideheight4": "1.0 m",
        "coefficient": "108 very high"
    },
    {
        "day": "30 Thu",
        "time": "6:04 h 18:16 h",
        "tidetime1": "5:35 h",
        "tideheight1": "0.2 m",
        "tidetime2": "11:40 h",
        "tideheight2": "1.0 m",
        "tidetime3": "18:10 h",
        "tideheight3": "0.0 m",
        "tidetime4": "no record",
        "tideheight4": "no record",
        "coefficient": "102 very high"
    },
    {
        "day": "31 Fri",
        "time": "6:03 h 18:16 h",
        "tidetime1": "0:42 h",
        "tideheight1": "0.9 m",
        "tidetime2": "5:51 h",
        "tideheight2": "0.2 m",
        "tidetime3": "12:08 h",
        "tideheight3": "1.1 m",
        "tidetime4": "19:13 h",
        "tideheight4": "-0.1 m",
        "coefficient": "91 very high"
    }
]